SEBI REPORT AS ON Reporting date 30-OCT-2024,,,
,,,
,,,
Sr.No.,Particulars,Rs. In Lakhs ,
1,Scripwise Total Outstanding on the beginning of the day,7631326.36,
2,Fresh Exposure taken during the day,480442.42,
3,Exposure liquidated during the day,417086.87,
4,Net scripwise outstanding at the end of the day,7694681.91,
,,,
,,,
Symbol,Name,Qty Fin by all the members(No.of Shares),Amt Fin by all the members(Rs. In Lakhs)
20MICRONS,20 MICRONS LTD,500,1.65
360ONE,360 ONE WAM LIMITED,533654,5314.75
3IINFOLTD,3I INFOTECH LIMITED,1565526,450.38
3MINDIA,3M INDIA LIMITED,5033,1650.30
5PAISA,5PAISA CAPITAL LIMITED,99658,438.87
63MOONS,63 MOONS TECHNOLOGIES LTD,152069,739.75
AADHARHFC,AADHAR HOUSING FINANCE L,163346,653.48
AARON,AARON INDUSTRIES LIMITED,631,1.71
AARTECH,AARTECH SOLONICS LIMITED,2645,2.02
AARTIDRUGS,AARTI DRUGS LTD.,379801,2007.68
AARTIIND,AARTI INDUSTRIES LTD,2522138,14083.18
AARTIPHARM,AARTI PHARMALABS LIMITED,241411,1341.16
AARTISURF,AARTI SURFACTANTS LIMITED,2883,19.51
AARVI,AARVI ENCON LIMITED,25,0.03
AAVAS,AAVAS FINANCIERS LIMITED,205229,3341.10
ABAN,ABAN OFFSHORE LTD.,7447,5.19
ABB,ABB INDIA LIMITED,154141,11165.48
ABBOTINDIA,ABBOTT INDIA LIMITED,3894,977.43
ABCAPITAL,ADITYA BIRLA CAPITAL LTD.,8266791,17279.07
ABDL,ALLIED BLEND N DISTILS L,1063895,3138.51
ABFRL,ADITYA BIRLA FASHION & RT,5575280,17376.65
ABREL,ADITYA BIRLA REAL EST LTD,306769,6868.49
ABSLAMC,ADIT BIRL SUN LIF AMC LTD,379508,2550.27
ABSLBANETF,BIRLASLAMC - ABSLBANETF,49024,23.62
ABSLLIQUID,BIRLASLAMC - ABSLLIQUID,10,0.10
ABSLNN50ET,BIRLASLAMC - ABSLNN50ET,247807,191.54
ABSLPSE,BIRLASLAMC-ABSLPSE,263311,22.37
ACC,ACC LIMITED,374174,8379.33
ACCELYA,ACCELYA SOLN INDIA LTD,129700,1993.05
ACE,ACTION CONST EQUIP LTD,518399,6107.13
ACI,ARCHEAN CHEMICAL IND LTD,1051333,6080.78
ACL,ANDHRA CEMENTS LIMITED,119273,104.67
ACLGATI,ALLCARGO GATI LIMITED,1713239,1671.39
ADANIENSOL,ADANI ENERGY SOLUTION LTD,1646316,15362.39
ADANIENT,ADANI ENTERPRISES LIMITED,931092,25192.03
ADANIGREEN,ADANI GREEN ENERGY LTD,736659,11635.09
ADANIPORTS,ADANI PORT & SEZ LTD,1807726,21980.34
ADANIPOWER,ADANI POWER LTD,2462732,13978.93
ADFFOODS,ADF FOODS LIMITED,641701,1669.92
ADORWELD,ADOR WELDING LTD,32147,380.22
ADSL,ALLIED DIGITAL SERV. LTD,121820,267.29
ADVANIHOTR,ADVANI HOT.& RES.(I) LTD,46248,26.83
ADVENZYMES,ADVANCED ENZYME TECH LTD,356752,1581.55
AEGISLOG,AEGIS LOGISTICS LIMITED,183006,841.93
AEROFLEX,AEROFLEX INDUSTRIES LTD,1471157,2260.32
AETHER,AETHER INDUSTRIES LIMITED,105265,872.70
AFFLE,AFFLE (INDIA) LIMITED,332214,4785.08
AFIL,AKME FINTRADE (INDIA) LTD,12730,14.04
AGARIND,AGARWAL INDS CORP LTD.,72064,700.84
AGI,AGI GREENPAC LIMITED,661767,5463.31
AGIIL,AGI INFRA LIMITED,160,1.66
AGRITECH,AGRI-TECH (INDIA) LIMITED,1188,2.53
AGROPHOS,AGRO PHOS INDIA LIMITED,3550,1.61
AGSTRA,AGS TRANSACT TECH LTD,821418,795.52
AHL,ABANS HOLDINGS LIMITED,324943,1570.89
AHLADA,AHLADA ENGINEERS LIMITED,6050,7.42
AHLEAST,ASIAN HOTELS (EAST) LTD,2313,3.91
AHLUCONT,AHLUWALIA CONT IND LTD,285563,3223.14
AIAENG,AIA ENGINEERING LIMITED,24911,975.49
AIIL,AUTHUM INVEST & INFRA LTD,6327,105.73
AIRAN,AIRAN LIMITED,37,0.01
AIROLAM,AIRO LAM LIMITED,1014,1.52
AJANTPHARM,AJANTA PHARMA LIMITED,34501,1020.44
AJMERA,AJMERA REALTY & INF I LTD,28980,229.97
AKG,AKG EXIM LIMITED,1000,0.22
AKSHARCHEM,AKSHARCHEM INDIA LIMITED,2450,8.55
AKSHOPTFBR,AKSH OPTIFIBRE LIMITED,30583,3.12
AKUMS,AKUMS DRUGS AND PHARMA L,107458,899.21
AKZOINDIA,AKZO NOBEL INDIA LIMITED,7872,284.19
ALANKIT,ALANKIT LIMITED,8395,2.38
ALBERTDAVD,ALBERT DAVID LIMITED,314,5.15
ALEMBICLTD,ALEMBIC LIMITED,2758928,3690.70
ALICON,ALICON CASTALLOY LIMITED,11167,120.43
ALKALI,ALKALI METALS LTD,1330,1.75
ALKEM,ALKEM LABORATORIES LTD.,24270,1417.70
ALKYLAMINE,ALKYL AMINES CHEM. LTD,196915,4068.12
ALLCARGO,ALLCARGO LOGISTICS LTD,8602736,5417.62
ALLDIGI,ALLDIGI TECH LIMITED,35569,266.36
ALMONDZ,ALMONDZ GLOBAL SEC LTD,100,0.12
ALOKINDS,ALOK INDUSTRIES LIMITED,4035291,1045.03
ALPA,ALPA LABORATORIES LTD,1000,1.19
ALPHA,KOTAKMAMC - KOTAKALPHA,2804916,1448.89
ALPHAETF,MIRAEAMC - ALPHAETF,2458160,646.74
ALPHAGEO,ALPHAGEO (INDIA) LIMITED,250,0.95
ALPL30IETF,ICICIPRAMC - ICICIALPLV,679881,194.98
AMBER,AMBER ENTERPRISES (I) LTD,142985,7519.47
AMBIKCO,AMBIKA COTTON MILL LTD.,17603,238.28
AMBUJACEM,AMBUJA CEMENTS LTD,2107138,11815.99
AMDIND,AMD INDUSTRIES LIMITED,4,0.00
AMIORG,AMI ORGANICS LIMITED,253583,3667.37
AMJLAND,AMJ LAND HOLDINGS LIMITED,10141,4.95
AMNPLST,AMINES & PLASTICIZERS LTD,8520,22.52
AMRUTANJAN,AMRUTAJAN HEALTH LTD,69563,501.57
ANANDRATHI,ANAND RATHI WEALTH LTD,40302,1310.17
ANANTRAJ,ANANT RAJ LIMITED,2139304,13860.56
ANDHRAPAP,ANDHRA PAPER LIMITED,367573,375.61
ANDHRSUGAR,ANDHRA SUGARS LTD,1375372,1465.43
ANGELONE,ANGEL ONE LIMITED,743152,19424.10
ANMOL,ANMOL INDIA LIMITED,3195,1.50
ANUP,THE ANUP ENGINEERING LTD,26428,609.19
ANURAS,ANUPAM RASAYAN INDIA LTD,1727665,13249.13
APARINDS,APAR INDUSTRIES LTD.,45660,3669.50
APCL,ANJANI PORTLAND CEM LTD,40612,50.99
APCOTEXIND,APCOTEX INDUSTRIES LIMITE,76322,311.09
APEX,APEX FROZEN FOODS LIMITED,199809,464.21
APLAPOLLO,APL APOLLO TUBES LTD,306955,4331.29
APLLTD,ALEMBIC PHARMA LTD,171147,1641.65
APOLLO,APOLLO MICRO SYSTEMS LTD,1348503,1226.82
APOLLOHOSP,APOLLO HOSPITALS ENTER. L,43869,2851.54
APOLLOPIPE,APOLLO PIPES LIMITED,246005,1478.38
APOLLOTYRE,APOLLO TYRES LTD,817749,3906.63
APOLSINHOT,APOLLO SINDOORI HOTEL LTD,520,9.41
APTECHT,APTECH LIMITED,1002357,2297.81
APTUS,APTUS VALUE HSG FIN I LTD,1164310,3909.12
ARE&M,AMARA RAJA ENERGY MOB LTD,678030,8502.49
ARIES,ARIES AGRO LTD.,63081,173.91
ARIHANTCAP,ARIHANT CAPITAL MKTS LTD,588744,517.38
ARIHANTSUP,ARIHANT SUPERSTRUCT LTD,41938,129.79
ARMANFIN,ARMAN FIN SERV LTD,36836,578.38
AROGRANITE,ARO GRANITE IND. LTD.,3072,1.90
ARROWGREEN,ARROW GREENTECH LIMITED,8663,73.57
ARTEMISMED,ARTEMIS MED SERVICE LTD,29374,74.44
ARVIND,ARVIND LIMITED,572553,1918.72
ARVINDFASN,ARVIND FASHIONS LIMITED,546147,2941.30
ARVSMART,ARVIND SMARTSPACES LTD,46247,348.79
ASAHIINDIA,ASAHI INDIA GLASS LIMITED,152336,1026.91
ASAHISONG,ASAHI SONGWON COLOR LTD,1,0.00
ASAL,AUTOMOTIVE STAMPINGS & AS,63277,447.42
ASALCBR,ASSO ALCOHOLS & BREW LTD,129229,938.42
ASHAPURMIN,ASHAPURA MINECHEM LTD,526191,1728.62
ASHIANA,ASHIANA HOUSING LTD,163448,474.61
ASHOKA,ASHOKA BUILDCON LTD,3708326,7807.94
ASHOKLEY,ASHOK LEYLAND LTD,5694031,11972.07
ASIANENE,ASIAN ENERGY SERVICES LTD,39305,143.02
ASIANPAINT,ASIAN PAINTS LIMITED,420865,12103.60
ASIANTILES,ASIAN GRANITO IND. LTD.,1246885,918.58
ASKAUTOLTD,ASK AUTOMOTIVE LIMITED,288909,1065.94
ASMS,BARTRONICS INDIA LIMITED,286972,60.10
ASPINWALL,ASPINWALL & CO LTD,547,1.67
ASTEC,ASTEC LIFESCIENCES LTD,135281,1406.12
ASTERDM,ASTER DM HEALTHCARE LTD.,920136,4096.29
ASTRAL,ASTRAL LIMITED,450082,8438.90
ASTRAMICRO,ASTRA MICROWAVE LTD,1280659,8713.88
ASTRAZEN,ASTRAZENECA PHARMA IND LT,24246,1592.58
ATAM,ATAM VALVES LIMITED,230,0.35
ATFL,AGRO TECH FOODS LIMITED,95268,743.94
ATGL,ADANI TOTAL GAS LIMITED,945338,6385.76
ATL,ALLCARGO TERMINALS LTD,1736593,770.65
ATUL,ATUL LTD,34636,2494.66
ATULAUTO,ATUL AUTO LIMITED,16038,105.28
AUBANK,AU SMALL FINANCE BANK LTD,854111,5225.66
AURIONPRO,AURIONPRO SOLN LTD,2054,26.47
AUROPHARMA,AUROBINDO PHARMA LTD,194363,2506.80
AURUM,AURUM PROPTECH LIMITED,115,0.22
AUTOAXLES,AUTOMOTIVE AXLES LIMITED,55785,1052.78
AUTOBEES,NIPPONAMC - NETFAUTO,249234,541.57
AUTOIETF,ICICIPRAMC - ICICIAUTO,1552275,347.41
AUTOIND,AUTOLINE INDUSTRIES LTD,65469,78.88
AVADHSUGAR,AVADH SUG & ENERGY LTD,324078,2162.35
AVALON,AVALON TECHNOLOGIES LTD,189262,937.31
AVANTEL,AVANTEL LIMITED,318565,419.70
AVANTIFEED,AVANTI FEEDS LIMITED,896849,5455.45
AVG,AVG LOGISTICS LIMITED,8691,37.34
AVONMORE,AVONMORE CAP&MGT SERV LTD,15000,1.61
AVROIND,AVRO INDIA LIMITED,759,1.13
AVTNPL,AVT NATURAL PRODUCTS LTD,198641,137.51
AWFIS,AWFIS SPACE SOLUTIONS LTD,147705,959.98
AWHCL,ANTONY WASTE HDG CELL LTD,215729,1490.54
AWL,ADANI WILMAR LIMITED,3530465,10972.39
AXISBANK,AXIS BANK LIMITED,1305152,14375.54
AXISBNKETF,AXISAMC - AXISBNKETF,521,2.75
AXISBPSETF,AXISAMC - AXISBPSETF,14513,1.74
AXISCADES,AXISCADES TECH LTD,439313,2424.38
AXISCETF,AXISAMC - AXISCETF,13912,17.66
AXISGOLD,AXIS MF - AXIS GOLD ETF,46544,24.59
AXISHCETF,AXISAMC - AXISHCETF,1726,2.52
AXISILVER,AXISAMC - AXISILVER,25618,24.30
AXISNIFTY,AXISAMC - AXISNIFTY,15949,41.31
AXISTECETF,AXISAMC - AXISTECETF,13399,54.93
AXITA,AXITA COTTON LIMITED,51552,8.93
AXSENSEX,AXISAMC - AXSENSEX,5524,4.62
AYMSYNTEX,AYM SYNTEX LIMITED,500,0.51
AZAD,AZAD ENGINEERING LIMITED,131506,1805.77
BAIDFIN,BAID FINSERV LIMITED,5000,0.85
BAJAJ-AUTO,BAJAJ AUTO LIMITED,171467,16495.28
BAJAJCON,BAJAJ CONSUMER CARE LTD,733459,1753.34
BAJAJELEC,BAJAJ ELECT.LTD,81502,714.43
BAJAJFINSV,BAJAJ FINSERV LTD.,572552,9776.73
BAJAJHCARE,BAJAJ HEALTHCARE LIMITED,426856,1609.34
BAJAJHFL,BAJAJ HOUSING FINANCE LTD,3756278,4496.35
BAJAJHIND,BAJAJ HINDUSTHAN SUGAR LT,11030119,4087.25
BAJAJHLDNG,BAJAJ HOLDINGS & INVS LTD,12271,1149.47
BAJEL,BAJEL PROJECTS LIMITED,92342,195.06
BAJFINANCE,BAJAJ FINANCE LIMITED,624251,41262.81
BALAJEE,SHREE TIRUPATI BALAJEE L,13705,9.00
BALAJITELE,BALAJI TELEFILMS LTD.,246639,189.59
BALAMINES,BALAJI AMINES LIMITED,172133,3736.80
BALAXI,BALAXI PHARMA LTD,4202,3.53
BALKRISIND,BALKRISHNA IND. LTD,86785,2471.47
BALMLAWRIE,BALMER LAWRIE & CO LTD,1613457,3961.74
BALPHARMA,BAL PHARMA LTD.,8101,12.18
BALRAMCHIN,BALRAMPUR CHINI MILLS LTD,1033069,5780.64
BALUFORGE,BALU FORGE INDUSTRIES LTD,212307,1403.58
BANARBEADS,BANARAS BEADS LTD,724,0.95
BANARISUG,BANNARI AMMAN SUGARS LTD,537,17.99
BANCOINDIA,BANCO PRODUCTS (I) LTD,171645,1072.01
BANDHANBNK,BANDHAN BANK LIMITED,22282635,40074.70
BANKBARODA,BANK OF BARODA,14185790,32599.24
BANKBEES,NIP IND ETF BANK BEES,623433,2638.47
BANKBETF,BFAM - BANKBETF,35990,18.68
BANKETF,MIRAEAMC - BANKETF,779,4.05
BANKETFADD,DSPAMC - DSPBANKETF,2584,1.31
BANKIETF,ICICIPRAMC - IPRU5008,190616,77.95
BANKINDIA,BANK OF INDIA,26502952,30034.28
BANKNIFTY1,KOTAKMAMC-KOTAKBKETF,26883,129.38
BANSALWIRE,BANSAL WIRE INDUSTRIES L,110416,381.61
BANSWRAS,BANSWARA SYNTEX LIMITED,19765,23.22
BARBEQUE,BARBEQUE NATION HOSP. LTD,71172,411.06
BASF,BASF INDIA LTD,69176,3606.43
BASML,BANNARI AM SPIN MILL LTD.,3727,2.34
BATAINDIA,BATA INDIA LTD,323612,4361.02
BAYERCROP,BAYER CROPSCIENCE LTD,16309,1012.52
BBETF0432,EDELAMC - BBETF0432,201,2.43
BBL,BHARAT BIJLEE LTD,41198,1494.55
BBOX,BLACK BOX LIMITED,14869,63.96
BBTC,BOMBAY BURMAH TRADING COR,153615,3540.45
BCG,BRIGHTCOM GROUP LIMITED,20000,3.67
BCLIND,BCL INDUSTRIES LIMITED,2142275,1040.89
BCONCEPTS,BRAND CONCEPTS LIMITED,12473,70.35
BDL,BHARAT DYNAMICS LIMITED,2627572,32934.71
BEARDSELL,BEARDSELL LIMITED,319,0.14
BECTORFOOD,MRS BECTORS FOOD SPE LTD,86508,1376.71
BEL,BHARAT ELECTRONICS LTD,42068747,114588.14
BEML,BEML LIMITED,729836,28738.10
BEPL,BHANSALI ENG. POLYMERS LT,3046834,4170.62
BERGEPAINT,BERGER PAINTS (I) LTD,403438,2151.53
BESTAGRO,BEST AGROLIFE LIMITED,555116,3121.13
BFINVEST,BF INVESTMENT LIMITED,80229,417.93
BFSI,MIRAEAMC - MAFSETF,398819,85.97
BFUTILITIE,BF UTILITIES LIMITED,294017,2531.72
BGRENERGY,BGR ENERGY SYSTEMS LTD,8233,4.03
BHAGCHEM,BHAGIRADHA CHEM & INDS L,115100,315.05
BHAGERIA,BHAGERIA INDUSTRIES LTD,2069,4.87
BHAGYANGR,BHAGYANAGAR INDIA LIMITED,10343,10.99
BHANDARI,BHANDARI HOSIERY EXP LTD,17000,1.14
BHARATFORG,BHARAT FORGE LTD,914271,13341.97
BHARATGEAR,BHARAT GEARS LTD.,5058,7.12
BHARATRAS,BHARAT RASAYAN LTD,12409,1271.98
BHARATWIRE,BHARAT WIRE ROPES LTD.,358861,821.99
BHARTIARTL,BHARTI AIRTEL LIMITED,1212275,19578.13
BHARTIHEXA,BHARTI HEXACOM LIMITED,39335,464.11
BHEL,BHEL,22513030,56163.05
BIGBLOC,BIGBLOC CONSTRUCTION LTD,167254,247.29
BIKAJI,BIKAJI FOODS INTERN LTD,341366,2804.81
BIOCON,BIOCON LIMITED.,4498968,14825.72
BIOFILCHEM,BIOFIL CHEM & PHARMA LTD,6334,4.31
BIRLACABLE,BIRLA CABLE LIMITED,97703,232.39
BIRLACORPN,BIRLA CORPORATION LTD,373137,4894.06
BLAL,BEML LAND ASSETS LIMITED,534243,1380.19
BLISSGVS,BLISS GVS PHARMA LTD,591330,741.06
BLKASHYAP,B.L.KASHYAP & SON LTD,499656,396.96
BLS,BLS INTL SERVS LTD,3286003,11432.08
BLSE,BLS E-SERVICES LIMITED,897995,1996.01
BLUEDART,BLUE DART EXPRESS LTD,15153,1021.18
BLUEJET,BLUE JET HEALTHCARE LTD,244158,1087.97
BLUESTARCO,BLUE STAR LIMITED,99790,1649.88
BODALCHEM,BODAL CHEMICALS LTD,1922864,1509.47
BOMDYEING,BOMBAY DYEING & MFG. CO L,4829876,8777.73
BOROLTD,BOROSIL LIMITED,259028,1030.27
BORORENEW,BOROSIL RENEWABLES LTD,1919160,9146.82
BOROSCI,BOROSIL SCIENTIFIC LTD,96231,158.81
BOSCHLTD,BOSCH LIMITED,5318,1807.71
BPCL,BHARAT PETROLEUM CORP  LT,4281354,13710.86
BPL,BPL LTD,512,0.62
BRIGADE,BRIGADE ENTER. LTD,110667,1343.40
BRITANNIA,BRITANNIA INDUSTRIES LTD,44144,2403.57
BRNL,BHARAT ROAD NETWORK LTD,3600,1.68
BSE,BSE LIMITED,1162363,43547.96
BSE500IETF,ICICIPRAMC - ICICI500,591420,220.20
BSHSL,BOMBAY SUPER HYBRID SEEDS,3694,7.14
BSL,BSL LTD,2050,4.45
BSLGOLDETF,ADITYBIRLA SL GOLD ETF-GR,22950,9.23
BSLNIFTY,ADITYBIRLA SL NIF ETF-GR,487469,137.61
BSLSENETFG,BIRLASLAMC - BSLSENETFG,4338,3.51
BSOFT,BIRLASOFT LIMITED,4983799,29600.51
BTML,BODHI TREE MULTIMEDIA LTD,100,0.02
BUTTERFLY,BTRFLY GANDHI APPL LTD,20478,176.13
BYKE,THE BYKE HOSPITALITY LTD,2690,1.77
CAMLINFINE,CAMLIN FINE SCIENCES LTD,3045779,3210.80
CAMPUS,CAMPUS ACTIVEWEAR LIMITED,914057,2681.86
CAMS,COMPUTER AGE MNGT SER LTD,254052,10171.35
CANBK,CANARA BANK,53301296,53713.92
CANFINHOME,CAN FIN HOMES LTD,463988,3816.33
CANTABIL,CANTABIL RETAIL LTD,549680,1226.23
CAPACITE,CAPACITE INFRAPROJECT LTD,1175665,3858.44
CAPITALSFB,CAPITAL SMALL FIN BANK L,295771,904.47
CAPLIPOINT,CAPLIN POINT LAB LTD.,129186,2137.28
CAPTRUST,CAPITAL TRUST LIMITED,100,0.13
CARBORUNIV,CARBORUNDUM UNIVERSAL LTD,96653,1404.61
CAREERP,CAREER POINT LIMITED,560,2.67
CARERATING,CARE RATINGS LIMITED,65423,804.67
CARTRADE,CARTRADE TECH LIMITED,108833,964.27
CARYSIL,CARYSIL LIMITED,215661,1750.91
CASTROLIND,CASTROL INDIA LIMITED,16910579,33448.35
CCL,CCL PRODUCTS (I) LTD,250022,1631.46
CDSL,CENTRAL DEPO SER (I) LTD,4386959,58979.79
CEATLTD,CEAT LIMITED,85092,2264.69
CEIGALL,CEIGALL INDIA LIMITED,101711,323.99
CELLO,CELLO WORLD LIMITED,124730,918.52
CENTENKA,CENTURY ENKA LTD,119825,757.76
CENTRALBK,CENTRAL BANK OF INDIA,25871033,14591.88
CENTRUM,CENTRUM CAPITAL LIMITED,562061,195.44
CENTUM,CENTUM ELECTRONICS LTD,37831,592.45
CENTURYPLY,CENTURY PLYBOARDS (I) LTD,97401,799.87
CERA,CERA SANITARYWARE LTD,29445,2312.63
CESC,CESC LTD,4784608,7661.20
CGCL,CAPRI GLOBAL CAPITAL LTD,252234,532.17
CGPOWER,CG POWER AND IND SOL LTD,3266977,22521.91
CHALET,CHALET HOTELS LIMITED,132224,1051.30
CHAMBLFERT,CHAMBAL FERTILIZERS LTD,1824456,8260.89
CHEMBOND,CHEMBOND CHEMICALS LTD,45615,237.69
CHEMCON,CHEMCON SPECIAL CHEM LTD,196974,502.38
CHEMFAB,CHEMFAB ALKALIS LIMITED,11714,87.22
CHEMPLASTS,CHEMPLAST SANMAR LIMITED,299895,1483.26
CHENNPETRO,CHENNAI PETROLEUM CORP LT,1241335,9951.18
CHEVIOT,CHEVIOT COMPANY LIMITED,3376,46.67
CHOICEIN,CHOICE INTERNATIONAL LTD,313790,1055.28
CHOLAFIN,CHOLAMANDALAM IN & FIN CO,294932,3893.05
CHOLAHLDNG,CHOLAMANDALAM FIN HOL LTD,73117,939.06
CIEINDIA,CIE AUTOMOTIVE INDIA LTD,288123,1426.12
CIGNITITEC,CIGNITI TECHNOLOGIES LTD,161746,1938.93
CINELINE,CINELINE INDIA LIMITED,1140,1.30
CIPLA,CIPLA LTD,595341,8281.17
CLEAN,CLEAN SCIENCE & TECH LTD,535125,8081.69
CLEDUCATE,CL EDUCATE LIMITED,239,0.30
CLSEL,CHAMAN LAL SETIA EXP LTD,56398,140.96
CMSINFO,CMS INFO SYSTEMS LIMITED,573738,2700.49
COALINDIA,COAL INDIA LTD,7403036,32005.19
COASTCORP,COASTAL CORPORATION LTD,375,1.05
COCHINSHIP,COCHIN SHIPYARD LIMITED,99238,1938.40
COFFEEDAY,COFFEE DAY ENTERPRISE LTD,66525,36.68
COFORGE,COFORGE LIMITED,54385,3294.03
COLPAL,COLGATE PALMOLIVE LTD.,82468,2468.24
COMMOIETF,ICICIPRAMC - ICICICOMMO,57778,42.32
COMPUSOFT,COMPUCOM SOFTWARE LTD,16172,5.88
CONCOR,CONTAINER CORP OF IND LTD,2758452,24173.50
CONCORDBIO,CONCORD BIOTECH LIMITED,79863,1510.88
CONFIPET,CONFIDENCE PETRO IND LTD.,4001007,3283.38
CONSOFINVT,CONSO. FIN. & HOLD. LTD.,462,1.24
CONSUMBEES,NIP IND ETF CONSUMPTION,180715,209.45
CONSUMIETF,ICICIPRAMC - ICICICONSU,64032,60.27
CONTROLPR,CONTROL PRINT LIMITED,40709,312.35
CORDSCABLE,CORDS CABLE INDUS LTD.,795,1.69
COROMANDEL,COROMANDEL INTERNTL. LTD,108143,1668.50
COSMOFIRST,COSMO FIRST LIMITED,225515,1575.80
CPSEETF,CPSE ETF,5718538,5080.89
CRAFTSMAN,CRAFTSMAN AUTOMATION LTD,38704,1984.73
CREATIVE,CREATIVE NEWTECH LIMITED,469871,3971.88
CREDITACC,CREDITACCESS GRAMEEN LTD,803104,9079.41
CREST,CREST VENTURES LIMITED,46191,187.27
CRISIL,CRISIL LTD,18537,823.51
CROMPTON,CROMPT GREA CON ELEC LTD,777293,3042.14
CSBBANK,CSB BANK LIMITED,831739,2598.17
CSLFINANCE,CSL FINANCE LIMITED,14224,61.10
CTE,CAMBRIDGE TECH ENTER LTD,46,0.06
CUB,CITY UNION BANK LTD,1627378,2511.43
CUMMINSIND,CUMMINS INDIA LTD,257174,9107.35
CYBERTECH,CYBERTECH SYSTEMS & SOFTW,1250,2.81
CYIENT,CYIENT LIMITED,527099,9432.35
CYIENTDLM,CYIENT DLM LIMITED,394649,2557.48
DABUR,DABUR INDIA LTD,1174040,6235.77
DALBHARAT,DALMIA BHARAT LIMITED,236554,4250.06
DALMIASUG,DALMIA BHARAT SUG IN LTD,353325,1627.88
DAMODARIND,DAMODAR INDUSTRIES LTD,1500,0.75
DATAMATICS,DATAMATICS GLOBAL SER LTD,384927,2263.11
DATAPATTNS,DATA PATTERNS INDIA LTD,626063,15648.56
DAVANGERE,DAVANGERE SUGAR COMPANY L,869482,68.10
DBCORP,D.B.CORP LTD,91542,271.93
DBEIL,DEEPAK BUILDERS & ENG I L,500,0.82
DBL,DILIP BUILDCON LIMITED,1000272,4470.16
DBOL,DHAMPUR BIO ORGANICS LTD,360319,457.88
DBREALTY,VALOR ESTATE LIMITED,5622321,10021.11
DCAL,DISHMAN CARBO AMCIS LTD,1456594,2557.72
DCBBANK,DCB BANK LIMITED,6440061,7674.44
DCM,DCM LIMITED,200,0.16
DCMNVL,DCM NOUVELLE LIMITED,3500,9.41
DCMSHRIRAM,DCM SHRIRAM LIMITED,77864,827.05
DCMSRIND,DCM SHRIRAM IND LTD,390358,739.74
DCW,DCW LTD,3816789,3188.26
DCXINDIA,DCX SYSTEMS LIMITED,151878,553.50
DECCANCE,DECCAN CEMENTS LIMITED,36810,241.52
DEEDEV,DEE DEVELOPMENT ENG LTD,100660,258.75
DEEPAKFERT,DEEPAK FERTILIZERS & PETR,1060933,8874.39
DEEPAKNTR,DEEPAK NITRITE LTD,273132,7035.23
DEEPINDS,DEEP INDUSTRIES LIMITED,538274,1957.99
DELHIVERY,DELHIVERY LIMITED,1597394,5814.54
DELPHIFX,DELPHI WORLD MONEY LTD,1000,3.00
DELTACORP,DELTA CORP LIMITED,6385203,8173.76
DELTAMAGNT,DELTA MANUFACTURING LTD,25,0.03
DEN,DEN NETWORKS LTD,4256080,1970.24
DENORA,DE NORA INDIA LIMITED,13697,175.06
DEVIT,DEV INFO TECHNOLOGY LTD,66612,98.77
DEVYANI,DEVYANI INTERNATIONAL LTD,2745612,4656.07
DHAMPURSUG,DHAMPUR SUGAR MILLS LTD.,1658196,3349.80
DHANBANK,DHANLAXMI BANK LIMITED,208886,81.08
DHANI,DHANI SERVICES LIMITED,1407323,807.13
DHANUKA,DHANUKA AGRITECH LTD,36604,523.41
DHARMAJ,DHARMAJ CROP GUARD LTD,155768,402.74
DHUNINV,DHUNSERI INVESTMENTS LTD,928,16.84
DIAMINESQ,DIAMINES & CHEMICALS LTD,601,2.44
DIAMONDYD,PRATAAP SNACKS LIMITED,676917,6021.49
DIGISPICE,DIGISPICE TECHNOLOGIES LT,33801,13.33
DIL,DEBOCK INDUSTRIES LIMITED,16550,1.55
DISHTV,DISH TV INDIA LTD.,32694349,5642.92
DIVGIITTS,DIVGI TORQTRANSFER SYST L,61606,439.32
DIVISLAB,DIVI S LABORATORIES LTD,64901,3336.15
DIVOPPBEES,NIP IND ETF DIV OPP,141141,102.96
DIXON,DIXON TECHNO (INDIA) LTD,190369,22932.10
DLF,DLF LIMITED,1760921,13789.53
DLINKINDIA,D-LINK INDIA LTD,298130,1315.66
DMART,AVENUE SUPERMARTS LIMITED,474245,19626.74
DMCC,DMCC SPECIALITY CHEMICALS,34932,79.40
DODLA,DODLA DAIRY LIMITED,60707,694.84
DOLATALGO,DOLAT ALGOTECH LIMITED,452160,449.11
DOLLAR,DOLLAR INDUSTRIES LIMITED,130312,648.21
DOMS,DOMS INDUSTRIES LIMITED,52613,1185.12
DONEAR,DONEAR IND. LIMITED,220,0.24
DPABHUSHAN,D. P. ABHUSHAN LIMITED,1188,19.50
DPSCLTD,DPSC LIMITED,54674,11.27
DPWIRES,D P WIRES LIMITED,25169,95.20
DREAMFOLKS,DREAMFOLKS SERVICES LTD,352165,1623.17
DRREDDY,DR. REDDY S LABORATORIES,396366,4931.55
DSSL,DYNACONS SYS & SOLN LTD,48005,538.38
DTIL,DHUNSERI TEA & IND. LTD.,1090,3.07
DUCON,DUCON INFRATECHNOLOGIES L,5144,0.56
DVL,DHUNSERI VENTURES LIMITED,51544,202.72
DWARKESH,DWARIKESH SUGAR IND LTD,4632152,3257.87
DYCL,DYNAMIC CABLES LIMITED,39749,212.42
DYNAMATECH,DYNAMATIC TECHNOLOGIES,24748,1424.54
DYNPRO,DYNEMIC PRODUCTS LIMITED,3982,11.05
EASEMYTRIP,EASY TRIP PLANNERS LTD,45830540,16765.86
EBBETF0425,EDELAMC - EBBETF0425,66,0.82
EBBETF0430,EDELAMC - EBBETF0430,503,7.18
ECLERX,ECLERX SERVICES LTD,49642,1257.98
ECOSMOBLTY,ECOS (INDIA) MOB & HOSP L,20713,68.55
EDELWEISS,EDELWEISS FIN SERV LTD,4361917,4571.51
EGOLD,EDELAMC - EGOLD,100,0.08
EICHERMOT,EICHER MOTORS LTD,95149,4375.68
EIDPARRY,EID PARRY INDIA LTD,407842,3077.90
EIFFL,EURO (I) FRESH FOODS LTD,4170,9.73
EIHAHOTELS,EIH ASSOCIATED HOTELS LTD,22802,75.08
EIHOTEL,EIH LIMITED,1275406,4426.28
EKC,EVEREST KANTO CYLINDERLTD,981372,1598.71
ELDEHSG,ELDECO HSG & IND LTD.,11351,106.63
ELECON,ELECON ENG. CO. LTD,344696,2001.10
ELECTCAST,ELECTROSTEEL CASTINGS LTD,1708734,2884.67
ELECTHERM,ELECTROTHERM (I) LTD.,380,4.14
ELGIEQUIP,ELGI EQUIPMENTS LTD,419715,2672.34
ELIN,ELIN ELECTRONICS LIMITED,305283,573.76
EMAMILTD,EMAMI LIMITED,317543,2241.82
EMAMIPAP,EMAMI PAPER MILLS LIMITED,79405,70.79
EMAMIREAL,EMAMI REALTY LIMITED,540,0.53
EMBDL,EQUINOX INDIA DEV LTD,29837092,35516.77
EMCURE,EMCURE PHARMACEUTICALS L,27351,374.72
EMIL,ELECTRONICS MART IND LTD,1013152,1987.99
EMMBI,EMMBI INDUSTRIES LIMITED,11128,15.04
EMSLIMITED,EMS LIMITED,439264,2805.47
EMUDHRA,EMUDHRA LIMITED,133840,1050.96
ENDURANCE,ENDURANCE TECHNO. LTD.,67657,1554.79
ENGINERSIN,ENGINEERS INDIA LTD,15371122,32020.91
ENIL,ENTERTAIN NET. IND. LTD.,54651,109.17
ENTERO,ENTERO HEALTHCARE SOLU L,18989,214.19
EPACK,EPACK DURABLE LIMITED,14605,48.35
EPIGRAL,EPIGRAL LIMITED,129083,1879.42
EPL,EPL LIMITED,1179899,2674.52
EQUAL50ADD,DSPAMC - DSPNEWETF,20516,63.88
EQUITASBNK,EQUITAS SMALL FIN BNK LTD,9717942,7465.33
ERIS,ERIS LIFESCIENCES LIMITED,48165,548.41
EROSMEDIA,EROS INTL MEDIA LTD,62787,12.81
ESABINDIA,ESAB INDIA LTD,4561,257.80
ESAFSFB,ESAF SMALL FINANCE BANK L,2672875,1181.16
ESCORTS,ESCORTS KUBOTA LIMITED,148299,5344.08
ESG,MIRAEAMC - MAESGETF,36660,13.77
ESILVER,EDELAMC - ESILVER,31,0.03
ESSENTIA,INTEGRA ESSENTIA LIMITED,16096,0.64
ESTER,ESTER INDUSTRIES LTD,399701,514.24
ETHOSLTD,ETHOS LIMITED,63177,1700.45
EUREKAFORB,EUREKA FORBES LIMITED,14540,82.86
EVEREADY,EVEREADY INDS. IND.  LTD.,557275,1980.91
EVERESTIND,EVEREST INDUSTRIES LTD,18310,180.24
EVINDIA,MIRAEAMC - EVINDIA,112139,27.60
EXCELINDUS,EXCEL INDUSTRIES LTD,35951,466.83
EXICOM,EXICOM TELE SYSTEMS LTD,26294,80.66
EXIDEIND,EXIDE INDUSTRIES LTD,5641824,26123.22
EXPLEOSOL,EXPLEO SOLUTIONS LIMITED,28715,363.20
EXXARO,EXXARO TILES LIMITED,93585,90.53
FACT,FACT LTD,473752,4329.21
FAIRCHEMOR,FAIRCHEM ORGANICS LIMITED,42874,484.07
FAZE3Q,FAZE THREE LIMITED,12532,51.20
FCL,FINEOTEX CHEMICAL LIMITED,533599,1826.50
FCSSOFT,FCS SOFTWARE SOLN. LTD.,130893,5.32
FDC,FDC LIMITED,445525,2375.54
FEDERALBNK,FEDERAL BANK LTD,3996339,7170.25
FEDFINA,FEDBANK FINANCIAL SER L,1458853,1564.91
FEL,FUTURE ENTERPRISES LTD,0,0.00
FIBERWEB,FIBERWEB INDIA LIMITED,368,0.18
FIEMIND,FIEM INDUSTRIES LIMITED,123470,1767.14
FILATEX,FILATEX INDIA LTD,2680837,1496.02
FILATFASH,FILATEX FASHIONS LIMITED,1759303,29.28
FINCABLES,FINOLEX CABLES LTD,286837,3796.83
FINEORG,FINE ORGANIC IND. LTD.,44565,2138.08
FINIETF,ICICIPRAMC-ICICIFIN,290582,63.56
FINOPB,FINO PAYMENTS BANK LTD,506572,1660.55
FINPIPE,FINOLEX INDUSTRIES LTD,1880515,5474.09
FIRSTCRY,BRAINBEES SOLUTIONS LTD,84181,481.30
FIVESTAR,FIVE-STAR BUS FIN LTD,632128,4869.56
FLAIR,FLAIR WRITING INDUST LTD,89143,253.11
FLUOROCHEM,GUJARAT FLUOROCHEM LTD,489193,20080.57
FMCGIETF,ICICIPRAMC - ICICIFMCG,705209,396.14
FMGOETZE,FEDERAL-MOGUL GOETZE (IND,168550,579.95
FOCUS,FOCUS LIGHTG & FIXTRS LTD,1500,2.31
FOODSIN,FOODS & INNS LIMITED,274536,317.82
FORCEMOT,FORCE MOTORS LIMITED,23851,1593.12
FORTIS,FORTIS HEALTHCARE LTD,295432,1347.79
FOSECOIND,FOSECO INDIA LTD,2231,82.91
FSL,FIRSTSOURCE SOLU. LTD.,2720885,7660.80
FUSION,FUSION FINANCE LIMITED,1075288,3688.02
GABRIEL,GABRIEL INDIA LTD,397266,1564.57
GAEL,GUJARAT AMBUJA EXPORTS LT,1953821,2450.53
GAIL,GAIL (INDIA) LTD,9776873,19225.99
GALAPREC,GALA PRECISION ENG LTD,10264,60.30
GALAXYSURF,GALAXY SURFACTANTS LTD,25385,726.97
GALLANTT,GALLANTT ISPAT LIMITED,10,0.02
GANDHAR,GANDHAR OIL REFINE IND L,1199232,2556.35
GANDHITUBE,GANDHI SPL. TUBES LTD,3446,18.27
GANECOS,GANESHA ECOSPHERE LIMITED,43981,734.29
GANESHBE,GANESH BENZOPLAST LIMITED,330266,475.08
GANESHHOUC,GANESH HOUSING CORP LTD,166716,1343.37
GANGESSECU,GANGES SECURITIES LIMITED,1625,2.91
GARFIBRES,GARWARE TECH FIBRES LTD,17816,677.40
GATEWAY,GATEWAY DISTRIPARKS LTD,1372518,1253.96
GAYAPROJ,GAYATRI PROJECTS LTD,103398,14.18
GEECEE,GEECEE VENTURES LIMITED,8903,26.60
GEEKAYWIRE,GEEKAY WIRES LIMITED,811,1.17
GENESYS,GENESYS INTL CORPN LTD,517313,3372.26
GENSOL,GENSOL ENGINEERING LTD,30003,267.46
GENUSPAPER,GENUS P&B LIMITED,1178514,297.82
GENUSPOWER,GENUS POWER INFRASTRU LTD,1433703,4882.08
GEOJITFSL,GEOJIT FINANCIAL SER L,1867842,2526.50
GEPIL,GE POWER INDIA LIMITED,25293,112.13
GESHIP,THE GE SHPG.LTD,1104951,13633.88
GFLLIMITED,GFL LIMITED,29669,31.15
GHCL,GHCL LIMITED,258583,1444.38
GHCLTEXTIL,GHCL TEXTILES LIMITED,439446,348.30
GICHSGFIN,GIC HOUSING FINANCE LTD,1619523,3598.93
GICRE,GENERAL INS CORP OF INDIA,2288025,8242.42
GILLETTE,GILLETTE INDIA LTD,38312,3392.05
GILT5YBEES,RELCAPAMC - NETFGILT5Y,2471,1.29
GINNIFILA,GINNI FILAMENTS LTD,36357,11.18
GIPCL,GUJ IND POW CO. LTD,1872810,3985.26
GLAND,GLAND PHARMA LIMITED,217587,3745.78
GLAXO,GLAXOSMITHKLINE PHARMA LT,85170,2053.90
GLENMARK,GLENMARK PHARMACEUTICALS,111705,1544.13
GLOBUSSPR,GLOBUS SPIRITS LTD,245517,2491.08
GLOSTERLTD,GLOSTER LIMITED,882,7.15
GLS,GLENMARK LIFE SCIENCE LTD,344257,3239.85
GMBREW,G M BREWERIES LTD,106286,813.36
GMDCLTD,GUJARAT MINERAL DEV CORP,4959723,18246.09
GMMPFAUDLR,GMM PFAUDLER LIMITED,260660,3426.96
GMRINFRA,GMR AIRPORTS INFRA LTD,36766978,29086.54
GMRP&UI,GMR POW AND URBAN INFRA L,1001,0.36
GNA,GNA AXLES LIMITED,167875,707.98
GNFC,GUJ NAR VAL FER & CHEM L,1909162,11964.65
GOACARBON,GOA CARBON LIMITED,98940,633.43
GOCLCORP,GOCL CORPORATION LIMITED,260697,1100.90
GOCOLORS,GO FASHION INDIA LTD,20761,231.82
GODFRYPHLP,GODFREY PHILLIPS INDIA LT,48118,2752.91
GODIGIT,GO DIGIT GENERAL INS LTD,358359,1275.47
GODREJAGRO,GODREJ AGROVET LIMITED,870245,5826.03
GODREJCP,GODREJ CONSUMER PRODUCTS,240795,3090.47
GODREJIND,GODREJ INDUSTRIES LTD,185401,1878.87
GODREJPROP,GODREJ PROPERTIES LTD,454830,13185.44
GOKEX,GOKALDAS EXPORTS LTD.,671080,5499.13
GOKUL,GOKUL REFOILS & SOLV LTD,350,0.15
GOKULAGRO,GOKUL AGRO RESOURCES LTD,163186,353.04
GOLD1,KOTAK GOLD ETF,26076,11.21
GOLDBEES,NIP IND ETF GOLD BEES,1065852,551.19
GOLDCASE,ZERODHAAMC - GOLDCASE,20269,2.37
GOLDETF,MIRAEAMC - MAGOLDETF,27426,19.28
GOLDETFADD,DSPAMC - DSPGOLDETF,1080,0.83
GOLDIAM,GOLDIAM INTERNATIONAL LTD,322474,774.44
GOLDIETF,ICICI PRUDENTIAL GOLD ETF,223650,120.28
GOLDSHARE,UTI GOLD ETF,46787,24.89
GOODLUCK,GOODLUCK INDIA LIMITED,535086,5199.01
GOODYEAR,GOODYEAR INDIA LIMITED,567,7.64
GOPAL,GOPAL SNACKS LIMITED,526422,2263.55
GPIL,GODAWARI POW & ISP LTD,6534264,12690.52
GPPL,GUJARAT PIPAVAV PORT LTD,14123994,29880.73
GPTHEALTH,GPT HEALTHCARE LIMITED,577910,943.49
GPTINFRA,GPT INFRAPROJECTS LTD,100,0.13
GRANULES,GRANULES INDIA LIMITED,2180779,9883.90
GRAPHITE,GRAPHITE INDIA LTD,2251085,11479.78
GRASIM,GRASIM INDUSTRIES LTD,171049,4086.67
GRAVITA,GRAVITA INDIA LIMITED,170082,3086.77
GREAVESCOT,GREAVES COTTON LTD.,4460214,6906.68
GREENLAM,GREENLAM INDUSTRIES LTD.,33054,171.88
GREENPANEL,GREENPANEL INDUSTRIES LTD,203211,737.71
GREENPLY,GREENPLY INDUSTRIES LTD,419624,1379.27
GREENPOWER,ORIENT GREEN POWER CO LTD,1082309,167.51
GRINDWELL,GRINDWELL NORTON LIMITED,31292,679.50
GRINFRA,G R INFRAPROJECTS LIMITED,59378,810.82
GRMOVER,GRM OVERSEAS LIMITED,280681,548.70
GROWWEV,GROWWAMC - GROWWEV,184607,54.99
GRSE,GARDEN REACH SHIP&ENG LTD,1808233,31491.80
GRWRHITECH,GARWARE HI-TECH FILMS LTD,126671,3944.34
GSEC5IETF,ICICIPRAMC - ICICI5GSEC,135,0.08
GSFC,GUJ STATE FERT & CHEM LTD,8469953,18915.17
GSLSU,GLOBAL SURFACES LIMITED,340478,728.82
GSPL,GUJARAT STATE PETRO LTD,1241020,4640.38
GSS,GSS INFOTECH LIMITED,37000,29.59
GTL,GTL LTD,63110,9.14
GTLINFRA,GTL INFRA.LTD,220390,6.26
GTPL,GTPL HATHWAY LIMITED,57973,85.98
GUFICBIO,GUFIC BIOSCIENCES LTD.,165186,573.60
GUJALKALI,GUJARAT ALKALIES & CHEM,210787,1634.35
GUJAPOLLO,GUJ. APOLLO IND. LTD.,35,0.13
GUJGASLTD,GUJARAT GAS LIMITED,649413,3732.42
GULFOILLUB,GULF OIL LUB. IND. LTD.,220389,2634.08
GULFPETRO,GP PETROLEUMS LIMITED,71311,61.34
GULPOLY,GULSHAN POLYOLS LIMITED,428079,828.41
GVKPIL,GVK POW. & INFRA LTD.,20000,1.93
HAL,HINDUSTAN AERONAUTICS LTD,2888398,123102.30
HAPPSTMNDS,HAPPIEST MINDS TECHNO LTD,3147837,25442.11
HAPPYFORGE,HAPPY FORGINGS LIMITED,10689,118.19
HARDWYN,HARDWYN INDIA LIMITED,26559,10.19
HARIOMPIPE,HARIOM PIPE INDUSTRIES L,155257,1006.38
HARSHA,HARSHA ENGINEERS INT LTD,1338501,6032.86
HATHWAY,HATHWAY CABLE & DATACOM,17434305,3357.72
HATSUN,HATSUN AGRO PRODUCT LTD.,105551,1161.94
HAVELLS,HAVELLS INDIA LIMITED,230667,4056.83
HBLPOWER,HBL POWER SYSTEMS LTD.,2389664,12536.01
HCC,HINDUSTAN CONSTRUCTION CO,54122500,22417.77
HCG,HEALTHCARE GLOB. ENT. LTD,137532,471.72
HCL-INSYS,HCL INFOSYSTEMS LTD,1,0.00
HCLTECH,HCL TECHNOLOGIES LTD,311772,4841.97
HDFCAMC,HDFC AMC LIMITED,87451,3438.83
HDFCBANK,HDFC BANK LTD,2123571,30633.28
HDFCBSE500,HDFCAMC - HDFCBSE500,15731,4.96
HDFCGOLD,HDFC GOLD ETF,89081,50.14
HDFCGROWTH,HDFCAMC - HDFCGROWTH,814,1.04
HDFCLIFE,HDFC LIFE INS CO LTD,633852,4140.27
HDFCLIQUID,HDFCAMC - HDFCLIQUID,11,0.11
HDFCLOWVOL,HDFCAMC - HDFCLOWVOL,9479,2.00
HDFCMID150,HDFCAMC - HDFCMID150,747865,147.38
HDFCMOMENT,HDFCAMC - HDFCMOMENT,375598,117.66
HDFCNEXT50,HDFCAMC - HDFCNEXT50,159919,104.11
HDFCNIF100,HDFCAMC - HDFCNIF100,48830,12.82
HDFCNIFBAN,HDFCAMC - HDFCNIFBAN,65582,32.42
HDFCNIFIT,HDFCAMC - HDFCNIFIT,8408,3.01
HDFCNIFTY,HDFCAMC - HDFCNIFTY,45545,120.32
HDFCPSUBK,HDFCAMC HDFCPSUBK,123750,60.87
HDFCPVTBAN,HDFCAMC - HDFCPVTBAN,230324,48.83
HDFCQUAL,HDFCAMC - HDFCQUAL,8481,5.18
HDFCSENSEX,HDFCAMC - HDFCSENSEX,78900,66.28
HDFCSILVER,HDFCAMC - HDFCSILVER,96910,60.61
HDFCSML250,HDFCAMC - HDFCSML250,1401233,2344.87
HDFCVALUE,HDFCAMC - HDFCVALUE,42,0.05
HEALTHIETF,ICICIPRAMC - ICICIPHARM,45437,51.85
HEALTHY,BIRLASLAMC - HEALTHY,419194,56.54
HEG,HEG LTD,579069,2592.87
HEIDELBERG,HEIDELBERGCEMENT (I) LTD,919730,1902.59
HEMIPROP,HEMISPHERE PROP IND LTD,3557515,6499.60
HERANBA,HERANBA INDUSTRIES LTD,222493,926.71
HERCULES,HERCULES HOI. LTD.,5743,22.72
HERITGFOOD,HERITAGE FOODS LTD,630904,3190.76
HEROMOTOCO,HERO MOTOCORP LIMITED,333518,16707.78
HESTERBIO,HESTER BIOSCIENCES LTD,6569,157.79
HEUBACHIND,HEUBACH COLORANTS IND LTD,143056,742.35
HEXATRADEX,HEXA TRADEX LIMITED,8128,28.47
HFCL,HFCL LIMITED,34541070,42342.26
HGINFRA,H.G.INFRA ENGINEERING LTD,270596,3636.14
HGS,HINDUJA GLOBAL SOLS. LTD.,118376,931.84
HIKAL,HIKAL LIMITED,518557,1647.42
HIL,HIL LIMITED,40777,1112.67
HILTON,HILTON METAL FORGING LTD,16079,17.57
HIMATSEIDE,HIMATSINGKA SEIDE LTD,2372867,3524.94
HINDALCO,HINDALCO  INDUSTRIES  LTD,1363109,8824.06
HINDCOMPOS,HINDUSTAN COMPOSITES LTD.,24635,100.30
HINDCOPPER,HINDUSTAN COPPER LTD,16664968,49131.42
HINDOILEXP,HINDUSTAN OIL EXPLORATION,5688918,12449.81
HINDPETRO,HINDUSTAN PETROLEUM CORP,2872036,10500.14
HINDUNILVR,HINDUSTAN UNILEVER LTD.,296474,7225.95
HINDWAREAP,HINDWARE HME INOVATON LTD,659414,2322.14
HINDZINC,HINDUSTAN ZINC LIMITED,1760278,8648.40
HIRECT,HIND RECTIFIER LIMITED,6349,54.23
HISARMETAL,HISAR METAL IND. LIMITED,1357,3.07
HITECH,HI-TECH PIPES LIMITED,2789826,3996.58
HITECHCORP,HITECH CORPORATION LTD,942,2.94
HITECHGEAR,THE HI-TECH GEARS LIMITED,1788,20.85
HLEGLAS,HLE GLASCOAT LIMITED,281232,1119.15
HLVLTD,HLV LIMITED,1304443,209.84
HMAAGRO,HMA AGRO INDUSTRIES LTD,544515,249.95
HMVL,HINDUSTAN MEDIA VENT LTD,18773,18.57
HNDFDS,HINDUSTAN FOODS LIMITED,87193,485.51
HNGSNGBEES,NIP IND ETF HANGSENG BEES,219255,616.04
HOMEFIRST,HOME FIRST FIN CO IND LTD,115694,1272.83
HONASA,HONASA CONSUMER LIMITED,360902,1467.28
HONAUT,HONEYWELL AUTOMATION IND,6172,2807.74
HONDAPOWER,HONDA I POWER PRODUCT LTD,12388,435.80
HPAL,HP ADHESIVES LIMITED,794656,682.94
HPL,HPL ELECTRIC & POWER LTD,133610,620.42
HSCL,HIMADRI SPECIALITY CHEM L,1131971,6607.86
HTMEDIA,HT MEDIA LIMITED,569896,135.50
HUDCO,HSG & URBAN DEV CORPN LTD,16705348,41172.78
HUHTAMAKI,HUHTAMAKI INDIA LIMITED,1549396,5902.00
HYUNDAI,HYUNDAI MOTOR INDIA LTD,1,0.02
ICEMAKE,ICE MAKE REFRIGERAT LTD,27463,173.55
ICICIB22,ICICIPRAMC - BHARATIWIN,935310,925.47
ICICIBANK,ICICI BANK LTD.,700815,8399.79
ICICIGI,ICICI LOMBARD GIC LIMITED,92680,1757.72
ICICIPRULI,ICICI PRU LIFE INS CO LTD,149474,938.48
ICIL,INDO COUNT INDUSTRIES LTD,957876,3295.42
ICRA,ICRA LIMITED,3615,213.82
IDBI,IDBI BANK LIMITED,31329355,26014.19
IDEA,VODAFONE IDEA LIMITED,47913152,3061.00
IDEAFORGE,IDEAFORGE TECHNO LTD,688714,4548.30
IDFC,IDFC LIMITED,21628,23.84
IDFCFIRSTB,IDFC FIRST BANK LIMITED,82358706,58619.81
IDFNIFTYET,BANDHANAMC - IDFNIFTYET,8237,22.64
IEX,INDIAN ENERGY EXC LTD,10085493,18683.42
IFBIND,IFB INDUSTRIES LTD,216761,3822.34
IFCI,IFCI LTD,13406068,8669.49
IFGLEXPOR,IFGL REFRACTORIES LIMITED,11510,68.87
IGARASHI,IGARASHI MOTORS INDIA LTD,188036,1200.20
IGL,INDRAPRASTHA GAS LTD,1006457,4613.50
IGPL,I G PETROCHEMICALS LTD,104213,574.55
IIFL,IIFL FINANCE LIMITED,3889540,17464.66
IIFLSEC,IIFL SECURITIES LIMITED,690567,2073.34
IKIO,IKIO LIGHTING LIMITED,412928,1126.11
IMAGICAA,IMAGICAAWORLD ENT LTD,2984438,2130.23
IMFA,INDIAN METALS & FERRO,240634,1763.12
IMPAL,IND MOTOR PART & ACC LTD,1064,12.24
INDBANK,INDBANK MERCH BANK,43801,22.99
INDGN,INDEGENE LIMITED,214130,1178.35
INDHOTEL,THE INDIAN HOTELS CO. LTD,1327325,7412.94
INDIACEM,THE INDIA CEMENTS LIMITED,2128224,6851.57
INDIAGLYCO,INDIA GLYCOLS LTD,386322,4216.92
INDIAMART,INDIAMART INTERMESH LTD,182279,4690.97
INDIANB,INDIAN BANK,1600301,8265.13
INDIANCARD,INDIAN CARD CLOTHING CO.,3196,8.90
INDIANHUME,INDIAN HUME PIPE CO. LTD.,196224,723.01
INDIASHLTR,INDIA SHELTER FIN CORP L,38881,264.74
INDIGO,INTERGLOBE AVIATION LTD,383440,15607.89
INDIGOPNTS,INDIGO PAINTS LIMITED,189201,2747.22
INDNIPPON,INDIA NIPPON ELECT  LTD,24582,165.88
INDOAMIN,INDO AMINES LIMITED,441749,606.84
INDOBORAX,INDO BORAX & CHEMICAL LTD,102808,152.98
INDOCO,INDOCO REMEDIES LTD.,157439,488.32
INDORAMA,INDO RAMA SYNTHETICS LTD,705496,369.18
INDOSTAR,INDOSTAR CAPITAL FIN LTD,327020,800.00
INDRAMEDCO,INDRAPRASTHA MEDICAL CORP,221560,685.44
INDSWFTLAB,IND SWIFT LABORATORIES LT,2701,4.27
INDTERRAIN,IND TERRAIN FASHIONS LTD,82952,52.67
INDUSINDBK,INDUSIND BANK LIMITED,2832782,33130.79
INDUSTOWER,INDUS TOWERS LIMITED,5971876,19602.82
INFIBEAM,INFIBEAM AVENUES LIMITED,4920931,1406.22
INFOBEAN,INFOBEANS TECHNO. LTD.,32204,127.84
INFRABEES,NIP IND ETF INFRA BEES,20428,172.41
INFRAIETF,ICICIPRAMC - ICICIINFRA,133747,104.25
INFY,INFOSYS LIMITED,1372293,22720.72
INGERRAND,INGERSOLL-RAND INDIA LTD,13593,515.00
INNOVACAP,INNOVA CAPTAB LIMITED,45776,286.04
INOXGREEN,INOX GREEN ENERGY SER LTD,4251623,6923.58
INOXINDIA,INOX INDIA LIMITED,284660,2731.05
INOXWIND,INOX WIND LIMITED,10354464,21568.29
INSECTICID,INSECTICIDES (I) LTD,78434,461.71
INTELLECT,INTELLECT DESIGN ARENA,552875,4892.06
INTENTECH,INTENSE TECHNOLOGIES LTD,150,0.15
INTERARCH,INTERARCH BUILDING PROD L,63212,760.60
INTLCONV,INTL CONVEYORS LIMITED,322604,229.34
INVENTURE,INVENTURE GRO & SEC LTD,51100,1.51
IOB,INDIAN OVERSEAS BANK,17873078,9404.44
IOC,INDIAN OIL CORP LTD,26175372,40193.43
IOLCP,IOL CHEM AND PHARMA LTD,996708,3974.06
IONEXCHANG,ION EXCHANGE (INDIA) LTD,486103,2691.22
IPCALAB,IPCA LABORATORIES LTD,78940,1073.13
IPL,INDIA PESTICIDES LIMITED,1293886,3253.89
IRB,IRB INFRA DEV LTD.,64032557,36410.95
IRCON,IRCON INTERNATIONAL LTD,17929548,42077.40
IRCTC,INDIAN RAIL TOUR CORP LTD,3745501,32419.63
IREDA,INDIAN RENEWABLE ENERGY,3190600,6255.01
IRFC,INDIAN RAILWAY FIN CORP L,46779794,73569.57
IRISDOREME,IRIS CLOTHINGS LIMITED,93548,41.25
IRMENERGY,IRM ENERGY LIMITED,197433,785.02
ISEC,ICICI SECURITIES LIMITED,79307,590.44
ISFT,INTRASOFT TECH. LTD,68055,99.85
ISGEC,ISGEC HEAVY ENG LTD,90762,1075.85
IT,KOTAKMAMC - KOTAKIT,52117,19.93
ITBEES,NIP IND ETF IT,4430697,1725.70
ITC,ITC LTD,6370466,27353.74
ITDC,INDIA TOUR. DEV. CO. LTD.,150955,1033.63
ITDCEM,ITD CEMENTATION INDIA LTD,1507210,7607.88
ITETF,MIRAEAMC - ITETF,157799,61.87
ITETFADD,DSPAMC - DSPITETF,3715,1.59
ITI,ITI LTD,1836053,4995.40
ITIETF,ICICIPRAMC - ICICITECH,599084,222.75
IVC,IL&FS INVESTMENT MANAGERS,17186,2.30
IVZINGOLD,INVESCO INDIA GOLD ETF,7,0.46
IWEL,INOX WIND ENERGY LIMITED,294,28.55
IXIGO,LE TRAVENUES TECHNOLOGY L,458476,604.09
J&KBANK,J & K BANK LTD.,11186002,10831.13
JAGRAN,JAGRAN PRAKASHAN LIMITED,1081979,1076.16
JAGSNPHARM,JAGSONPAL PHARMACEUTICALS,96253,357.17
JAIBALAJI,JAI BALAJI INDUSTRIES LTD,11548,111.55
JAICORPLTD,JAI CORP LIMITED,1300961,4482.95
JAMNAAUTO,JAMNA AUTO IND LTD,8134577,8976.02
JASH,JASH ENGINEERING LIMITED,7085,78.35
JAYAGROGN,JAYANT AGRO ORGANICS LTD,59703,133.13
JAYBARMARU,JAY BHARAT MARUTI LTD,330832,357.63
JAYNECOIND,JAYASWAL NECO INDUSTR LTD,39209,20.03
JAYSREETEA,JAYSHREE TEA & INDUSTRIES,140966,203.38
JBCHEPHARM,J B CHEMICALS AND PHARMA,57059,1036.81
JBMA,JBM AUTO LIMITED,566484,8815.61
JCHAC,JOHNSON CONTROLS HITACHI,93375,1912.44
JETFREIGHT,JET FREIGHT LOGISTICS LTD,1,0.00
JGCHEM,J.G.CHEMICALS LIMITED,229143,662.19
JINDALPHOT,JINDAL PHOTO LIMITED,12756,82.78
JINDALPOLY,JINDAL POLY FILMS LIMITED,104489,799.87
JINDALSAW,JINDAL SAW LIMITED,1251171,3897.38
JINDALSTEL,JINDAL STEEL & POWER LTD,1047970,9368.89
JINDRILL,JINDAL DRILLING IND. LTD,87881,536.56
JINDWORLD,JINDAL WORLDWIDE LTD,109685,386.72
JIOFIN,JIO FIN SERVICES LTD,50121877,160521.54
JISLDVREQS,JAIN DVR EQUITY SHARES,3400,1.41
JISLJALEQS,JAIN IRRIGATION SYSTEMS,14033505,9067.31
JITFINFRA,JITF INFRALOGISTICS LTD,33591,176.97
JKCEMENT,JK CEMENT LIMITED,106197,4245.55
JKIL,JKUMAR INFR.LTD.,638401,4800.61
JKLAKSHMI,JK LAKSHMI CEMENT LTD,415136,3368.06
JKPAPER,JK PAPER LIMITED,767509,3423.18
JKTYRE,JK TYRE & INDUSTRIES LTD,1788885,6784.79
JLHL,JUPITER LIFE LINE HOSP L,7751,84.05
JMA,JULLUNDUR MOT AGENCY LTD,300,0.33
JMFINANCIL,JM FINANCIAL LIMITED,12864375,16268.09
JNKINDIA,JNK INDIA LIMITED,25,0.21
JOCIL,JOCIL LIMITED,986,1.78
JPASSOCIAT,JAIPRAKASH ASSOCIATES LTD,43957,7.17
JPOLYINVST,JIND POL INV & FIN CO LTD,8000,58.56
JPPOWER,JAIPRAKASH POWER VEN. LTD,3430079,673.52
JSFB,JANA SMALL FIN BANK LTD,246518,1330.80
JSL,JINDAL STAINLESS LIMITED,269207,1826.38
JSWENERGY,JSW ENERGY LIMITED,3139057,19290.43
JSWHL,JSW HOLDINGS LIMITED,5709,493.33
JSWINFRA,JSW INFRASTRUCTURE LTD,4349834,12847.05
JSWSTEEL,JSW STEEL LIMITED,406760,3714.57
JTEKTINDIA,JTEKT INDIA LIMITED,457018,761.66
JTLIND,JTL INDUSTRIES LIMITED,3456123,7335.32
JUBLFOOD,JUBILANT FOODWORKS LTD,582589,3453.52
JUBLINDS,JUBILANT INDUSTRIES LTD,12,0.20
JUBLINGREA,JUBILANT INGREVIA LIMITED,786171,4848.56
JUBLPHARMA,JUBILANT PHARMOVA LTD,203934,1717.69
JUNIORBEES,NIP IND ETF JUNIOR BEES,496934,3649.15
JUNIPER,JUNIPER HOTELS LIMITED,169891,605.35
JUSTDIAL,JUSTDIAL LTD.,672091,7059.65
JWL,JUPITER WAGONS LIMITED,912474,4678.52
JYOTHYLAB,JYOTHY LABS LIMITED,412346,2056.61
JYOTICNC,JYOTI CNC AUTOMATION LTD,288935,3467.92
JYOTISTRUC,JYOTI STRUCTURES LTD,1399310,330.47
KABRAEXTRU,KABRA EXTRUSION TECHNIK L,121548,368.34
KAJARIACER,KAJARIA CERAMICS LTD,182915,2372.87
KAKATCEM,KAKATIYA CEM SUGAR &IND L,203,0.45
KALAMANDIR,SAI SILKS (KALAMANDIR) L,528920,789.76
KALYANKJIL,KALYAN JEWELLERS IND LTD,2606054,16576.44
KAMATHOTEL,KAMAT HOTELS (I) LTD,73796,161.15
KAMDHENU,KAMDHENU LIMITED,943310,4424.00
KAMOPAINTS,KAMDHENU VENTURES LIMITED,52845,26.47
KANORICHEM,KANORIA CHEMICALS & INDUS,172832,236.66
KANPRPLA,KANPUR PLASTIPACK LIMITED,100,0.12
KANSAINER,KANSAI NEROLAC PAINTS LTD,746240,2008.91
KARURVYSYA,KARUR VYSYA BANK LTD,2944378,6231.52
KAYNES,KAYNES TECHNOLOGY IND LTD,239028,11052.09
KBCGLOBAL,KBC GLOBAL LIMITED,6300,0.14
KCP,KCP LTD,1641454,3675.32
KCPSUGIND,KCP SUGAR IND CORP LTD.,4783,2.67
KDDL,KDDL LIMITED,29413,724.02
KEC,KEC INTL. LIMITED,425266,3497.78
KECL,KIRLOSKAR ELECTRIC CO LTD,135445,251.81
KEI,KEI INDUSTRIES LTD.,281572,10963.69
KELLTONTEC,KELLTON TECH SOL LTD,663278,897.21
KERNEX,KERNEX MICROSYS(I) LTD,50674,366.73
KESORAMIND,KESORAM INDUSTRIES LTD,75576,136.15
KFINTECH,KFIN TECHNOLOGIES LIMITED,849202,7749.62
KHADIM,KHADIM INDIA LIMITED,10345,32.91
KHAICHEM,KHAITAN CHEM & FERT LTD,659321,460.83
KICL,KALYANI INVEST CO LTD,68,5.35
KILITCH,KILITCH DRUGS INDIA LTD,1351,4.84
KIMS,KRISHNA INST OF MED SCI L,131521,618.54
KINGFA,KINGFA SCI & TEC IND LTD.,16317,426.34
KIOCL,KIOCL LIMITED,196905,676.52
KIRIINDUS,KIRI INDUSTRIES LIMITED,1192644,4312.38
KIRLFER,KIRLOSKAR FERROUS IND LTD,139,1.06
KIRLOSBROS,KIRLOSKAR BROTHERS LTD,96973,1590.40
KIRLOSENG,KIRLOSKAR OIL ENG LTD,126280,1294.07
KIRLOSIND,KIRLOSKAR INDUSTRIES LTD,11472,572.64
KIRLPNU,KIRLOSKAR PNEUMATIC COM L,56123,659.91
KITEX,KITEX GARMENTS LTD,320406,1025.21
KKCL,KEWAL KIRAN CLOTHING LTD,80713,458.19
KMSUGAR,K M SUGAR MILLS LTD,6059,2.51
KNRCON,KNR CONSTRU LTD.,2197164,6739.26
KOHINOOR,KOHINOOR FOODS LIMITED,10088,5.10
KOKUYOCMLN,KOKUYO CAMLIN LIMITED,108466,173.11
KOLTEPATIL,KOLTE PATIL DEV. LTD.,835864,3298.38
KOPRAN,KOPRAN LTD,865452,2416.05
KOTAKBANK,KOTAK MAHINDRA BANK LTD,648445,10714.72
KOTARISUG,KOTHARI SUG & CHEM LTD.,74054,43.25
KOTHARIPET,KOTHARI PETROCHEM LTD,30744,44.97
KOTHARIPRO,KOTHARI PRODUCTS,1028,2.17
KPIGREEN,KPI GREEN ENERGY LIMITED,2,0.00
KPIL,KALPATARU PROJECT INT LTD,286815,3171.45
KPITTECH,KPIT TECHNOLOGIES LIMITED,1237438,17977.51
KPRMILL,KPR MILL LTD.,156491,1190.85
KRBL,KRBL LIMITED,2237568,6095.40
KRISHANA,KRISHANA PHOSCHEM LIMITED,67759,87.91
KRITI,KRITI INDUSTRIES IND LTD,6017,13.72
KRITINUT,KRITI NUTRIENTS LIMITED,100,0.12
KRONOX,KRONOX LAB SCIENCES LTD,170260,260.75
KRSNAA,KRSNAA DIAGNOSTICS LTD,212621,1512.75
KRYSTAL,KRYSTAL INTEGRATED SER L,121580,789.09
KSB,KSB LIMITED,118486,1015.45
KSCL,KAVERI SEED CO. LTD.,161006,1488.15
KSL,KALYANI STEELS LIMITED,69694,530.22
KSOLVES,KSOLVES INDIA LIMITED,16730,158.73
KTKBANK,KARNATAKA BANK LIMITED,9451428,18523.91
KUANTUM,KUANTUM PAPERS LIMITED,315188,503.28
LAL,LORENZINI APPARELS LTD,697,0.25
LALPATHLAB,DR. LAL PATH LABS LTD.,75655,2075.54
LAMBODHARA,LAMBODHARA TEXTILES LTD.,1950,3.89
LANDMARK,LANDMARK CARS LIMITED,163734,1008.95
LAOPALA,LA OPALA RG LIMITED,419029,1446.69
LATENTVIEW,LATENT VIEW ANALYTICS LTD,222011,948.78
LAURUSLABS,LAURUS LABS LIMITED,1569989,6755.19
LAXMICOT,LAXMI COTSPIN LIMITED,3200,1.24
LEMONTREE,LEMON TREE HOTELS LTD,9154631,10586.18
LEXUS,LEXUS GRANITO (INDIA) LTD,250,0.13
LGBBROSLTD,LG BALAKRISHNAN & BROS,79362,1041.27
LIBAS,LIBAS CONSU PRODUCTS LTD,3650,0.77
LIBERTSHOE,LIBERTY SHOES LTD,55,0.21
LICHSGFIN,LIC HOUSING FINANCE LTD,2773542,16797.83
LICI,LIFE INSURA CORP OF INDIA,4569710,41922.39
LICMFGOLD,LIC MF - LIC GOLD ETF,96,5.56
LICNETFGSC,LICNAMC - LICNMFET,1394,0.37
LICNETFN50,LICNAMC - LICNFENGP,5618,15.57
LIKHITHA,LIKHITHA INFRASTRUC LTD,241202,789.86
LINC,LINC LIMITED,36995,221.04
LINCOLN,LINCOLN PHARMA LTD,68887,424.43
LINDEINDIA,LINDE INDIA LIMITED,136722,9956.60
LIQUID,MIRAEAMC - LIQUID,1,0.01
LIQUIDADD,DSPAMC - LIQUIDADD,1,0.01
LIQUIDBEES,NIP IND ETF LIQUID BEES,19650,196.25
LIQUIDCASE,ZERODHAAMC - LIQUIDCASE,10166,10.31
LIQUIDETF,DSP LIQUID ETF,101,1.01
LIQUIDIETF,ICICIPRAMC - ICICILIQ,18,0.13
LLOYDSENGG,LLOYDS ENGG WORK LIMITED,2572186,1927.48
LLOYDSME,LLOYDS METALS N ENERGY L,467419,2846.21
LMW,LMW LIMITED,21876,3568.25
LODHA,MACROTECH DEVELOPERS LTD,605849,6731.56
LOKESHMACH,LOKESH MACHINES LTD,39147,66.11
LOTUSEYE,LOTUS EYE HOSP & INST L,387,0.34
LOVABLE,LOVABLE LINGERIE LTD,840,1.14
LOWVOL,MIRAEAMC - MANV30F,220,0.47
LOWVOL1,KOTAKMAMC - KOTAKLOVOL,79133,13.96
LOWVOLIETF,ICICI PR NIF LW VL 30 ETF,947138,189.53
LT,LARSEN & TOUBRO LTD.,1614781,51869.91
LTF,L&T FINANCE LIMITED,12869011,19294.04
LTFOODS,LT FOODS LIMITED,1034275,2710.57
LTGILTBEES,NIP IND ETF LONGTERM GILT,2620,0.55
LTIM,LTIMINDTREE LIMITED,171635,9524.93
LTTS,L&T TECHNOLOGY SER. LTD.,265066,12626.90
LUMAXIND,LUMAX INDUSTRIES LTD,24558,616.37
LUMAXTECH,LUMAX AUTO TECH LTD,470930,2481.69
LUPIN,LUPIN LIMITED,192741,3662.75
LUXIND,LUX INDUSTRIES LIMITED,327133,6835.09
LXCHEM,LAXMI ORGANIC INDUS LTD,3151050,8578.59
LYKALABS,LYKA LABS LTD,68301,90.02
M&M,MAHINDRA & MAHINDRA LTD,964424,23944.12
M&MFIN,M&M FIN. SERVICES LTD,2435493,6503.07
MAANALU,MAAN ALUMINIUM LIMITED,80349,131.23
MADRASFERT,MADRAS FERTILISERS LTD,789528,745.37
MAFANG,MIRAEAMC - MAFANG,299798,256.06
MAGADSUGAR,MAGADH SUGAR & ENERGY LTD,38767,264.22
MAGNUM,MAGNUM VENTURES LTD.,144838,68.27
MAHABANK,BANK OF MAHARASHTRA,42662981,24012.42
MAHAPEXLTD,MAHA RASHTRA APEX COPR. L,1446,1.88
MAHEPC,MAHINDRA EPC IRRIG LTD,2130,2.66
MAHESHWARI,MAHESHWARI LOGISTICS LTD.,3941,2.67
MAHKTECH,MIRAEAMC - MAHKTECH,2767410,475.36
MAHLIFE,MAHINDRA LIFESPACE DEVLTD,943386,5151.25
MAHLOG,MAHINDRA LOGISTIC LIMITED,316228,1342.15
MAHSCOOTER,MAHSCOOTER - DEP SETT,8194,866.17
MAHSEAMLES,MAHARASHTRA SEAMLESS LTD,827206,5012.68
MAITHANALL,MAITHAN ALLOYS LTD,168649,1697.72
MAKEINDIA,MIRAEAMC - MAMFGETF,44276,55.09
MALLCOM,MALLCOM (INDIA) LIMITED,150,2.38
MANAKSIA,MANAKSIA LTD.,55948,66.24
MANAKSTEEL,MANAKSIA STEELS LTD,4284,2.67
MANALIPETC,MANALI PETROCHEMICALS LT,1356872,993.99
MANAPPURAM,MANAPPURAM FINANCE LTD,13707532,22812.69
MANGALAM,MANGALAM DRUG & CHEM LTD,2200,2.53
MANGCHEFER,MANG.CHEM.FERT.LTD,253510,276.13
MANGLMCEM,MANGALAM CEMENT LTD,610710,4260.55
MANINDS,MAN INDUSTRIES (I) LTD.,215253,549.03
MANINFRA,MAN INFRA LTD,1192840,2179.94
MANKIND,MANKIND PHARMA LIMITED,249364,5288.51
MANORAMA,MANORAMA INDUSTRIES LTD,38571,339.71
MANYAVAR,VEDANT FASHIONS LIMITED,43729,503.55
MAPMYINDIA,C.E. INFO SYSTEMS LIMITED,207841,4182.36
MARALOVER,MARAL OVERSEAS LTD,25560,19.05
MARATHON,MARATHON NXTGEN REALT LTD,416792,2266.69
MARICO,MARICO LIMITED,311616,1953.19
MARKSANS,MARKSANS PHARMA LIMITED,2213382,5044.45
MARSHALL,MARSHALL MACHINES LTD,3452,1.62
MARUTI,MARUTI SUZUKI INDIA LTD.,165459,18291.94
MASFIN,MAS FINANCIAL SERV LTD,285476,798.00
MASPTOP50,MIRAEAMC - MASPTOP50,86486,31.73
MASTEK,MASTEK LTD,189031,5066.60
MATRIMONY,MATRIMONY.COM LIMITED,36892,232.95
MAWANASUG,MAWANA SUGARS LIMITED,41802,49.15
MAXESTATES,MAX ESTATES LIMITED,212419,871.96
MAXHEALTH,MAX HEALTHCARE INS LTD,348258,3025.66
MAXIND,MAX INDIA LIMITED,13123,27.32
MAYURUNIQ,MAYUR UNIQUOTERS LTD,127950,734.07
MAZDA,MAZDA LIMITED,8323,107.26
MAZDOCK,MAZAGON DOCK SHIPBUIL LTD,1650905,67041.77
MBAPL,MADHYA BHARAT AGRO P. LTD,30992,48.77
MCLEODRUSS,MCLEOD RUSSEL INDIA LTD.,27839,9.51
MCX,MULTI COMMODITY EXCHANGE,99316,5031.96
MEDANTA,GLOBAL HEALTH LIMITED,335141,3553.50
MEDIASSIST,MEDI ASSIST HEALTH SER L,145136,804.23
MEDICAMEQ,MEDICAMEN BIOTECH LIMITED,21263,146.19
MEDICO,MEDICO REMEDIES LIMITED,4050,3.67
MEDPLUS,MEDPLUS HEALTH SERV LTD,676390,4216.88
MEGASOFT,MEGASOFT LTD,15352,8.11
MEGASTAR,MEGASTAR FOODS LIMITED,450,1.44
MENONBE,MENON BEARINGS LIMITED,79423,89.75
METALIETF,ICICIPRAMC - METALIETF,138501,13.45
METROBRAND,METRO BRANDS LIMITED,220811,2767.02
METROPOLIS,METROPOLIS HEALTHCARE LTD,29941,489.63
MFSL,MAX FINANCIAL SERV LTD,73826,788.20
MGL,MAHANAGAR GAS LTD.,292792,4691.48
MHRIL,MAHINDRA HOLIDAYS LTD,491236,1885.72
MID150BEES,NIP IND ETF MIDCAP 150,659001,1408.72
MID150CASE,ZERODHAAMC - MID150CASE,6000,0.63
MIDCAP,KOTAKMAMC - KOTAKMID50,84303,131.90
MIDCAPETF,MIRAEAMC - MAM150ETF,4746268,984.00
MIDCAPIETF,ICICIPRAMC - ICICIM150,2416231,506.26
MIDHANI,MISHRA DHATU NIGAM LTD,2414984,9739.21
MIDQ50ADD,DSPAMC - DSPQ50ETF,16305,41.79
MIDSELIETF,ICICI PRUD MIDCAP SEL ETF,854667,135.16
MIDSMALL,MIRAEAMC - MIDSMALL,75339,30.90
MINDACORP,MINDA CORPORATION LTD,866915,4541.67
MIRCELECTR,MIRC ELECTRONICS LTD,10426,3.01
MIRZAINT,MIRZA INTERNATIONAL LIMIT,116024,50.72
MITCON,MITCON CON & ENG SER LTD,833,0.93
MKPL,M K PROTEINS LIMITED,478,0.04
MMFL,MM FORGINGS LTD,54582,291.04
MMP,MMP INDUSTRIES LIMITED,337,1.25
MMTC,MMTC LIMITED,6839622,6471.88
MNC,KOTAKMAMC - KOTAKMNC,77651,24.59
MODEFENCE,MOTILALAMC - MODEFENCE,158286,84.42
MODISONLTD,MODISON LIMITED,1507,2.86
MOGSEC,MOTILALAMC - G5,6,0.00
MOHEALTH,MOTILALAMC - MOHEALTH,83160,36.32
MOIL,MOIL LIMITED,4390885,17837.66
MOL,MEGHMANI ORGANICS LIMITED,3504620,3196.88
MOLDTECH,MOLD-TEK TECHNOLOGIES LTD,140696,239.16
MOLDTKPAC,MOLD-TEK PACKAGING LTD,125387,921.53
MOLOWVOL,MOTILALAMC - MOLOWVOL,22074,8.62
MOM100,MOTILAL OS MIDCAP100 ETF,1521437,894.24
MOM30IETF,ICICIPRAMC - ICICIMOM30,1775151,604.23
MOM50,MOTILAL OSWAL M50 ETF,16159,42.01
MOMENTUM,BIRLASLAMC - MOMENTUM,58442,16.40
MOMENTUM50,MOTILALAMC - MOMENTUM50,1388068,892.62
MOMOMENTUM,MOTILALAMC - MOMOMENTUM,394153,269.23
MON100,MOTILAL OS NASDAQ100 ETF,177164,265.61
MONARCH,MONARCH NETWORTH CAP LTD,128621,432.89
MONIFTY500,MOTILALAMC - MONIFTY500,607794,137.00
MONQ50,MOTILALAMC - MONQ50,147707,92.24
MONTECARLO,MONTE CARLO FASHIONS LTD.,71338,517.40
MOQUALITY,MOTILALAMC - MOQUALITY,156,0.32
MOREALTY,MOTILALAMC - MOREALTY,214245,167.26
MOREPENLAB,MOREPEN LAB. LTD,12256362,8484.26
MOSMALL250,MOTILALAMC - MOSMALL250,21895913,3975.93
MOTHERSON,SAMVRDHNA MTHRSN INTL LTD,6081486,10508.80
MOTILALOFS,MOTILAL OSWAL FIN LTD,860450,6840.42
MOTISONS,MOTISONS JEWELLERS LTD,52306,141.11
MOVALUE,MOTILALAMC - MOVALUE,261966,235.93
MPHASIS,MPHASIS LIMITED,137592,3537.72
MPSLTD,MPS LIMITED,53406,1003.54
MRF,MRF LTD,3530,4171.82
MRPL,MRPL,7807549,14397.27
MSPL,MSP STEEL & POWER LTD.,32809,16.75
MSTCLTD,MSTC LIMITED,1021668,7540.83
MSUMI,MOTHERSON SUMI WRNG IND L,11309802,7395.38
MTARTECH,MTAR TECHNOLOGIES LIMITED,764072,13778.60
MTNL,MAHANAGAR TELEPHONE NIGAM,2408556,1309.73
MUFIN,MUFIN GREEN FINANCE LTD,28391,29.09
MUFTI,CREDO BRANDS MARKETING L,323469,455.20
MUKANDLTD,MUKAND LTD.,589468,917.99
MUKKA,MUKKA PROTEINS LIMITED,894826,352.57
MULTICAP,MIRAEAMC - MULTICAP,110952,14.43
MUNJALAU,MUNJAL AUTO IND. LTD.,401265,485.53
MUNJALSHOW,MUNJAL SHOWA LTD,164869,219.51
MURUDCERA,MURUDESHWAR CERAMICS LTD,13687,8.41
MUTHOOTCAP,MUTHOOT CAP SERV LTD,51767,158.79
MUTHOOTFIN,MUTHOOT FINANCE LIMITED,107514,1873.30
MUTHOOTMF,MUTHOOT MICROFIN LIMITED,327691,638.95
MVGJL,MANOJ VAIBHAV GEM N JEW L,174094,413.21
NACLIND,NACL INDUSTRIES LIMITED,472332,237.36
NAGAFERT,NAGARJUN FERT AND CHE LTD,220585,30.01
NAHARCAP,NAHAR CAP & FIN.,20282,67.79
NAHARINDUS,NAHAR INDS ENT LTD,139892,170.21
NAHARSPING,NAHAR SPINNING MILLS LTD.,102447,297.18
NAM-INDIA,NIPPON L I A M LTD,616091,3887.19
NATCOPHARM,NATCO PHARMA LTD.,1760392,22699.36
NATHBIOGEN,NATH BIO-GENES (I) LTD,1353,3.37
NATIONALUM,NATIONAL ALUMINIUM CO LTD,8209897,15335.02
NAUKRI,INFO EDGE (I) LTD,29167,1912.17
NAVA,NAVA LIMITED,367115,3293.28
NAVINFLUOR,NAVIN FLUORINE INT. LTD,189047,6261.31
NAVKARCORP,NAVKAR CORPORATION LTD.,1070156,1237.66
NAVNETEDUL,NAVNEET EDUCATION LTD,459959,644.65
NAZARA,NAZARA TECHNOLOGIES LTD,1751364,15600.23
NBCC,NBCC (INDIA) LIMITED,14534914,15962.64
NCC,NCC LIMITED,8344208,23010.31
NCLIND,NCL INDUSTRIES LIMITED,570696,1259.20
NDL,NANDAN DENIM LIMITED,52609,1.98
NDLVENTURE,NDL VENTURES LIMITED,4395,5.20
NDRAUTO,NDR AUTO COMPONENTS LTD,8472,53.21
NDTV,NDTV LTD,220814,520.70
NECCLTD,NORTH EAST CARRY CORP LTD,5000,1.48
NECLIFE,NECTAR LIFESCIENCES LTD.,183820,89.68
NELCAST,NELCAST LIMITED,288988,388.51
NELCO,NELCO LTD,280219,2803.22
NEOGEN,NEOGEN CHEMICALS LIMITED,34180,614.88
NESCO,NESCO LTD.,272741,2397.58
NESTLEIND,NESTLE INDIA LIMITED,452633,10379.24
NETF,TATAAML - NETF,12238,32.94
NETWEB,NETWEB TECH INDIA LTD,187665,4448.24
NETWORK18,NETWORK18 MEDIA & INV LTD,5073043,3859.77
NEULANDLAB,NEULAND LAB LTD.,18118,1840.76
NEWGEN,NEWGEN SOFTWARE TECH LTD,148554,1687.45
NEXT50,MIRAEAMC - MANXT50,9609,61.80
NEXT50IETF,ICICIPRAMC - ICICINXT50,1244755,856.28
NFL,NATIONAL FERT. LTD,9581175,11665.57
NGIL,NAKODA GROUP OF IND. LTD,200,0.08
NGLFINE,NGL FINE CHEM LIMITED,2852,49.99
NH,NARAYANA HRUDAYALAYA LTD.,380708,4443.62
NHPC,NHPC LTD,69764662,63154.01
NIACL,THE NEW INDIA ASSU CO LTD,4475633,9935.71
NIF100BEES,NIP IND ETF NIFTY 100,40065,104.23
NIF100IETF,ICICI PRUD NIFTY 100 ETF,258437,70.70
NIFMID150,UTIAMC - NIFMID150,17220,38.32
NIFTY1,KOTAK NIFTY ETF,31087,83.69
NIFTY50ADD,DSPAMC - DSPN50ETF,15334,33.52
NIFTYBEES,NIP IND ETF NIFTY BEES,3954622,10024.00
NIFTYBETF,BFAM - NIFTYBETF,121,0.30
NIFTYETF,MIRAEAMC - MAN50ETF,51714,132.16
NIFTYIETF,ICICI PRUD NIFTY ETF,443775,997.82
NIFTYQLITY,BIRLASLAMC - NIFTYQLITY,12652,2.91
NIITLTD,NIIT LIMITED,2150629,3372.75
NIITMTS,NIIT LEARNING SYSTEMS LTD,163353,459.72
NILAINFRA,NILA INFRASTRUCTURES LTD,7250,0.98
NILKAMAL,NILKAMAL LIMITED,19092,364.57
NINSYS,NINTEC SYSTEMS LIMITED,4446,24.94
NIRLON,NIRLON LTD,200,0.83
NITCO,NITCO LIMITED,143885,121.63
NITINSPIN,NITIN SPINNERS LIMITED,111491,419.66
NLCINDIA,NLC INDIA LIMITED,5558204,12988.89
NMDC,NMDC LTD.,17889001,37970.82
NOCIL,NOCIL LIMITED,2125855,5965.46
NOVAAGRI,NOVA AGRITECH LIMITED,15517,12.17
NPBET,TATAAML - NPBET,404,1.06
NRAIL,N R AGARWAL INDS LTD,225,1.07
NRBBEARING,NRB BEARING LIMITED,636308,1837.37
NRL,NUPUR RECYCLERS LIMITED,2844,3.52
NSIL,NALWA SONS INVESTMENT LTD,6967,419.23
NSLNISP,NMDC STEEL LIMITED,25927704,13661.47
NTPC,NTPC LTD,9981710,36874.63
NUCLEUS,NUCLEUS SOFTWARE EXPORTS,44864,492.28
NURECA,NURECA LIMITED,5096,18.23
NUVAMA,NUVAMA WEALTH MANAGE LTD,194268,11264.44
NUVOCO,NUVOCO VISTAS CORP LTD,921227,3010.55
NV20,KOTAKMAMC - KTKNV20ETF,1176,1.80
NV20BEES,NIP IND ETF ETF NV20,12347,16.84
NV20IETF,ICICI PRUDENTIAL NV20 ETF,606434,83.27
NYKAA,FSN E COMMERCE VENTURES,3342916,5982.83
OAL,ORIENTAL AROMATICS LTD,36887,166.54
OBCL,ORISSA BENGAL CARRIER LTD,2598,1.57
OBEROIRLTY,OBEROI REALTY LIMITED,256121,4744.01
OCCL,ORIENTAL CARBN & CHEM LTD,537,5.02
OFSS,ORACLE FIN SERV SOFT LTD.,47483,4494.84
OIL,OIL INDIA LTD,2179456,11262.64
OILIETF,ICICIPRAMC - OILIETF,1434070,132.10
OLAELEC,OLA ELECTRIC MOBILITY LTD,14835427,11920.39
OLECTRA,OLECTRA GREENTECH LIMITED,2017298,32375.09
OMAXE,OMAXE LIMITED,3800,4.71
OMINFRAL,OM INFRA LIMITED,4081,6.72
ONEPOINT,ONE POINT ONE SOL LTD,418465,236.72
ONGC,OIL AND NATURAL GAS CORP.,16653593,45279.44
ONMOBILE,ONMOBILE GLOBAL LTD.,1480991,1164.34
ONWARDTEC,ONWARD TECHNOLOGIES LTD,99618,388.74
OPTIEMUS,OPTIEMUS INFRACOM LTD,15644,89.79
ORBTEXP,ORBIT EXPORTS LIMITED,1538,2.99
ORCHPHARMA,ORCHID PHARMA LIMITED,55839,522.61
ORICONENT,ORICON ENTERPRISES LTD,237504,83.32
ORIENTBELL,ORIENT BELL LIMITED,22624,80.04
ORIENTCEM,ORIENT CEMENT LTD.,2490075,7705.31
ORIENTCER,ORIENT CERATECH LIMITED,42262,19.63
ORIENTELEC,ORIENT ELECTRIC LIMITED,375637,913.41
ORIENTHOT,ORIENT HOTELS LTD,1666230,2153.36
ORIENTPPR,ORIENT PAPER AND INDS LTD,2911648,1392.77
ORIENTTECH,ORIENT TECHNOLOGIES LTD,34550,74.38
ORISSAMINE,ORISSA MIN DEV CO LTD,24571,1735.46
OSWALAGRO,OSWAL AGRO MILLS LTD,10433,4.88
OSWALGREEN,OSWAL GREENTECH LIMITED,242526,118.98
PAGEIND,PAGE INDUSTRIES LTD,2641,939.07
PAISALO,PAISALO DIGITAL LIMITED,2033167,950.51
PAKKA,PAKKA LIMITED,12341,38.87
PALASHSECU,PALASH SECURITIES LTD,1000,1.52
PANACEABIO,PANACEA BIOTEC LTD.,3502,8.74
PANAMAPET,PANAMA PETROCHEM LTD,323417,1207.40
PAR,PAR DRUGS AND CHEM LTD,80,0.22
PARACABLES,PARAMOUNT COMM LTD,1216599,844.22
PARADEEP,PARADEEP PHOSPHATES LTD,3170374,2625.56
PARAGMILK,PARAG MILK FOODS LTD.,3289858,5732.93
PARAS,PARAS DEF AND SPCE TECH L,28379,302.17
PARKHOTELS,PARKHOTELS,1822553,3279.09
PARSVNATH,PARSVNATH DEVELOPER LTD,9000,1.26
PASUPTAC,PASUPATI ACRYLON LIMITED,16550,7.29
PATANJALI,PATANJALI FOODS LIMITED,841850,12806.23
PATELENG,PATEL ENGINEERING LTD.,2497933,1520.26
PATINTLOG,PATEL INT. LOG. LTD,15523,3.94
PAVNAIND,PAVNA INDUSTRIES LIMITED,320,2.36
PAYTM,ONE 97 COMMUNICATIONS LTD,3899618,23011.84
PCBL,PCBL LIMITED,5979109,22379.30
PCJEWELLER,PC JEWELLER LTD,69635,95.75
PDMJEPAPER,PUDUMJEE PAPER PRO. LTD,101706,94.38
PDSL,PDS LIMITED,61537,308.66
PEARLPOLY,PEARL POLYMERS LTD,17302,6.86
PEL,PIRAMAL ENTERPRISES LTD,747348,7498.28
PENIND,PENNAR INDUSTRIES LTD,1091838,1597.67
PENINLAND,PENINSULA LAND LIMITED,1336030,753.23
PERSISTENT,PERSISTENT SYSTEMS LTD,103966,4619.13
PETRONET,PETRONET LNG LIMITED,1348609,3958.37
PFC,POWER FIN CORP LTD.,10506290,46342.15
PFIZER,PFIZER LTD,36564,1866.10
PFOCUS,PRIME FOCUS LIMITED,1033,1.60
PFS,PTC INDIA FIN SERV LTD,1820207,880.39
PGEL,PG ELECTROPLAST LTD,1337566,3460.39
PGHH,P&G HYGIENE & HEALTH CARE,2143,318.71
PGHL,PROCTER & GAMBLE HEALTH L,5757,282.31
PGIL,PEARL GLOBAL IND LIMITED,35158,275.79
PHARMABEES,NIPPONAMC - NETFPHARMA,5243589,1116.31
PHOENIXLTD,THE PHOENIX MILLS LTD,229914,3671.39
PIDILITIND,PIDILITE INDUSTRIES LTD,64649,1886.26
PIIND,PI INDUSTRIES LTD,48184,1931.58
PILANIINVS,PILANI INV & IND COR LTD,6615,383.63
PITTIENG,PITTI ENGINEERING LIMITED,58758,606.11
PIXTRANS,PIX TRANSMISSIONS LIMITED,60039,819.58
PLASTIBLEN,PLASTIBLENDS INDIA LTD,462,2.61
PLATIND,PLATINUM INDUSTRIES LTD,232859,707.10
PLAZACABLE,PLAZA WIRES LIMITED,7097,6.56
PNB,PUNJAB NATIONAL BANK,64371448,63427.26
PNBGILTS,PNB GILTS LIMITED,2492587,2607.61
PNBHOUSING,PNB HOUSING FIN LTD.,1173219,10511.90
PNC,PRITISH NANDY COMMUNICATI,76900,54.33
PNCINFRA,PNC INFRATECH LTD.,1814668,7885.10
POCL,PONDY OXIDES & CHEM LTD,5716,52.40
POKARNA,POKARNA LIMITED,203068,1982.14
POLICYBZR,PB FINTECH LIMITED,172047,2467.56
POLYCAB,POLYCAB INDIA LIMITED,244789,14750.83
POLYMED,POLY MEDICURE LIMITED,43305,965.84
POLYPLEX,POLYPLEX CORPORATION LTD,463197,5197.05
PONNIERODE,PONNIE SUGARS (ERODE) LTD,5479,24.20
POONAWALLA,POONAWALLA FINCORP LTD,6407154,24096.44
POWERGRID,POWER GRID CORP. LTD.,5795070,17535.47
POWERINDIA,HITACHI ENERGY INDIA LTD,15847,1260.80
POWERMECH,POWER MECH PROJECTS LTD.,109510,3264.74
PPAP,PPAP AUTOMOTIVE LIMITED,7519,15.84
PPL,PRAKASH PIPES LIMITED,192983,946.72
PPLPHARMA,PIRAMAL PHARMA LIMITED,3759377,7279.93
PRAENG,PRAJAY ENG. SYN. LTD.,1700,0.64
PRAJIND,PRAJ INDUSTRIES LTD,1064678,6972.01
PRAKASH,PRAKASH INDUSTRIES LTD,2495473,4167.65
PRAKASHSTL,PRAKASH STEELAGE LTD,4735,0.45
PRECAM,PRECISION CAMSHAFTS LTD.,222633,473.09
PRECWIRE,PRECISION WIRES INDIA LTD,1264326,2229.62
PREMIERENE,PREMIER ENERGIES LIMITED,446128,4338.07
PREMIERPOL,PREMIER POLYFILM LTD,525,1.66
PRESTIGE,PRESTIGE ESTATE LTD,417787,6470.61
PRICOLLTD,PRICOL LIMITED,599248,2425.86
PRIMESECU,PRIME SECURITIES LIMITED,971907,2830.26
PRINCEPIPE,PRINCE PIPES FITTINGS LTD,350552,1950.66
PRITI,PRITI INTERNATIONAL LTD,1000,1.43
PRITIKAUTO,PRITIKA AUTO INDUS LTD,19465,5.60
PRIVISCL,PRIVI SPECIALITY CHE LTD,111985,1404.32
PROZONER,PROZONE REALTY LIMITED,998805,313.27
PRSMJOHNSN,PRISM JOHNSON LIMITED,1474658,2688.30
PRUDENT,PRUDENT CORP ADV SER LTD,8927,177.47
PSB,PUNJAB & SIND BANK,3590612,1774.11
PSPPROJECT,PSP PROJECTS LIMITED,212435,1377.89
PSUBANK,KOTAK PSU BANK,22015,128.31
PSUBANKADD,DSPAMC - DSPPSBKETF,28562,19.31
PSUBNKBEES,NIP IND ETF PSU BANK BEES,5293497,3634.79
PSUBNKIETF,ICICIPRAMC - PSUBANKICI,391884,223.05
PTC,PTC INDIA LIMITED,2967980,5496.52
PTCIL,PTC INDUSTRIES LIMITED,212,26.16
PTL,PTL ENTERPRISES LTD,69923,24.41
PUNJABCHEM,PUNJAB CHEM & CROP PROT L,13761,161.50
PURVA,PURAVANKARA LIMITED,2572,8.35
PVP,PVP VENTURES LIMITED,11547,3.47
PVRINOX,PVR INOX LIMITED,402520,5866.81
PVSL,POPULAR VEHICLES N SER L,75053,156.19
PVTBANIETF,ICICIPRAMC - ICICIBANKP,2391821,479.71
PVTBANKADD,DSPAMC - DSPPVBKETF,151415,34.48
PYRAMID,PYRAMID TECHNOPLAST LTD,87245,124.00
QGOLDHALF,QUANTUM GOLD FUND,446,0.29
QNIFTY,QUANTUM NIFTY 50 ETF,990,27.13
QUAL30IETF,ICICIPRAMC - ICICIQTY30,220068,44.54
QUESS,QUESS CORP LIMITED,487136,3354.38
QUICKHEAL,QUICK HEAL TECH LTD,134638,723.90
RACE,RACE ECO CHAIN LIMITED,29684,122.91
RADHIKAJWE,RADHIKA JEWELTECH LIMITED,15300,18.43
RADIANTCMS,RADIANT CASH MGMT SER LTD,318132,222.26
RADICO,RADICO KHAITAN LTD,128193,2395.77
RADIOCITY,MUSIC BROADCAST LIMITED,143779,20.83
RAILTEL,RAILTEL CORP OF IND LTD,6584690,28821.85
RAIN,RAIN INDUSTRIES LIMITED,5368400,8747.33
RAINBOW,RAINBOW CHILDRENS MED LTD,53627,681.57
RAJESHEXPO,RAJESH EXPORTS LTD,1605823,4988.98
RAJRATAN,RAJRATAN GLOBAL WIRE LTD,71733,331.13
RAJSREESUG,RAJSHREE SUGAR & CHEMICAL,1939,1.53
RALLIS,RALLIS INDIA LTD,1395792,4387.22
RAMANEWS,SHREE RAMA NEWSPRINT LTD,13850,2.89
RAMAPHO,RAMA PHOSPHATES LIMITED,7248,10.92
RAMASTEEL,RAMA STEEL TUBES LIMITED,6594783,888.87
RAMCOCEM,THE RAMCO CEMENTS LIMITED,366849,2959.07
RAMCOIND,RAMCO INDUSTRIES LIMITED,376834,891.32
RAMCOSYS,RAMCO SYSTEMS LTD.,69089,263.48
RAMKY,RAMKY INFRA LTD,713916,3804.99
RAMRAT,RAM RATNA WIRES LIMITED,51155,236.63
RANASUG,RANA SUGARS LTD.,362922,88.15
RANEENGINE,RANE ENG VALVE LTD,57,0.34
RANEHOLDIN,RANE HOLDINGS LIMITED,26667,445.25
RATEGAIN,RATEGAIN TRAVEL TECHN LTD,1031423,5149.73
RATNAMANI,RATNAMANI MET & TUB LTD.,10807,363.74
RATNAVEER,RATNAVEER PRECISION ENG L,600,0.95
RAYMOND,RAYMOND LTD,307206,4901.02
RAYMONDLSL,RAYMOND LIFESTYLE LIMITED,65454,1394.39
RBA,RESTAURANT BRAND ASIA LTD,11133546,12064.79
RBL,RANE BRAKE LINING LTD,194,2.06
RBLBANK,RBL BANK LIMITED,13161501,24435.52
RCF,RASHTRIYA CHEMICALS & FER,10489444,19127.90
RECLTD,REC LIMITED,9298085,45820.63
REDINGTON,REDINGTON LIMITED,2858549,5392.66
REDTAPE,REDTAPE LIMITED,30245,214.81
REFEX,REFEX INDUSTRIES LIMITED,37736,138.32
RELAXO,RELAXO FOOT LTD.,146757,1162.18
RELCHEMQ,RELIANCE CHEMOTEX IND LTD,500,1.49
RELIANCE,RELIANCE INDUSTRIES LTD,10671586,176134.29
RELIGARE,RELIGARE ENTER. LTD.,3178572,7874.94
RELINFRA,RELIANCE INFRASTRUCTU LTD,1036512,1001.96
RENUKA,SHREE RENUKA SUGARS LTD,27922987,12062.30
REPCOHOME,REPCO HOME FINANCE LTD,669183,3120.94
REPL,RUDRABHISHEK ENTERP LTD,9446,20.03
REPRO,REPRO INDIA LIMITED,41687,249.89
RESPONIND,RESPONSIVE INDUSTRIES LTD,414221,1156.86
REVATHIEQU,REVATHI EQUIPMENT INDIA L,0,0.00
RGL,RENAISSANCE GLOBAL LTD,269841,365.75
RHFL,RELIANCE HOME FINANCE LTD,15999,0.79
RHIM,RHI MAGNESITA INDIA LTD,550546,3304.45
RICOAUTO,RICO AUTO INDUSTRIES LTD,1902506,2010.51
RIIL,RELIANCE INDUSTRIAL INFRA,456411,5486.74
RISHABH,RISHABH INSTRUMENTS LTD,158558,552.06
RITCO,RITCO LOGISTICS LIMITED,108804,374.94
RITES,RITES LIMITED,3314956,11070.60
RKFORGE,RAMKRISHNA FORGINGS LTD,572878,4803.19
RKSWAMY,R K SWAMY LIMITED,63166,145.44
RML,RANE (MADRAS) LIMITED,35922,306.65
ROHLTD,ROYAL ORCHID HOTELS LTD,76932,202.79
ROLEXRINGS,ROLEX RINGS LIMITED,18233,381.39
ROSSARI,ROSSARI BIOTECH LIMITED,255944,1993.33
ROSSELLIND,ROSSELL INDIA LIMITED,103,0.57
ROTO,ROTO PUMPS LIMITED,272185,1286.87
ROUTE,ROUTE MOBILE LIMITED,380736,5967.77
RPEL,RAGHAV PRODUCTIVITY ENH L,2231,27.53
RPGLIFE,RPG LIFE SCIENCES LTD,15934,332.00
RPOWER,RELIANCE POWER LTD.,362763,60.73
RPSGVENT,RPSG VENTURES LIMITED,493174,4519.50
RPTECH,RASHI PERIPHERALS LIMITED,496687,1571.14
RRKABEL,R R KABEL LIMITED,63509,954.68
RSWM,RSWM LIMITED,146346,306.43
RSYSTEMS,R SYS INTERNATIONAL LTD,518791,2457.65
RTNINDIA,RATTANINDIA ENT LIMITED,15368003,10478.06
RTNPOWER,RATTANINDIA POWER LIMITED,2399,0.16
RUBFILA,RUBFILA INTERNATIONAL LTD,250,0.20
RUBYMILLS,THE RUBY MILLS LTD,24232,55.70
RUCHIRA,RUCHIRA PAPERS LIMITED,12398,16.43
RUPA,RUPA & COMPANY LTD,462194,1329.50
RUSHIL,RUSHIL DECOR LIMITED,1380071,438.05
RUSTOMJEE,KEYSTONE REALTORS LIMITED,28129,189.73
RVNL,RAIL VIKAS NIGAM LIMITED,9282509,40389.01
SADHNANIQ,SADHANA NITROCHEM LIMITED,619805,332.67
SAFARI,SAFARI IND (INDIA) LTD,58608,1214.46
SAGCEM,SAGAR CEMENTS LIMITED,134852,329.05
SAH,SAH POLYMERS LIMITED,66108,58.03
SAHYADRI,SAHYADRI INDUSTRIES LTD,225,0.89
SAIL,STEEL AUTHORITY OF INDIA,45532843,56500.35
SAKAR,SAKAR HEALTHCARE LIMITED,4007,13.41
SAKHTISUG,SAKTHI SUGARS LTD,1121484,475.57
SAKSOFT,SAKSOFT LIMITED,154118,350.11
SAKUMA,SAKUMA EXPORTS LIMITED,120886,9.37
SALASAR,SALASAR TECHNO ENGG. LTD.,7049531,1264.46
SALSTEEL,S.A.L. STEEL LTD.,48659,13.85
SALZERELEC,SALZER ELECTRONICS LTD,98010,714.38
SAMHI,SAMHI HOTELS LIMITED,1071198,1769.59
SAMMAANCAP,SAMMAAN CAPITAL LIMITED,29588894,45975.72
SANDESH,SANDESH LTD,5950,54.95
SANDHAR,SANDHAR TECHNOLOGIES LTD,272566,1242.62
SANDUMA,SANDUR MANG & IRON ORES L,200478,814.33
SANGAMIND,SANGAM (INDIA) LTD,56061,203.89
SANGHIIND,SANGHI INDUSTRIES LTD,1114809,999.46
SANGHVIMOV,SANGHVI MOVERS LTD,547411,2466.73
SANOFI,SANOFI INDIA LIMITED,4043,238.51
SANSERA,SANSERA ENGINEERING LTD,149960,1748.60
SANSTAR,SANSTAR LIMITED,565697,720.58
SAPPHIRE,SAPPHIRE FOODS INDIA LTD,308684,1029.40
SARDAEN,SARDA ENERGY & MIN LTD,330219,1241.84
SAREGAMA,SAREGAMA INDIA LIMITED,1262818,6610.14
SARLAPOLY,SARLA PERF. FIBERS LTD,28215,29.01
SARVESHWAR,SARVESHWAR FOODS LIMITED,179888,17.59
SASKEN,SASKEN TECHNOLOGIES LTD,54551,775.89
SASTASUNDR,SASTASUNDAR VENTURES LTD,28816,68.16
SATIA,SATIA INDUSTRIES LIMITED,864581,999.17
SATIN,SATIN CREDIT NET LTD,627946,1320.91
SATINDLTD,SAT INDUSTRIES LIMITED,1131359,1197.59
SAURASHCEM,SAURASHTRA CEMENT LIMITED,463818,589.66
SBC,SBC EXPORTS LIMITED,1383526,427.22
SBCL,SHIVALIK BIMETAL CON. LTD,182968,1018.72
SBFC,SBFC FINANCE LIMITED,4452546,3645.13
SBGLP,SURATWWALA BUS GROUP LTD,988388,1348.90
SBICARD,SBI CARDS & PAY SER LTD,1458233,10108.44
SBIETFCON,SBIAMC - SBIETFCON,9646,11.99
SBIETFIT,SBIAMC - SBIETFIT,6032,21.24
SBIETFPB,SBIAMC - SBIETFPB,25288,54.39
SBIETFQLTY,SBIAMC - SBIETFQLTY,5573,11.93
SBILIFE,SBI LIFE INSURANCE CO LTD,229263,3648.28
SBIN,STATE BANK OF INDIA,7925841,57765.27
SBISILVER,SBIAMC - SBISILVER,2200,1.30
SCHAEFFLER,SCHAEFFLER INDIA LIMITED,87019,3225.38
SCHAND,S CHAND AND COMPANY LTD,135353,233.62
SCHNEIDER,SCHNEIDER ELECTRIC INFRA,166194,1174.00
SCI,SHIPPING CORP OF INDIA LT,9246161,24121.49
SCILAL,SHIPPING CORP OF ILA LTD,802562,496.93
SCPL,SHEETAL COOL PRODUCTS LTD,251,1.02
SDBL,SOM DIST & BREW LTD,3258223,3502.31
SDL26BEES,RELCAPAMC-NETFSDL26,5,0.01
SEAMECLTD,SEAMEC LIMITED,62008,891.18
SECURCRED,SECUR CREDENTIALS LIMITED,150,0.05
SELAN,SELAN EXPLO. TECH LTD,32823,244.37
SENCO,SENCO GOLD LIMITED,224460,2320.49
SENSEXADD,DSPAMC - DSPSENXETF,746,0.61
SENSEXETF,MIRAEAMC - SENSEXETF,5352,4.40
SENSEXIETF,ICICI PRUD SENSEX ETF,3654,27.68
SEPC,SEPC LIMITED,5072830,1415.75
SEQUENT,SEQUENT SCIENTIFIC LTD.,179554,323.05
SERVOTECH,SERVOTECH POWER SYS LTD.,316206,269.38
SESHAPAPER,SESHASAYEE PAPER & BOARDS,49782,159.61
SETF10GILT,SBIAMC - SETF10GILT,151,0.24
SETFGOLD,SBI-ETF GOLD,56121,29.63
SETFNIF50,SBI-ETF NIFTY 50,255610,617.64
SETFNIFBK,SBI-ETF NIFTY BANK,13469,58.81
SETFNN50,SBI-ETF NIFTY NEXT 50,35614,257.89
SFL,SHEELA FOAM LIMITED,236323,2000.65
SGIL,SYNERGY GREEN IND. LTD,20252,69.29
SHAILY,SHAILY ENG PLASTICS LTD,122277,887.91
SHALBY,SHALBY LIMITED,521769,1210.76
SHALPAINTS,SHALIM PAINTS LTD,1285654,1932.56
SHANKARA,SHANKARA BLDG PRODUCT LTD,297000,1863.12
SHANTIGEAR,SHANTHI GEARS LTD,94250,562.00
SHARDACROP,SHARDA CROPCHEM LTD.,88315,446.99
SHARDAMOTR,SHARDA MOTOR INDS LTD,14480,273.60
SHAREINDIA,SHARE IND. SECURITIES LTD,1193280,3509.87
SHARIABEES,NIP IND ETF SHARIAH BEES,1151,5.40
SHEMAROO,SHEMAROO ENTER. LTD.,24582,45.87
SHILPAMED,SHILPA MEDICARE LTD,1705662,9726.62
SHIVALIK,SHIVALIK RASAYAN LIMITED,5910,39.11
SHIVAMAUTO,SHIVAM AUTO.LTD,12999,6.69
SHIVAMILLS,SHIVA MILLS LIMITED,4670,4.60
SHK,S H KELKAR AND CO. LTD.,532029,1396.13
SHOPERSTOP,SHOPPERS STOP LIMITED,31790,241.26
SHREDIGCEM,SHREE DIGVIJAY CEM CO LTD,724167,633.34
SHREECEM,SHREE CEMENT LIMITED,6266,1483.49
SHREEPUSHK,SHRE PUSH CHEM & FERT LTD,74,0.20
SHREYANIND,SHREYANS INDUSTRIES LTD,589,1.79
SHRIPISTON,SHRIRAM PIST. & RING LTD,110213,2095.09
SHRIRAMFIN,SHRIRAM FINANCE LIMITED,293249,8712.22
SHRIRAMPPS,SHRIRAM PROPERTIES LTD,6128122,6764.61
SHYAMCENT,SHYAM CENTURY FERROUS LTD,20482,3.93
SHYAMMETL,SHYAM METALICS AND ENGY L,1431362,10035.89
SIEMENS,SIEMENS LTD,126046,8140.11
SIGACHI,SIGACHI INDUSTRIES LTD,3414991,1986.07
SIGIND,SIGNET INDUSTRIES LIMITED,30313,23.99
SIGMA,SIGMA SOLVE LIMITED,2300,10.30
SIGNATURE,SIGNATUREGLOBAL INDIA LTD,62509,829.57
SIGNPOST,SIGNPOST INDIA LIMITED,54792,108.19
SILINV,SIL INVESTMENTS LIMITED,9242,61.22
SILVER,BIRLASLAMC - SILVER,74994,60.60
SILVER1,KOTAKMAMC - KOTAKSILVE,4866,4.19
SILVERADD,DSPAMC - DSPSILVETF,0,0.00
SILVERBEES,NIPPONAMC - NETFSILVER,2418182,1920.20
SILVERETF,UTIAMC - SILVERETF,53918,35.57
SILVERIETF,ICICIPRAMC - ICICISILVE,335113,239.70
SILVERTUC,SILVER TOUCH TECHNO LTD,1668,5.97
SILVRETF,MIRAEAMC - MASILVER,1677,1.60
SINCLAIR,SINCLAIRS HOTELS LIMITED,99151,74.04
SINDHUTRAD,SINDHU TRADE LINKS LTD,854439,211.43
SIRCA,SIRCA PAINT INDIA LIMITED,355908,1196.93
SIS,SIS LIMITED,147645,599.57
SIYSIL,SIYARAM SILK MILLS LTD,105535,467.99
SJS,SJS ENTERPRISES LIMITED,120681,1079.15
SJVN,SJVN LTD,29708707,36254.74
SKFINDIA,SKF INDIA LTD,91300,4779.98
SKIPPER,SKIPPER LIMITED,733058,3348.98
SKMEGGPROD,SKM EGG PROD EXPORT(I) LT,66101,126.41
SKYGOLD,SKY GOLD LIMITED,20,0.58
SMALLCAP,MIRAEAMC - SMALLCAP,591280,272.73
SMCGLOBAL,SMC GLOBAL SECURITIES LTD,219285,318.27
SMLISUZU,SML ISUZU LIMITED,53383,977.27
SMLT,SARTHAK METALS LIMITED,525,1.10
SMSPHARMA,SMS PHARMACEUTICALS LTD.,454911,1311.73
SNOWMAN,SNOWMAN LOGISTICS LTD.,1819794,1266.80
SOBHA,SOBHA LIMITED,106819,1764.12
SOLARA,SOLARA ACTIVE PHA SCI LTD,2989,20.19
SOLARINDS,SOLAR INDUSTRIES (I) LTD,147680,12845.10
SOMANYCERA,SOMANY CERAMICS LIMITED,80470,531.08
SONACOMS,SONA BLW PRECISION FRGS L,909030,5538.49
SONATSOFTW,SONATA SOFTWARE LTD,760408,4387.39
SOTL,SAVITA OIL TECHNOLO. LTD,151837,753.53
SOUTHBANK,THE SOUTH INDIAN BANK LTD,51235826,12460.70
SOUTHWEST,SOUTH WEST PINNACLE LTD,1182,1.51
SPAL,S. P. APPARELS LIMITED,8698,63.38
SPANDANA,SPANDANA SPHOORTY FIN LTD,673837,4038.31
SPARC,SUN PHARMA ADV.RES.CO.LTD,689269,1429.35
SPCENET,SPACENET ENTERS IND LTD,7315764,1256.84
SPECIALITY,SPECIALITY REST LTD,111274,186.37
SPENCERS,SPENCER S RETAIL LIMITED,972270,887.26
SPIC,SPIC LTD,2092446,1590.91
SPICEJET,SPICEJET LIMITED,522,0.44
SPLIL,SPL INDUSTRIES LIMITED,17006,12.62
SPLPETRO,SUPREME PETROCHEM LIMITED,121174,777.81
SPMLINFRA,SPML INFRA LIMITED,25221,65.32
SPORTKING,SPORTKING INDIA LIMITED,47436,44.75
SREEL,SREELEATHERS LIMITED,29213,76.63
SRF,SRF LTD,388776,8679.51
SRGHFL,SRG HOUSING FINANCE L,932,3.68
SRHHYPOLTD,SREE RAYALSEEMA HHP LTD.,53398,314.86
SSDL,SARASWATI SAREE DEPOT LTD,18780,17.46
SSWL,STEEL STRIPS WHEELS LTD.,847485,1788.34
STANLEY,STANLEY LIFESTYLES LTD,52024,226.38
STAR,STRIDES PHARMA SCI LTD,280579,2189.14
STARCEMENT,STAR CEMENT LIMITED,1084265,2173.42
STARHEALTH,STAR HEALTH & AL INS CO L,1120653,6144.64
STARPAPER,STAR PAPER MILLS LTD,1791,4.68
STCINDIA,THE STATE TRADING CORPN,179537,273.97
STEELCAS,STEELCAST LIMITED,16333,114.80
STEELCITY,STEEL CITY SECURITIES LTD,5110,4.38
STEELXIND,STEEL EXCHANGE INDIA LTD,1624389,205.58
STERTOOLS,STERLING TOOLS LIMITED,198406,899.87
STLTECH,STERLITE TECHNOLOGIES LTD,6528165,7951.24
STOVEKRAFT,STOVE KRAFT LIMITED,445900,2955.99
STYLAMIND,STYLAM INDUSTRIES LIMITED,18691,403.36
STYLEBAAZA,BAAZAR STYLE RETAIL LTD,30696,89.77
STYRENIX,STYRENIX PERFORMANCE LTD,25981,619.19
SUBEXLTD,SUBEX LTD,16373837,4667.86
SUBROS,SUBROS LIMITED,149038,946.98
SUDARSCHEM,SUDARSHAN CHEMICAL INDS L,277123,2540.12
SUKHJITS,SUKHJIT STARCH & CHEM LTD,504,1.54
SULA,SULA VINEYARDS LIMITED,1408515,6398.93
SUMICHEM,SUMITOMO CHEM INDIA LTD,3498733,17063.66
SUMMITSEC,SUMMIT SECURITIES LTD,14189,287.70
SUNCLAY,SUNDARAM CLAYTON LIMITED,5294,100.18
SUNDARAM,SUNDARAM MULTI PAP LTD,5173,0.13
SUNDARMFIN,SUNDARAM FINANCE LTD,16036,712.13
SUNDARMHLD,SUNDARAM FINANCE HOLD LTD,330407,740.60
SUNDRMBRAK,SUNDARAM BRAK LININGS LTD,16,0.18
SUNDRMFAST,SUNDRAM FASTENERS LTD,22681,273.18
SUNFLAG,SUNFLAG IRON AND STEEL CO,943930,1869.39
SUNPHARMA,SUN PHARMACEUTICAL IND L,181950,3023.19
SUNTECK,SUNTECK REALTY LIMITED,818642,4634.06
SUNTV,SUN TV NETWORK LIMITED,183338,1308.27
SUPERHOUSE,SUPERHOUSE LIMITED,919,2.02
SUPRAJIT,SUPRAJIT ENGINEERING LTD,247102,1124.07
SUPREMEIND,SUPREME INDUSTRIES LTD,78649,3704.73
SUPRIYA,SUPRIYA LIFESCIENCE LTD,375174,1820.90
SURAJEST,SURAJ ESTATE DEVELOPERS L,156170,1106.71
SURYALAXMI,SURYALAKSHMI COT MIL LTD,250,0.21
SURYAROSNI,SURYA ROSHNI LTD,939107,5715.41
SURYODAY,SURYODAY SMALL FIN BK LTD,1036070,1548.38
SUTLEJTEX,SUTLEJ TEXT & INDUS LTD,420723,245.23
SUVEN,SUVEN LIFE SCIENCES LTD,246545,232.02
SUVENPHAR,SUVEN PHARMACEUTICALS LTD,96778,743.74
SUYOG,SUYOG TELEMATICS LIMITED,12612,197.31
SUZLON,SUZLON ENERGY LIMITED,17723399,11311.07
SWANENERGY,SWAN ENERGY LIMITED,3695464,18587.14
SWARAJENG,SWARAJ ENGINES LTD,18843,502.18
SWELECTES,SWELECT ENERGY SYS LTD,38882,288.53
SWSOLAR,STRLNG & WIL REN ENE LTD,1643944,8811.56
SYMPHONY,SYMPHONY LIMITED,169810,2573.00
SYNCOMF,SYNCOM FORMU (I) LTD,354143,59.06
SYNGENE,SYNGENE INTERNATIONAL LTD,224590,1773.38
SYRMA,SYRMA SGS TECHNOLOGY LTD,942229,3732.89
TAJGVK,TAJ GVK HOTELS & RESORTS,513249,1580.11
TAKE,TAKE SOLUTIONS LTD,38244,12.50
TALBROAUTO,TALBROS AUTO. COMP. LTD,184388,579.97
TANLA,TANLA PLATFORMS LIMITED,2106911,18819.39
TARC,TARC LIMITED,40089,83.34
TARMAT,TARMAT LIMITED,1000,1.01
TARSONS,TARSONS PRODUCTS LIMITED,298033,1447.60
TASTYBITE,TASTY BITE EATABLES LTD,7467,922.66
TATACHEM,TATA CHEMICALS LTD,1004390,10180.21
TATACOMM,TATA COMMUNICATIONS LTD,345858,6106.92
TATACONSUM,TATA CONSUMER PRODUCT LTD,1151820,11532.41
TATAELXSI,TATA ELXSI LIMITED,339282,24469.24
TATAGOLD,TATAAML-TATAGOLD,149081,11.25
TATAINVEST,TATA INVESTMENT CORP LTD,40294,2432.78
TATAMOTORS,TATA MOTORS LIMITED,15636079,134300.92
TATAMTRDVR,TATA MOTORS DVR  A  ORD,77,0.51
TATAPOWER,TATA POWER CO LTD,12271874,48578.96
TATASTEEL,TATA STEEL LIMITED,34590284,49710.95
TATATECH,TATA TECHNOLOGIES LIMITED,2580591,25314.39
TATSILV,TATAAML-TATSILV,9458,0.84
TATVA,TATVA CHIN PHARM CHEM LTD,185616,1759.67
TBOTEK,TBO TEK LIMITED,7378,105.88
TBZ,TRIB BHIMJI ZAVERI LTD,142234,379.22
TCI,TRANSPORT CORPN OF INDIA,28526,276.56
TCIEXP,TCI EXPRESS LIMITED,89411,914.15
TCPLPACK,TCPL PACKAGING LIMITED,4327,112.08
TCS,TATA CONSULTANCY SERV LT,1125476,43507.73
TDPOWERSYS,TD POWER SYSTEMS LTD.,392590,1426.59
TEAMLEASE,TEAMLEASE SERVICES LTD.,25585,753.49
TECH,BIRLASLAMC - TECH,2284,0.90
TECHM,TECH MAHINDRA LIMITED,356495,5183.96
TECHNOE,TECHNO ELEC & ENG CO. LTD,12472,189.10
TEGA,TEGA INDUSTRIES LIMITED,35378,536.74
TEJASNET,TEJAS NETWORKS LIMITED,1462456,16539.81
TEXINFRA,TEXMACO INFRA & HOLDG LTD,1407546,1674.31
TEXMOPIPES,TEXMO PIPE & PRODUCTS LTD,10981,8.56
TEXRAIL,TEXMACO RAIL & ENG. LTD.,5976953,11197.63
TFCILTD,TOURISM FINANCE CORP. OF,97146,165.94
THANGAMAYL,THANGAMAYIL JEWELLERY LTD,39558,824.66
THEJO,THEJO ENGINEERING LIMITED,17459,457.65
THEMISMED,THEMIS MEDICARE LTD.,77191,187.64
THERMAX,THERMAX LTD,31220,1452.70
THOMASCOOK,THOMAS COOK (INDIA) LTD,916857,1688.63
THOMASCOTT,THOMAS SCOTT (INDIA) LTD,153,0.37
THYROCARE,THYROCARE TECH LTD,27406,234.95
TI,TILAKNAGAR INDUSTRIES LTD,2214750,5522.42
TIIL,TECHNOCRAFT IND LTD,68716,1836.33
TIINDIA,TUBE INVEST OF INDIA LTD,70402,2713.11
TIL,TIL LTD,200,0.68
TIMETECHNO,TIME TECHNOPLAST LTD.,990619,2800.25
TIMKEN,TIMKEN INDIA LTD.,121249,4262.72
TIPSFILMS,TIPS FILMS LIMITED,100,0.63
TIPSMUSIC,TIPS MUSIC LIMITED,334761,1978.94
TIRUMALCHM,THIRUMALAI CHEMICALS LTD,1376323,3974.11
TITAGARH,TITAGARH RAIL SYSTEMS LTD,1504593,17927.75
TITAN,TITAN COMPANY LIMITED,746707,23641.14
TMB,TAMILNAD MERCA BANK LTD,176063,707.30
TNIDETF,TATAAML - TNIDETF,129298,110.80
TNPETRO,TAMILNADU PETROPRODUCTS L,926038,820.43
TNPL,TAMILNADU NEWSPRT & PAPER,499805,1128.59
TOKYOPLAST,TOKYO PLAST INTL LTD,150,0.20
TOP100CASE,ZERODHAAMC - TOP100CASE,3783,0.40
TOP10ADD,DSPAMC - TOP10ADD,17062,12.58
TORNTPHARM,TORRENT PHARMACEUTICALS L,41232,1268.04
TORNTPOWER,TORRENT POWER LTD,165326,2729.11
TRACXN,TRACXN TECHNOLOGIES LTD,767226,667.84
TRANSWORLD,TRANSWORLD SHIP LINES LTD,221861,718.32
TREL,TRANSINDIA REAL ESTATE L,900833,371.69
TRENT,TRENT LTD,143715,8290.27
TRF,TRF LIMITED,2476,11.21
TRIDENT,TRIDENT LIMITED,18150383,6187.78
TRIGYN,TRIGYN TECHNOLOGIES LTD,2283,3.21
TRITURBINE,TRIVENI TURBINE LIMITED,354261,2323.65
TRIVENI,TRIVENI ENGG. & INDS. LTD,711270,2922.41
TRU,TRUCAP FINANCE LIMITED,72260,32.92
TTKHLTCARE,TTK HEALTHCARE LIMITED,6624,102.62
TTKPRESTIG,TTK PRESTIGE LTD,59196,474.49
TTL,T T LIMITED,10983,13.74
TTML,TATA TELESERV(MAHARASTRA),10154218,8133.68
TV18BRDCST,TV18 BROADCAST LIMITED,3192055,1364.29
TVSELECT,TVS ELECTRONICS LTD,3209,11.73
TVSHLTD,TVS HOLDINGS LIMITED,2834,359.66
TVSMOTOR,TVS MOTOR COMPANY  LTD,352921,8666.40
TVSSCS,TVS SUPPLY CHAIN SOL L,1753336,2969.12
TVSSRICHAK,TVS SRICHAKRA LIMITED,11411,438.74
TVTODAY,TV TODAY NETWORK LTD,587415,1343.54
UBL,UNITED BREWERIES LTD,47825,892.21
UCAL,UCAL LIMITED,9401,17.04
UCOBANK,UCO BANK,17268658,8078.96
UDAICEMENT,UDAIPUR CEMENT WORKS LTD,203080,62.74
UDS,UPDATER SERVICES LIMITED,674740,2143.57
UFLEX,UFLEX LIMITED,202340,1252.17
UFO,UFO MOVIEZ INDIA LTD.,174410,233.44
UGARSUGAR,THE UGAR SUGAR WORKS LTD,394950,284.42
UGROCAP,UGRO CAPITAL LIMITED,751304,1598.18
UJJIVANSFB,UJJIVAN SMALL FINANC BANK,39768446,16934.61
ULTRACEMCO,ULTRATECH CEMENT LIMITED,84399,9066.42
UMAEXPORTS,UMA EXPORTS LIMITED,22996,20.59
UNICHEMLAB,UNICHEM LABORATORIES LTD,37890,189.65
UNIDT,UNITED DRILLING TOOLS LTD,11483,25.45
UNIECOM,UNICOMMERCE ESOLUTIONS L,630293,870.13
UNIENTER,UNIPHOS ENTERPRISES LTD,6015,11.39
UNIONBANK,UNION BANK OF INDIA,39612141,47220.62
UNIPARTS,UNIPARTS INDIA LIMITED,257199,1278.71
UNITDSPR,UNITED SPIRITS LIMITED,334781,3499.50
UNITECH,UNITECH LTD,20139,2.22
UNITEDTEA,UNITED NILGIRI TEA LTD,405,2.04
UNIVCABLES,UNIVERSAL CABLES LTD,57726,309.22
UNOMINDA,UNO MINDA LIMITED,480532,4601.14
UPL,UPL LIMITED,1705021,9011.18
URJA,URJA GLOBAL LIMITED,2263,0.46
USHAMART,USHA MARTIN LTD.,1525582,5733.46
UTIAMC,UTI ASSET MNGMT CO LTD,164231,1834.36
UTIBANKETF,UTIAMC - UTIBANKETF,58650,30.53
UTINEXT50,UTIAMC - UTINEXT50,221615,170.41
UTINIFTETF,UTIAMC - UTINIFTETF,10442,26.47
UTISENSETF,UTIAMC - UTISENSETF,833,7.36
UTISXN50,UTIAMC - UTISXN50,10373,9.56
UTKARSHBNK,UTKARSH SMALL FIN BANK L,9747406,4646.45
UTTAMSUGAR,UTTAM SUGAR MILLS LTD.,376487,1201.59
VADILALIND,VADILAL INDUSTRIES LTD,28626,1065.15
VAIBHAVGBL,VAIBHAV GLOBAL LIMITED,1344509,4064.05
VAISHALI,VAISHALI PHARMA LIMITED,34481,9.93
VAKRANGEE,VAKRANGEE LIMITED,11943944,3307.97
VALIANTLAB,VALIANT LABORATORIES LTD,77163,91.99
VALIANTORG,VALIANT ORGANICS LIMITED,192561,721.11
VARDHACRLC,VARDHAMAN ACRYLICS LTD,10066,6.22
VARROC,VARROC ENGINEERING LTD.,434359,2389.90
VASCONEQ,VASCON ENGINEERS LTD,3491378,2154.02
VBL,VARUN BEVERAGES LIMITED,16674942,91352.22
VEDL,VEDANTA LIMITED,17821740,73827.35
VEEDOL,VEEDOL CORPORATION LTD,94220,1897.14
VENKEYS,VENKY S (INDIA) LIMITED,161273,2859.83
VENUSPIPES,VENUS PIPES & TUBES LTD,238808,4263.04
VENUSREM,VENUS REMEDIES LIMITED,2868,10.01
VERANDA,VERANDA LEARNING SOL LTD,5000,14.13
VERTOZ,VERTOZ LIMITED,2020,0.72
VESUVIUS,VESUVIUS INDIA LTD,17543,808.40
VETO,VETO SWITCHGEAR CABLE LTD,103,0.17
VGUARD,V-GUARD IND LTD.,473797,1887.26
VHL,VARDHMAN HOLDINGS LIMITED,773,24.59
VIDHIING,VIDHI SPCLTY F INGRDNTS L,467601,2139.22
VIJAYA,VIJAYA DIAGNOSTIC CEN LTD,65129,586.33
VIJIFIN,VIJI FINANCE LIMITED,50000,1.42
VIKASECO,VIKAS ECOTECH LIMITED,111673,4.21
VIKASLIFE,VIKAS LIFECARE LIMITED,316263,16.65
VIMTALABS,VIMTA LABS LIMITED,110175,602.35
VINATIORGA,VINATI ORGANICS LTD,44978,791.38
VINDHYATEL,VINDHYA TELELINKS LTD,267773,6254.21
VINYLINDIA,VINYL CHEMICALS (I) LTD.,39944,113.69
VIPCLOTHNG,VIP CLOTHING LIMITED,12050,6.62
VIPIND,VIP INDUSTRIES LTD,1986812,10024.55
VIPULLTD,VIPUL LIMITED,3600,1.37
VIRINCHI,VIRINCHI LIMITED,56370,18.62
VISAKAIND,VISAKA INDUSTRIES LIMITED,607021,655.00
VISHNU,VISHNU CHEMICALS LIMITED,114082,417.54
VISHWARAJ,VISHWARAJ SUGAR IND LTD,812669,145.01
VLEGOV,VL E GOV AND IT SOL LTD,140,0.24
VLSFINANCE,VLS FINANCE LTD,74970,165.59
VMART,VMART RETAIL LTD,13882,410.75
VOLTAMP,VOLTAMP TRANSFORMERS LTD,38862,4045.17
VOLTAS,VOLTAS LTD,239078,3902.33
VPRPL,VISHNU PRAKASH R PUNGLI L,1731488,3580.13
VRAJ,VRAJ IRON AND STEEL LTD,250334,516.94
VRLLOG,VRL LOGISTICS LIMITED,126383,659.32
VSSL,VARDHMAN SPC STEEL LTD,73006,169.48
VSTIND,VST INDUSTRIES LTD,1077757,4160.60
VSTL,VIBHOR STEEL TUBES LTD,207,0.55
VSTTILLERS,VST TILLERS TRACTORS LTD,19972,769.91
VTL,VARDHMAN TEXTILES LIMITED,473729,2169.83
WABAG,VA TECH WABAG LTD,362504,3523.40
WANBURY,WANBURY LIMITED,200,0.45
WEALTH,WEALTH FRST PORT. MG. LTD,10,0.13
WEBELSOLAR,WEBSOL ENERGY SYSTEM LTD,1090,12.35
WEL,WONDER ELECTRICALS LTD,601,5.15
WELCORP,WELSPUN CORP LIMITED,1122078,6777.72
WELENT,WELSPUN ENTERPRISES LTD.,1104106,4777.12
WELSPUNLIV,WELSPUN LIVING LIMITED,6824262,11397.86
WENDT,WENDT (INDIA) LIMITED,127,18.38
WESTLIFE,WESTLIFE FOODWORLD LTD,66545,558.78
WHEELS,WHEELS INDIA LTD,144123,977.15
WHIRLPOOL,WHIRLPOOL OF INDIA LTD,39712,743.20
WINDLAS,WINDLAS BIOTECH LIMITED,26166,188.90
WINDMACHIN,WINDSOR MACHINES LIMITED,26299,49.23
WIPRO,WIPRO LTD,1962558,9389.34
WOCKPHARMA,WOCKHARDT LIMITED,15188,151.03
WONDERLA,WONDERLA HOLIDAYS LTD.,81342,680.70
WORTH,WORTH PERIPHERALS LIMITED,6320,9.62
WSI,W.S.INDUSTRIES (I) LTD.,85282,101.86
WSTCSTPAPR,WEST COAST PAPER MILLS LT,436261,2611.97
XCHANGING,XCHANGING SOLUTIONS LTD,633022,690.68
XPROINDIA,XPRO INDIA LIMITED,159839,1696.94
YASHO,YASHO INDUSTRIES LIMITED,15082,204.67
YATHARTH,YATHARTH HOSP & TRA C S L,472614,2514.32
YATRA,YATRA ONLINE LIMITED,380501,394.11
YESBANK,YES BANK LIMITED,301921077,64513.87
YUKEN,YUKEN INDIA LIMITED,10402,102.46
ZAGGLE,ZAGGLE PREPA OCEAN SER L,66098,257.98
ZEEL,ZEE ENTERTAINMENT ENT LTD,34819766,54507.80
ZEELEARN,ZEE LEARN LIMITED,91800,9.76
ZEEMEDIA,ZEE MEDIA CORPORATION LTD,51510,10.66
ZENSARTECH,ZENSAR TECHNOLOGIES  LTD,1292531,8455.88
ZENTEC,ZEN TECHNOLOGIES LIMITED,526508,7531.66
ZFCVINDIA,ZF COM VE CTR SYS IND LTD,7334,988.72
ZIMLAB,ZIM LABORATORIES LIMITED,230727,216.23
ZODIACLOTH,ZODIAC CLOTHING CO. LTD.,300,0.42
ZOMATO,ZOMATO LIMITED,27764504,64736.79
ZOTA,ZOTA HEALTH CARE LIMITED,26717,127.09
ZUARI,ZUARI AGRO CHEMICALS LTD,329067,607.06
ZUARIIND,ZUARI INDUSTRIES LIMITED,117500,341.71
ZYDUSLIFE,ZYDUS LIFESCIENCES LTD,1030516,10052.26
ZYDUSWELL,ZYDUS WELLNESS LIMITED,60643,1178.48
,,,
 * Figures are rounded to the nearest decimal. ,,,
