SEBI REPORT AS ON Reporting date 01-JUL-2022,,,
Please note the figures are provisional as few members have not submitted the data,,,
,,,
Sr.No.,Particulars,Rs. In Lakhs ,
1,Scripwise Total Outstanding on the beginning of the day,2254389.68,
2,Fresh Exposure taken during the day,134149.54,
3,Exposure liquidated during the day,135399.47,
4,Net scripwise outstanding at the end of the day,2253139.75,
,,,
,,,
Symbol,Name,Qty Fin by all the members(No.of Shares),Amt Fin by all the members(Rs. In Lakhs)
20MICRONS,20 MICRONS LTD,9791,7.93
3IINFOLTD,3I INFOTECH LIMITED,5100,2.20
3MINDIA,3M INDIA LIMITED,1089,214.85
532323,SHIVA CEMENT LTD.,1000,0.40
5PAISA,5PAISA CAPITAL LIMITED,25168,75.39
63MOONS,63 MOONS TECHNOLOGIES LTD,2808,4.51
A2ZINFRA,A2Z INFRA ENGINEERING LTD,37994,4.55
AAKASH,AAKASH EXPLORATION SER L,294550,60.37
AAREYDRUGS,AAREY DRUGS & PHARM LTD,8457,3.81
AARTIDRUGS,AARTI DRUGS LTD.,221110,1072.00
AARTIIND,AARTI INDUSTRIES LTD,524861,3764.23
AARTISURF,AARTI SURFACTANTS LIMITED,19058,110.88
AAVAS,AAVAS FINANCIERS LIMITED,63730,1277.37
ABAN,ABAN OFFSHORE LTD.,26069,15.56
ABB,ABB INDIA LIMITED,38026,771.13
ABBOTINDIA,ABBOTT INDIA LIMITED,4498,733.73
ABCAPITAL,ADITYA BIRLA CAPITAL LTD.,3336795,3098.87
ABFRL,ADITYA BIRLA FASHION & RT,926676,2150.04
ABSLAMC,ADIT BIRL SUN LIF AMC LTD,57013,212.94
ABSLNN50ET,BIRLASLAMC - ABSLNN50ET,43,0.02
ACC,ACC LIMITED,118639,2408.61
ACCELYA,ACCELYA SOLN INDIA LTD,39531,346.75
ACCURACY,ACCURACY SHIPPING LIMITED,2,0.00
ACE,ACTION CONST EQUIP LTD,309232,494.63
ACRYSIL,ACRYSIL LIMITED,62875,342.45
ADANIENT,ADANI ENTERPRISES LIMITED,321892,5960.48
ADANIGREEN,ADANI GREEN ENERGY LTD,285166,4909.72
ADANIPORTS,ADANI PORT & SEZ LTD,2273729,15308.94
ADANIPOWER,ADANI POWER LTD,2349600,4688.85
ADANITRANS,ADANI TRANSMISSION LTD,20859,404.50
ADFFOODS,ADF FOODS LIMITED,35680,254.44
ADORWELD,ADOR WELDING LTD,4670,21.08
ADSL,ALLIED DIGITAL SERV. LTD,104909,142.67
ADVANIHOTR,ADVANI HOT.& RES.(I) LTD,2835,2.40
ADVENZYMES,ADVANCED ENZYME TECH LTD,301966,928.50
AEGISCHEM,AEGIS LOGISTICS LIMITED,673429,1370.64
AETHER,AETHER INDUSTRIES LIMITED,76,0.59
AFFLE,AFFLE (INDIA) LIMITED,124381,1155.11
AGARIND,AGARWAL INDS CORP LTD.,34145,181.90
AGI,AGI GREENPAC LIMITED,99567,241.98
AGSTRA,AGS TRANSACT TECH LTD,322673,300.62
AHLADA,AHLADA ENGINEERS LIMITED,750,1.04
AHLEAST,ASIAN HOTELS (EAST) LTD,456,0.99
AHLUCONT,AHLUWALIA CONT IND LTD,10538,31.44
AIAENG,AIA ENGINEERING LIMITED,14491,314.62
AIRAN,AIRAN LIMITED,8080,1.81
AJANTPHARM,AJANTA PHARMA LIMITED,15000,250.01
AJMERA,AJMERA REALTY & INF I LTD,9196,24.77
AJOONI,AJOONI BIOTECH LIMITED,3948,2.58
AKSHARCHEM,AKSHARCHEM INDIA LIMITED,2175,8.99
AKZOINDIA,AKZO NOBEL INDIA LIMITED,9330,164.97
ALANKIT,ALANKIT LIMITED,527961,74.79
ALBERTDAVD,ALBERT DAVID LIMITED,56509,329.98
ALEMBICLTD,ALEMBIC LIMITED,372316,235.04
ALICON,ALICON CASTALLOY LIMITED,18493,93.07
ALKEM,ALKEM LABORATORIES LTD.,20054,653.95
ALKYLAMINE,ALKYL AMINES CHEM. LTD,55439,1191.83
ALLCARGO,ALLCARGO LOGISTICS LTD,1612543,3457.09
ALLSEC,ALLSEC TECHNOLOGIES LTD,52019,271.90
ALMONDZ,ALMONDZ GLOBAL SEC LTD,825,0.24
ALOKINDS,ALOK INDUSTRIES LIMITED,4903826,1273.75
ALOKTEXT,ALOK INDUSTRIES LTD,706,0.20
ALPA,ALPA LABORATORIES LTD,28633,25.87
ALPHAGEO,ALPHAGEO (INDIA) LIMITED,2381,7.30
AMARAJABAT,AMARA RAJA BATTERIES LTD.,833640,4413.00
AMBER,AMBER ENTERPRISES (I) LTD,40442,883.27
AMBIKCO,AMBIKA COTTON MILL LTD.,16421,217.23
AMBUJACEM,AMBUJA CEMENTS LTD,3861396,13642.21
AMIORG,AMI ORGANICS LIMITED,46692,394.82
AMRUTANJAN,AMRUTAJAN HEALTH LTD,14182,102.96
ANANDRATHI,ANAND RATHI WEALTH LTD,13728,79.32
ANANTRAJ,ANANT RAJ LIMITED,341934,180.79
ANDHRAPAP,ANDHRA PAPER LIMITED,35073,98.95
ANDHRAPET,ANDHRA PETROCHEMICALS LTD,13000,10.25
ANDHRSUGAR,ANDHRA SUGARS LTD,251795,293.06
ANDREWYU,ANDREW YULE & CO LTD,480083,113.27
ANGELONE,ANGEL ONE LIMITED,491680,6477.71
ANMOL,ANMOL INDIA LIMITED,5400,6.80
ANUP,THE ANUP ENGINEERING LTD,20180,129.47
ANURAS,ANUPAM RASAYAN INDIA LTD,194248,1248.50
APARINDS,APAR INDUSTRIES LTD.,51751,380.30
APCL,ANJANI PORTLAND CEM LTD,21011,31.78
APCOTEXIND,APCOTEX INDUSTRIES LIMITE,28062,150.81
APEX,APEX FROZEN FOODS LIMITED,121706,263.64
APLAPOLLO,APL APOLLO TUBES LTD,252800,2208.99
APLLTD,ALEMBIC PHARMA LTD,323505,2189.92
APOLLO,APOLLO MICRO SYSTEMS LTD,25341,20.82
APOLLOHOSP,APOLLO HOSPITALS ENTER. L,172124,5836.13
APOLLOPIPE,APOLLO PIPES LIMITED,52565,266.40
APOLLOTYRE,APOLLO TYRES LTD,848009,1416.46
APOLSINHOT,APOLLO SINDOORI HOTEL LTD,153,1.40
APTECHT,APTECH LIMITED,253423,562.73
APTUS,APTUS VALUE HSG FIN I LTD,113721,315.54
ARIES,ARIES AGRO LTD.,17373,23.95
ARIHANTCAP,ARIHANT CAPITAL MKTS LTD,4502,3.62
ARIHANTSUP,ARIHANT SUPERSTRUCT LTD,5221,7.52
ARMANFIN,ARMAN FIN SERV LTD,8788,75.95
AROGRANITE,ARO GRANITE IND. LTD.,7891,4.65
ARSHIYA,ARSHIYA LIMITED,5000,1.06
ARTEMISMED,ARTEMIS MED SERVICE LTD,33210,7.49
ARVIND,ARVIND LIMITED,1197179,1102.11
ARVINDFASN,ARVIND FASHIONS LIMITED,157622,355.36
ARVSMART,ARVIND SMARTSPACES LTD,27265,41.53
ASAHIINDIA,ASAHI INDIA GLASS LIMITED,142845,637.69
ASAHISONG,ASAHI SONGWON COLOR LTD,4214,12.83
ASALCBR,ASSO ALCOHOLS & BREW LTD,104958,458.94
ASHAPURMIN,ASHAPURA MINECHEM LTD,100100,107.42
ASHIANA,ASHIANA HOUSING LTD,56122,54.20
ASHOKA,ASHOKA BUILDCON LTD,2144275,1699.68
ASHOKLEY,ASHOK LEYLAND LTD,2344498,2705.11
ASIANENE,ASIAN ENERGY SERVICES LTD,96401,108.11
ASIANPAINT,ASIAN PAINTS LIMITED,401102,10114.19
ASIANTILES,ASIAN GRANITO IND. LTD.,697052,403.01
ASPINWALL,ASPINWALL & CO LTD,100,0.22
ASTEC,ASTEC LIFESCIENCES LTD,15520,254.22
ASTERDM,ASTER DM HEALTHCARE LTD.,459495,740.12
ASTRAL,ASTRAL LIMITED,120949,1909.13
ASTRAMICRO,ASTRA MICROWAVE LTD,506649,906.57
ASTRAZEN,ASTRAZENECA PHARMA IND LT,13806,427.18
ASTRON,ASTRON PAPER BORD MIL LTD,18375,8.25
ATFL,AGRO TECH FOODS LIMITED,5434,36.14
ATGL,ADANI TOTAL GAS LIMITED,16699,265.29
ATUL,ATUL LTD,12890,993.62
ATULAUTO,ATUL AUTO LIMITED,51809,100.03
AUBANK,AU SMALL FINANCE BANK LTD,413639,2577.87
AURIONPRO,AURIONPRO SOLN LTD,116687,345.53
AUROPHARMA,AUROBINDO PHARMA LTD,1248646,7073.35
AURUM,AURUM PROPTECH LIMITED,2285,3.51
AUTOAXLES,AUTOMOTIVE AXLES LIMITED,24907,356.76
AUTOBEES,NIPPONAMC - NETFAUTO,1410,0.90
AVADHSUGAR,AVADH SUG & ENERGY LTD,163536,610.58
AVANTIFEED,AVANTI FEEDS LIMITED,160139,703.57
AVTNPL,AVT NATURAL PRODUCTS LTD,38025,20.75
AWHCL,ANTONY WASTE HDG CELL LTD,128551,304.60
AWL,ADANI WILMAR LIMITED,191231,1148.73
AXISBANK,AXIS BANK LIMITED,3579856,21527.84
AXISBPSETF,AXISAMC - AXISBPSETF,2844,0.30
AXISCADES,AXISCADES TECH LTD,14000,0.00
AXISGOLD,AXIS MF - AXIS GOLD ETF,2303,0.72
AXISNIFTY,AXISAMC - AXISNIFTY,3,0.01
AXISTECETF,AXISAMC - AXISTECETF,61,0.19
AYMSYNTEX,AYM SYNTEX LIMITED,15254,8.99
BAJAJ-AUTO,BAJAJ AUTO LIMITED,149151,5238.58
BAJAJCON,BAJAJ CONSUMER CARE LTD,1193597,1989.88
BAJAJELEC,BAJAJ ELECT.LTD,98860,1043.09
BAJAJFINSV,BAJAJ FINSERV LTD.,178477,20398.37
BAJAJHCARE,BAJAJ HEALTHCARE LIMITED,25883,50.97
BAJAJHIND,BAJAJ HINDUSTHAN SUGAR LT,1170203,170.86
BAJAJHLDNG,BAJAJ HOLDINGS & INVS LTD,28979,1456.70
BAJFINANCE,BAJAJ FINANCE LIMITED,1020497,55236.16
BALAJITELE,BALAJI TELEFILMS LIMITED.,491715,277.81
BALAMINES,BALAJI AMINES LIMITED,56081,1337.36
BALAXI,BALAXI PHARMA LTD,56,0.20
BALKRISIND,BALKRISHNA IND. LTD,48166,888.54
BALMLAWRIE,BALMER LAWRIE & CO LTD,551379,632.02
BALPHARMA,BAL PHARMA LTD.,3928,4.59
BALRAMCHIN,BALRAMPUR CHINI MILLS LTD,1311924,4579.05
BANARBEADS,BANARAS BEADS LTD,1843,1.59
BANARISUG,BANNARI AMMAN SUGARS LTD,858,18.74
BANCOINDIA,BANCO PRODUCTS (I) LTD,136455,220.63
BANDHANBNK,BANDHAN BANK LIMITED,1415512,3587.17
BANG,BANG OVERSEAS LTD.,3540,0.45
BANKBARODA,BANK OF BARODA,8120300,7039.26
BANKBEES,NIP IND ETF BANK BEES,228570,625.34
BANKINDIA,BANK OF INDIA,8245711,3748.90
BANSWRAS,BANSWARA SYNTEX LIMITED,5211,14.15
BARBEQUE,BARBEQUE NATION HOSP. LTD,48134,447.46
BASF,BASF INDIA LTD,44425,1203.20
BASML,BANNARI AM SPIN MILL LTD.,47387,21.51
BATAINDIA,BATA INDIA LTD,95628,1512.30
BAYERCROP,BAYER CROPSCIENCE LTD,7557,320.68
BBL,BHARAT BIJLEE LTD,19181,275.72
BBOX,BLACK BOX LIMITED,5187,8.14
BBTC,BOMBAY BURMAH TRADING COR,94893,967.58
BCG,BRIGHTCOM GROUP LIMITED,7447,2.30
BDL,BHARAT DYNAMICS LIMITED,422576,2677.17
BECTORFOOD,MRS BECTORS FOOD SPE LTD,206151,558.84
BEDMUTHA,BEDMUTHA INDUST LTD,1841,0.42
BEL,BHARAT ELECTRONICS LTD,1441190,2916.62
BEML,BEML LIMITED,190701,2483.10
BEPL,BHANSALI ENG. POLYMERS LT,515060,560.68
BERGEPAINT,BERGER PAINTS (I) LTD,254419,1448.90
BESTAGRO,BEST AGROLIFE LIMITED,110544,1044.38
BFINVEST,BF INVESTMENT LIMITED,15743,39.47
BFUTILITIE,BF UTILITIES LIMITED,237129,743.93
BGRENERGY,BGR ENERGY SYSTEMS LTD,29575,22.62
BHAGCHEM,BHAGIRADHA CHEM & INDS L,748,7.65
BHAGERIA,BHAGERIA INDUSTRIES LTD,20559,34.29
BHAGYANGR,BHAGYANAGAR INDIA LIMITED,500,0.21
BHARATFORG,BHARAT FORGE LTD,362510,2174.18
BHARATGEAR,BHARAT GEARS LTD.,10708,15.61
BHARATRAS,BHARAT RASAYAN LTD,1156,87.78
BHARTIARTL,BHARTI AIRTEL LIMITED,1586104,10151.51
BHEL,BHEL,22924181,10768.45
BIL,BHARTIYA INTERNATIONAL,2619,7.20
BINDALAGRO,OSWAL CHEM. & FERT. LTD.,33027,8.71
BIOCON,BIOCON LIMITED.,608635,1762.17
BIOFILCHEM,BIOFIL CHEM & PHARMA LTD,584,0.31
BIRLACABLE,BIRLA CABLE LIMITED,5185,7.08
BIRLACORPN,BIRLA CORPORATION LTD,114971,951.23
BIRLAMONEY,ADITYA BIRLA MONEY LTD,62942,39.49
BIRLATYRE,BIRLA TYRES LIMITED,15635,2.98
BLISSGVS,BLISS GVS PHARMA LTD,142141,132.31
BLKASHYAP,B.L.KASHYAP & SON LTD,8700,2.18
BLS,BLS INTL SERVS LTD,394782,708.46
BLUEDART,BLUE DART EXPRESS LTD,11040,723.07
BLUESTARCO,BLUE STAR LIMITED,34287,319.98
BODALCHEM,BODAL CHEMICALS LTD,525769,392.12
BOMDYEING,BOMBAY DYEING & MFG. CO L,3018297,3383.31
BOROLTD,BOROSIL LIMITED,50012,133.14
BORORENEW,BOROSIL RENEWABLES LTD,173301,894.71
BOSCHLTD,BOSCH LIMITED,12300,1735.49
BPCL,BHARAT PETROLEUM CORP  LT,4056943,13676.92
BRIGADE,BRIGADE ENTER. LTD,150669,626.63
BRITANNIA,BRITANNIA INDUSTRIES LTD,53155,1683.06
BRNL,BHARAT ROAD NETWORK LTD,500,0.15
BROOKS,BROOKS LAB LIMITED,500,0.46
BSE,BSE LIMITED,1102545,7028.92
BSLNIFTY,ADITYBIRLA SL NIF ETF-GR,15793,2.36
BSOFT,BIRLASOFT LIMITED,2303116,8853.07
BURNPUR,BURNPUR CEMENT LTD.,2400,0.10
BUTTERFLY,BTRFLY GANDHI APPL LTD,6058,68.55
BYKE,THE BYKE HOSPITALITY LTD,947,0.40
CAMLINFINE,CAMLIN FINE SCIENCES LTD,412380,485.87
CAMPUS,CAMPUS ACTIVEWEAR LIMITED,18802,62.82
CAMS,COMPUTER AGE MNGT SER LTD,134227,2801.90
CANBK,CANARA BANK,14757735,32668.73
CANFINHOME,CAN FIN HOMES LTD,376674,1755.71
CANTABIL,CANTABIL RETAIL LTD,1638,11.11
CAPACITE,CAPACITE INFRAPROJECT LTD,643932,780.62
CAPLIPOINT,CAPLIN POINT LAB LTD.,121743,776.04
CAPTRUST,CAPITAL TRUST LIMITED,5056,6.57
CARBORUNIV,CARBORUNDUM UNIVERSAL LTD,65389,448.32
CAREERP,CAREER POINT LIMITED,3403,2.78
CARERATING,CARE RATINGS LIMITED,144698,693.71
CARTRADE,CARTRADE TECH LIMITED,62030,393.94
CASTROLIND,CASTROL INDIA LIMITED,1124569,1116.01
CCL,CCL PRODUCTS (I) LTD,171400,598.10
CDSL,CENTRAL DEPO SER (I) LTD,479368,4712.34
CEATLTD,CEAT LIMITED,152958,1528.08
CENTENKA,CENTURY ENKA LTD,82856,324.70
CENTEXT,CENTURY EXTRUSIONS LTD,31000,4.24
CENTRALBK,CENTRAL BANK OF INDIA,5251174,926.62
CENTRUM,CENTRUM CAPITAL LIMITED,146291,33.54
CENTUM,CENTUM ELECTRONICS LTD,14421,44.17
CENTURYPLY,CENTURY PLYBOARDS (I) LTD,87365,412.17
CENTURYTEX,CENTURY TEXTILES LTD,165683,1171.02
CERA,CERA SANITARYWARE LTD,6300,244.46
CEREBRAINT,CEREBRA INT TECH LTD,452082,280.73
CESC,CESC LTD,3257450,2361.94
CGCL,CAPRI GLOBAL CAPITAL LTD,9982,69.27
CGPOWER,CG POWER AND IND SOL LTD,382874,729.94
CHALET,CHALET HOTELS LIMITED,61691,160.11
CHAMBLFERT,CHAMBAL FERTILIZERS LTD,1065607,3160.68
CHEMBOND,CHEMBOND CHEMICALS LTD,2380,5.47
CHEMCON,CHEMCON SPECIAL CHEM LTD,237360,637.39
CHEMFAB,CHEMFAB ALKALIS LIMITED,141,0.33
CHEMPLASTS,CHEMPLAST SANMAR LIMITED,135435,666.84
CHENNPETRO,CHENNAI PETROLEUM CORP LT,1627215,4637.02
CHEVIOT,CHEVIOT COMPANY LIMITED,1,0.01
CHOLAFIN,CHOLAMANDALAM IN & FIN CO,261444,1515.44
CHOLAHLDNG,CHOLAMANDALAM FIN HOL LTD,26715,156.43
CIGNITITEC,CIGNITI TECHNOLOGIES LTD,210988,1025.63
CIPLA,CIPLA LTD,222123,1805.03
CLEAN,CLEAN SCIENCE & TECH LTD,128000,2009.15
CLNINDIA,CLARIANT CHEMICALS (INDIA,33606,150.91
CLSEL,CHAMAN LAL SETIA EXP LTD,45675,40.09
CMSINFO,CMS INFO SYSTEMS LIMITED,213520,545.02
COALINDIA,COAL INDIA LTD,2760034,4308.51
COASTCORP,COASTAL CORPORATION LTD,2927,12.74
COCHINSHIP,COCHIN SHIPYARD LIMITED,301281,915.13
COFFEEDAY,COFFEE DAY ENTERPRISE LTD,1040768,358.90
COFORGE,COFORGE LIMITED,170800,5969.88
COLPAL,COLGATE PALMOLIVE LTD.,71143,989.42
COMPINFO,COMPUAGE INFOCOM LTD,265143,81.59
CONCOR,CONTAINER CORP OF IND LTD,378800,2013.91
CONFIPET,CONFIDENCE PETRO IND LTD.,756735,463.55
CONSUMBEES,NIP IND ETF CONSUMPTION,23,0.02
CONTROLPR,CONTROL PRINT LIMITED,7833,25.30
CORALFINAC,CORAL INDIA FIN & HOUS LT,746,0.32
CORDSCABLE,CORDS CABLE INDUS LTD.,4250,2.61
COROMANDEL,COROMANDEL INTERNTL. LTD,70836,576.07
COSMOFILMS,COSMO FILMS LTD,96474,1034.08
CPSEETF,CPSE ETF,156427,40.51
CRAFTSMAN,CRAFTSMAN AUTOMATION LTD,18230,332.15
CREDITACC,CREDITACCESS GRAMEEN LTD,60011,592.06
CRISIL,CRISIL LTD,25433,839.65
CROMPTON,CROMPT GREA CON ELEC LTD,334441,1139.31
CSBBANK,CSB BANK LIMITED,949408,2593.24
CUB,CITY UNION BANK LTD,898181,1085.54
CUMMINSIND,CUMMINS INDIA LTD,80912,777.64
CUPID,CUPID LIMITED,72117,176.86
CYBERTECH,CYBERTECH SYSTEMS & SOFTW,32803,54.54
CYIENT,CYIENT LIMITED,373559,2791.81
DAAWAT,LT FOODS LIMITED,3648346,2178.90
DABUR,DABUR INDIA LTD,469370,2310.50
DALBHARAT,DALMIA BHARAT LIMITED,77956,1273.86
DALMIASUG,DALMIA BHARAT SUG IN LTD,110871,272.94
DANGEE,DANGEE DUMS LIMITED,130,0.47
DATAMATICS,DATAMATICS GLOBAL SER LTD,117022,220.24
DATAPATTNS,DATA PATTERNS INDIA LTD,121776,663.79
DBCORP,D.B.CORP LTD,274810,182.51
DBL,DILIP BUILDCON LIMITED,866545,2235.09
DCAL,DISHMAN CARBO AMCIS LTD,744059,1080.84
DCBBANK,DCB BANK LIMITED,1317834,985.72
DCM,DCM LTD,1000,0.72
DCMNVL,DCM NOUVELLE LIMITED,100,0.32
DCMSHRIRAM,DCM SHRIRAM LIMITED,65931,520.02
DCMSRIND,DCM SHRIRAM IND LTD,87633,58.73
DCW,DCW LTD,419246,153.33
DECCANCE,DECCAN CEMENTS LIMITED,9335,40.62
DEEPAKFERT,DEEPAK FERTILIZERS & PETR,191751,1128.94
DEEPAKNTR,DEEPAK NITRITE LTD,546220,8996.99
DEEPINDS,DEEP INDUSTRIES LIMITED,17277,29.48
DELHIVERY,DELHIVERY LIMITED,48428,245.32
DELPHIFX,DELPHI WORLD MONEY LTD,1335,6.84
DELTACORP,DELTA CORP LIMITED,5107253,9312.95
DELTAMAGNT,DELTA MANUFACTURING LTD,1584,0.38
DEN,DEN NETWORKS LTD,1103784,364.85
DENORA,DE NORA INDIA LIMITED,1279,9.04
DEVYANI,DEVYANI INTERNATIONAL LTD,1016415,1457.82
DFMFOODS,DFM FOODS LIMITED,140366,287.95
DHAMPURSUG,DHAMPUR SUGAR MILLS LTD.,78005,209.51
DHANBANK,DHANLAXMI BANK LIMITED,193903,26.57
DHANI,DHANI SERVICES LIMITED,1517623,1117.55
DHANUKA,DHANUKA AGRITECH LTD,40406,260.94
DHANVARSHA,DHANVARSHA FINVEST LTD,25800,21.58
DHARAMSI,DHARAMSI MORARJI CHEM LTD,13034,42.25
DHUNINV,DHUNSERI INVESTMENTS LTD,104,0.77
DIAMONDYD,PRATAAP SNACKS LIMITED,1994,9.90
DICIND,DIC INDIA LIMITED,535,2.63
DISHTV,DISH TV INDIA LTD.,1363021,221.69
DIVISLAB,DIVI S LABORATORIES LTD,201409,6899.62
DIVOPPBEES,NIP IND ETF DIV OPP,4,0.00
DIXON,DIXON TECHNO (INDIA) LTD,239783,8903.60
DLF,DLF LIMITED,2867081,8213.49
DLINKINDIA,D-LINK INDIA LTD,163585,192.65
DMART,AVENUE SUPERMARTS LIMITED,310630,10892.98
DODLA,DODLA DAIRY LIMITED,13794,57.44
DOLATALGO,DOLAT ALGOTECH LIMITED,447205,392.16
DOLLAR,DOLLAR INDUSTRIES LIMITED,119763,534.96
DONEAR,DONEAR IND. LIMITED,5,0.00
DPWIRES,D P WIRES LIMITED,172,0.59
DREDGECORP,DREDGING CORP OF INDIA,91377,258.16
DRREDDY,DR. REDDY S LABORATORIES,127770,5292.92
DSPQ50ETF,DSPAMC - DSPQ50ETF,0,0.00
DSSL,DYNACONS SYS & SOLN LTD,1326,4.34
DTIL,DHUNSERI TEA & IND. LTD.,1642,4.58
DVL,DHUNSERI VENTURES LIMITED,16283,21.35
DWARKESH,DWARIKESH SUGAR IND LTD,1020291,825.28
DYNAMATECH,DYNAMATIC TECHNOLOGIES,4530,85.69
DYNPRO,DYNEMIC PRODUCTS LIMITED,34183,162.01
EASEMYTRIP,EASY TRIP PLANNERS LTD,449036,1548.86
EBBETF0423,EDELAMC - EBBETF0423,0,0.00
EBBETF0430,EDELAMC - EBBETF0430,2763,32.98
EBBETF0431,EDELAMC - EBBETF0431,18,0.19
ECLERX,ECLERX SERVICES LTD,16363,268.37
EDELWEISS,EDELWEISS FIN SERV LTD,835779,522.11
EICHERMOT,EICHER MOTORS LTD,60958,1503.39
EIDPARRY,EID PARRY INDIA LTD,145274,639.12
EIHAHOTELS,EIH ASSOCIATED HOTELS LTD,8061,30.41
EIHOTEL,EIH LIMITED,429877,562.50
EIMCOELECO,EIMCO ELECON (INDIA) LTD,25,0.09
EKC,EVEREST KANTO CYLINDERLTD,29446,60.06
ELECON,ELECON ENG. CO. LTD,197545,417.12
ELECTCAST,ELECTROSTEEL CASTINGS LTD,1057083,318.75
ELECTHERM,ELECTROTHERM (I) LTD.,3650,3.17
ELGIEQUIP,ELGI EQUIPMENTS LTD,109965,341.49
ELGIRUBCO,ELGI RUBBER CO. LTD,3000,1.40
EMAMILTD,EMAMI LIMITED,74593,327.20
EMAMIPAP,EMAMI PAPER MILLS LIMITED,44391,49.55
EMAMIREAL,EMAMI REALTY LIMITED,9608,6.17
EMKAY,EMKAY GLOBAL FIN SERV LTD,5377,4.15
EMMBI,EMMBI INDUSTRIES LIMITED,6222,6.80
ENDURANCE,ENDURANCE TECHNO. LTD.,36459,346.13
ENGINERSIN,ENGINEERS INDIA LTD,2975686,1857.44
ENIL,ENTERTAIN NET. IND. LTD.,22214,44.74
EPL,EPL LIMITED,266507,439.45
EQUITAS,EQUITAS HOLDINGS LIMITED,737624,612.77
EQUITASBNK,EQUITAS SMALL FIN BNK LTD,1013763,423.47
ERIS,ERIS LIFESCIENCES LIMITED,35612,216.56
EROSMEDIA,EROS INTL MEDIA LTD,177415,37.37
ESABINDIA,ESAB INDIA LTD,2006,55.81
ESCORTS,ESCORTS KUBOTA LIMITED,128779,1932.74
ESTER,ESTER INDUSTRIES LTD,82140,92.47
EVEREADY,EVEREADY INDS. IND.  LTD.,201192,572.52
EVERESTIND,EVEREST INDUSTRIES LTD,22140,103.91
EXCELINDUS,EXCEL INDUSTRIES LTD,49114,555.55
EXIDEIND,EXIDE INDUSTRIES LTD,2678129,3823.02
EXPLEOSOL,EXPLEO SOLUTIONS LIMITED,8806,102.73
EXXARO,EXXARO TILES LIMITED,67363,71.61
FACT,FACT LTD,207088,231.59
FAIRCHEMOR,FAIRCHEM ORGANICS LIMITED,6799,93.63
FCL,FINEOTEX CHEMICAL LIMITED,253021,289.63
FCONSUMER,FUTURE CONSUMER LIMITED,1077220,63.22
FCSSOFT,FCS SOFTWARE SOLN. LTD.,3500,0.07
FDC,FDC LIMITED,166361,409.60
FEDERALBNK,FEDERAL BANK LTD,11403976,9400.72
FEL,FUTURE ENTERPRISES LTD,25650,1.35
FIBERWEB,FIBERWEB INDIA LIMITED,3210,1.16
FIEMIND,FIEM INDUSTRIES LIMITED,50236,495.95
FILATEX,FILATEX INDIA LTD,834077,565.58
FINCABLES,FINOLEX CABLES LTD,270448,1020.03
FINEORG,FINE ORGANIC IND. LTD.,44928,1948.38
FINOPB,FINO PAYMENTS BANK LTD,51760,123.94
FINPIPE,FINOLEX INDUSTRIES LTD,1100077,1663.24
FLFL,FUT LIFESTYLE FASH LTD,15027,4.10
FLUOROCHEM,GUJARAT FLUOROCHEM LTD,1752,38.11
FMGOETZE,FEDERAL-MOGUL GOETZE (IND,33025,76.51
FOODSIN,FOODS & INNS LIMITED,200,0.14
FORCEMOT,FORCE MOTORS LIMITED,68041,714.63
FORTIS,FORTIS HEALTHCARE LTD,1467408,2738.75
FOSECOIND,FOSECO INDIA LTD,2038,28.74
FRETAIL,FUTURE RETAIL LIMITED,563704,169.86
FSC,FUTURE SUPP CHAIN SOL LTD,12705,6.11
FSL,FIRSTSOURCE SOLU. LTD.,4063621,4358.09
GABRIEL,GABRIEL INDIA LTD,536217,612.33
GAEL,GUJARAT AMBUJA EXPORTS LT,152350,317.84
GAIL,GAIL (INDIA) LTD,3500838,4383.72
GALAXYSURF,GALAXY SURFACTANTS LTD,13975,342.93
GALLANTT,GALLANTT METAL LIMITED,16585,13.13
GALLISPAT,GALLANTT ISPAT LTD,8740,5.14
GANDHITUBE,GANDHI SPL. TUBES LTD,1803,6.35
GANECOS,GANESHA ECOSPHERE LIMITED,44129,201.50
GANESHBE,GANESH BENZOPLAST LIMITED,112843,127.26
GANESHHOUC,GANESH HOUSING CORP LTD,8403,21.07
GANGAFORGE,GANGA FORGING LIMITED,15333,2.99
GARFIBRES,GARWARE TECH FIBRES LTD,6989,146.26
GATEWAY,GATEWAY DISTRIPARKS LTD,23070,14.43
GATI,GATI LIMITED,291474,351.81
GAYAPROJ,GAYATRI PROJECTS LTD,348616,77.42
GEECEE,GEECEE VENTURES LIMITED,3550,5.55
GENCON,GENERIC ENG CONS PROJ LTD,500,0.19
GENUSPOWER,GENUS POWER INFRASTRU LTD,485515,324.72
GEOJITFSL,GEOJIT FINANCIAL SER L,733800,379.48
GEPIL,GE POWER INDIA LIMITED,211790,405.34
GESHIP,THE GE SHPG.LTD,86700,266.28
GET&D,GE T&D INDIA LIMITED,196247,201.55
GFLLIMITED,GFL LIMITED,176865,116.22
GHCL,GHCL LIMITED,996260,4726.61
GICHSGFIN,GIC HOUSING FINANCE LTD,230056,326.82
GICRE,GENERAL INS CORP OF INDIA,977228,1163.55
GILLETTE,GILLETTE INDIA LTD,4922,233.55
GILT5YBEES,RELCAPAMC - NETFGILT5Y,3,0.00
GINNIFILA,GINNI FILAMENTS LTD,47427,21.50
GIPCL,GUJ IND POW CO. LTD,493065,413.49
GKWLIMITED,GKW LIMITED,143,0.33
GLAND,GLAND PHARMA LIMITED,44464,1187.39
GLAXO,GLAXOSMITHKLINE PHARMA LT,24453,358.43
GLENMARK,GLENMARK PHARMACEUTICALS,586926,2332.49
GLOBE,GLOBE TEXTILES (I) LTD.,21131,1.46
GLOBUSSPR,GLOBUS SPIRITS LTD,142535,1137.39
GLS,GLENMARK LIFE SCIENCE LTD,52156,193.42
GMBREW,G M BREWERIES LTD,58150,295.76
GMDCLTD,GUJARAT MINERAL DEV CORP,1588304,2164.08
GMMPFAUDLR,GMM PFAUDLER LIMITED,22015,757.06
GMRINFRA,GMR INFRASTRUCTURE LTD.,27949003,9959.53
GMRP&UI,GMR POW AND URBAN INFRA L,70,0.01
GNA,GNA AXLES LIMITED,49931,169.40
GNFC,GUJ NAR VAL FER & CHEM L,1112886,5698.58
GOACARBON,GOA CARBON LIMITED,18396,79.53
GOCLCORP,GOCL CORPORATION LIMITED,30756,66.00
GOCOLORS,GO FASHION INDIA LTD,12755,111.65
GODFRYPHLP,GODFREY PHILLIPS INDIA LT,28726,283.21
GODREJAGRO,GODREJ AGROVET LIMITED,143629,666.50
GODREJCP,GODREJ CONSUMER PRODUCTS,220335,1604.76
GODREJIND,GODREJ INDUSTRIES LTD,274825,1123.53
GODREJPROP,GODREJ PROPERTIES LTD,780663,9995.51
GOKEX,GOKALDAS EXPORTS LTD.,277618,703.99
GOKUL,GOKUL REFOILS & SOLV LTD,30164,11.96
GOLDBEES,NIP IND ETF GOLD BEES,206415,70.08
GOLDIAM,GOLDIAM INTERNATIONAL LTD,82363,108.39
GOLDSHARE,UTI GOLD ETF,345,0.11
GOODLUCK,GOODLUCK INDIA LIMITED,22086,52.74
GOODYEAR,GOODYEAR INDIA LIMITED,30671,273.50
GPIL,GODAWARI POW & ISP LTD,386752,607.14
GPPL,GUJARAT PIPAVAV PORT LTD,1005904,752.24
GPTINFRA,GPT INFRAPROJECTS LTD,1260,1.26
GRANULES,GRANULES INDIA LIMITED,1844167,5058.41
GRAPHITE,GRAPHITE INDIA LTD,984431,3925.48
GRASIM,GRASIM INDUSTRIES LTD,345922,4507.56
GRAUWEIL,GRAUER & WEIL IND LTD,296698,156.54
GRAVITA,GRAVITA INDIA LIMITED,1722,3.76
GREAVESCOT,GREAVES COTTON LTD.,2820477,4312.46
GREENLAM,GREENLAM INDUSTRIES LTD.,7500,22.35
GREENPANEL,GREENPANEL INDUSTRIES LTD,117227,509.78
GREENPLY,GREENPLY INDUSTRIES LTD,232564,398.23
GREENPOWER,ORIENT GREEN POWER CO LTD,50,0.01
GRINDWELL,GRINDWELL NORTON LIMITED,15819,199.27
GRINFRA,G R INFRAPROJECTS LIMITED,15145,216.12
GRSE,GARDEN REACH SHIP&ENG LTD,312579,726.37
GRWRHITECH,GARWARE HI-TECH FILMS LTD,4325,20.89
GSCLCEMENT,GUJARAT SIDHEE CEM. LTD.,40558,18.85
GSFC,GUJ STATE FERT & CHEM LTD,2421584,3074.72
GSPL,GUJARAT STATE PETRO LTD,413678,891.42
GSS,GSS INFOTECH LIMITED,129693,169.40
GTL,GTL LTD,3400,0.17
GTLINFRA,GTL INFRA.LTD,6500,0.11
GTPL,GTPL HATHWAY LIMITED,56230,69.87
GUFICBIO,GUFIC BIOSCIENCES LTD.,89624,184.60
GUJALKALI,GUJARAT ALKALIES & CHEM,328973,2324.78
GUJAPOLLO,GUJ. APOLLO IND. LTD.,2635,5.86
GUJGASLTD,GUJARAT GAS LIMITED,512958,2288.32
GULFOILLUB,GULF OIL LUB. IND. LTD.,55419,197.80
GULFPETRO,GP PETROLEUMS LIMITED,26720,13.28
HAL,HINDUSTAN AERONAUTICS LTD,177178,2654.65
HAPPSTMNDS,HAPPIEST MINDS TECHNO LTD,581680,4986.57
HARIOMPIPE,HARIOM PIPE INDUSTRIES L,4112,6.99
HARRMALAYA,HARRISON MALAYALAM LTD,11687,21.49
HATHWAY,HATHWAY CABLE & DATACOM,4511538,925.07
HATSUN,HATSUN AGRO PRODUCT LTD.,23137,208.42
HAVELLS,HAVELLS INDIA LIMITED,194082,2109.67
HBANKETF,HDFCAMC - HBANKETF,3,0.01
HBLPOWER,HBL POWER SYSTEMS LTD.,1991764,1437.69
HCC,HINDUSTAN CONSTRUCTION CO,3455320,558.85
HCG,HEALTHCARE GLOB. ENT. LTD,237364,639.31
HCL-INSYS,HCL INFOSYSTEMS LTD,6900,1.50
HCLTECH,HCL TECHNOLOGIES LTD,1827459,17488.90
HDFC,HDFC LTD,1303880,26125.57
HDFCAMC,HDFC AMC LIMITED,440057,9101.81
HDFCBANK,HDFC BANK LTD,3761688,44429.13
HDFCLIFE,HDFC LIFE INS CO LTD,1045980,5596.22
HDFCMFGETF,HDFC GOLD ETF,16585,5.48
HDFCNIFETF,HDFCAMC - HDFCNIFETF,13699,17.15
HDFCSENETF,HDFCAMC - HDFCSENETF,1141,4.01
HEALTHY,BIRLASLAMC - HEALTHY,100,0.01
HEG,HEG LTD,273102,2860.68
HEIDELBERG,HEIDELBERGCEMENT (I) LTD,150994,292.24
HEMIPROP,HEMISPHERE PROP IND LTD,1370863,1496.97
HERANBA,HERANBA INDUSTRIES LTD,158384,799.74
HERCULES,HERCULES HOI. LTD.,13409,20.72
HERITGFOOD,HERITAGE FOODS LTD,307792,1213.45
HEROMOTOCO,HERO MOTOCORP LIMITED,205821,5101.83
HESTERBIO,HESTER BIOSCIENCES LTD,4891,124.41
HFCL,HFCL LIMITED,7395837,3807.54
HGINFRA,H.G.INFRA ENGINEERING LTD,91452,401.75
HGS,HINDUJA GLOBAL SOLS. LTD.,32326,306.98
HIKAL,HIKAL LIMITED,752896,1843.62
HIL,HIL LIMITED,10901,298.09
HIMATSEIDE,HIMATSINGKA SEIDE LTD,415256,444.18
HINDALCO,HINDALCO  INDUSTRIES  LTD,3600660,12807.61
HINDCOMPOS,HINDUSTAN COMPOSITES LTD.,864,2.96
HINDCOPPER,HINDUSTAN COPPER LTD,7148970,6974.35
HINDOILEXP,HINDUSTAN OIL EXPLORATION,780872,1425.22
HINDPETRO,HINDUSTAN PETROLEUM CORP,1188053,2641.60
HINDUNILVR,HINDUSTAN UNILEVER LTD.,396256,7817.10
HINDWAREAP,HINDWARE HME INOVATON LTD,127697,377.05
HINDZINC,HINDUSTAN ZINC LIMITED,793262,2233.09
HIRECT,HIND RECTIFIER LIMITED,25,0.02
HISARMETAL,HISAR METAL IND. LIMITED,22512,32.14
HITECH,HI-TECH PIPES LIMITED,21372,120.25
HITECHCORP,HITECH CORPORATION LTD,12755,33.31
HITECHGEAR,THE HI-TECH GEARS LIMITED,676,1.37
HLEGLAS,HLE GLASCOAT LIMITED,6694,198.33
HLVLTD,HLV LIMITED,150,0.02
HMVL,HINDUSTAN MEDIA VENT LTD,174157,28.67
HNDFDS,HINDUSTAN FOODS LIMITED,1832,18.83
HNGSNGBEES,NIP IND ETF HANGSENG BEES,1,0.00
HOMEFIRST,HOME FIRST FIN CO IND LTD,46944,306.77
HONAUT,HONEYWELL AUTOMATION IND,2191,744.61
HONDAPOWER,HONDA I POWER PRODUCT LTD,3447,43.07
HPAL,HP ADHESIVES LIMITED,293,0.77
HPL,HPL ELECTRIC & POWER LTD,9406,5.28
HSCL,HIMADRI SPECIALITY CHEM L,6057989,3690.04
HTMEDIA,HT MEDIA LIMITED,1040975,160.88
HUDCO,HSG & URBAN DEV CORPN LTD,3392284,1165.93
HUHTAMAKI,HUHTAMAKI INDIA LIMITED,79370,114.41
IBREALEST,INDIABULLS REAL EST. LTD,10085384,8557.72
IBULHSGFIN,INDIABULLS HSG FIN LTD,14049872,22226.58
ICEMAKE,ICE MAKE REFRIGERAT LTD,6897,5.82
ICICI500,ICICIPRAMC - ICICI500,71,0.02
ICICIALPLV,ICICIPRAMC - ICICIALPLV,7357,7.79
ICICIAUTO,ICICIPRAMC - ICICIAUTO,743,0.76
ICICIB22,ICICIPRAMC - BHARATIWIN,22789,7.89
ICICIBANK,ICICI BANK LTD.,2500277,17969.59
ICICIBANKN,ICICIPRAMC - IPRU5008,20896,62.31
ICICIBANKP,ICICIPRAMC - ICICIBANKP,892,0.93
ICICICONSU,ICICIPRAMC - ICICICONSU,3,0.00
ICICIFMCG,ICICIPRAMC - ICICIFMCG,1313,3.62
ICICIGI,ICICI LOMBARD GIC LIMITED,177003,1816.65
ICICIGOLD,ICICI PRUDENTIAL GOLD ETF,15019,5.20
ICICILIQ,ICICIPRAMC - ICICILIQ,280,2.31
ICICILOVOL,ICICI PR NIF LW VL 30 ETF,2700,2.40
ICICIM150,ICICIPRAMC - ICICIM150,10973,8.15
ICICIMCAP,ICICI PRUD MIDCAP SEL ETF,9,0.01
ICICINF100,ICICI PRUD NIFTY 100 ETF,681,0.91
ICICINIFTY,ICICI PRUD NIFTY ETF,142655,188.29
ICICINV20,ICICI PRUDENTIAL NV20 ETF,10056,6.00
ICICINXT50,ICICIPRAMC - ICICINXT50,29380,8.23
ICICIPHARM,ICICIPRAMC - ICICIPHARM,5301,2.51
ICICIPRULI,ICICI PRU LIFE INS CO LTD,268887,1273.34
ICICISENSX,ICICI PRUD SENSEX ETF,28,0.15
ICICISILVE,ICICIPRAMC - ICICISILVE,40274,15.58
ICICITECH,ICICIPRAMC - ICICITECH,15906,32.61
ICIL,INDO COUNT INDUSTRIES LTD,363119,474.79
ICRA,ICRA LIMITED,912,31.14
IDBI,IDBI BANK LIMITED,14889827,5345.98
IDEA,VODAFONE IDEA LIMITED,84875930,7707.63
IDFC,IDFC LIMITED,9305304,4015.01
IDFCFIRSTB,IDFC FIRST BANK LIMITED,36336932,12355.40
IEX,INDIAN ENERGY EXC LTD,10578184,19017.30
IFBAGRO,IFB AGRO INDUSTRIES LTD,13677,57.85
IFBIND,IFB INDUSTRIES LTD,34291,263.86
IFCI,IFCI LTD,3372626,384.65
IFGLEXPOR,IFGL REFRACTORIES LIMITED,35982,63.83
IGARASHI,IGARASHI MOTORS INDIA LTD,80294,309.01
IGL,INDRAPRASTHA GAS LTD,1456320,5174.01
IGPL,I G PETROCHEMICALS LTD,56218,338.57
IIFL,IIFL FINANCE LIMITED,448241,1151.59
IIFLSEC,IIFL SECURITIES LIMITED,524671,380.13
IIFLWAM,IIFL WEALTH MGMT LTD,7946,101.07
IMAGICAA,IMAGICAAWORLD ENT LTD,500,0.12
IMFA,INDIAN METALS & FERRO,80525,224.53
IMPAL,IND MOTOR PART & ACC LTD,929,5.93
INDBANK,INDBANK MERCH BANK,18400,4.16
INDHOTEL,THE INDIAN HOTELS CO. LTD,3606732,8013.85
INDIACEM,THE INDIA CEMENTS LIMITED,1648326,2762.61
INDIAGLYCO,INDIA GLYCOLS LTD,312548,2477.04
INDIAMART,INDIAMART INTERMESH LTD,116507,4972.03
INDIANB,INDIAN BANK,2600581,3213.06
INDIANHUME,INDIAN HUME PIPE CO. LTD.,52527,91.85
INDIGO,INTERGLOBE AVIATION LTD,154613,2580.51
INDIGOPNTS,INDIGO PAINTS LIMITED,25836,394.44
INDNIPPON,INDIA NIPPON ELECT  LTD,80166,353.66
INDOAMIN,INDO AMINES LIMITED,763,0.43
INDOBORAX,INDO BORAX & CHEMICAL LTD,300,0.39
INDOCO,INDOCO REMEDIES LTD.,142261,544.57
INDORAMA,INDO RAMA SYNTHETICS LTD,83524,50.97
INDOSTAR,INDOSTAR CAPITAL FIN LTD,115180,119.78
INDRAMEDCO,INDRAPRASTHA MEDICAL CORP,199843,125.06
INDSWFTLAB,IND SWIFT LABORATORIES LT,7800,5.00
INDTERRAIN,IND TERRAIN FASHIONS LTD,3986,2.27
INDUSINDBK,INDUSIND BANK LIMITED,1098415,8437.04
INDUSTOWER,INDUS TOWERS LIMITED,1037990,2012.06
INEOSSTYRO,INEOS STYROLUTION IND LTD,100135,683.63
INFIBEAM,INFIBEAM AVENUES LIMITED,4563770,1021.51
INFOBEAN,INFOBEANS TECHNO. LTD.,4943,18.60
INFRABEES,NIP IND ETF INFRA BEES,355,1.18
INFY,INFOSYS LIMITED,3190085,45068.32
INGERRAND,INGERSOLL-RAND INDIA LTD,14542,182.49
INOXLEISUR,INOX LEISURE LIMITED,126300,525.19
INOXWIND,INOX WIND LIMITED,722428,648.52
INSECTICID,INSECTICIDES (I) LTD,17044,123.93
INTELLECT,INTELLECT DESIGN ARENA,367925,2434.46
INTENTECH,INTENSE TECHNOLOGIES LTD,8622,5.81
INTLCONV,INTL CONVEYORS LIMITED,60360,37.97
INVENTURE,INVENTURE GRO & SEC LTD,236250,11.31
IOB,INDIAN OVERSEAS BANK,4370333,645.24
IOC,INDIAN OIL CORP LTD,3916295,3664.90
IOLCP,IOL CHEM AND PHARMA LTD,434933,1844.55
IONEXCHANG,ION EXCHANGE (INDIA) LTD,4184,60.48
IPCALAB,IPCA LABORATORIES LTD,75586,864.06
IPL,INDIA PESTICIDES LIMITED,224798,550.65
IRB,IRB INFRA DEV LTD.,1562154,3232.46
IRCON,IRCON INTERNATIONAL LTD,2210847,953.08
IRCTC,INDIAN RAIL TOUR CORP LTD,3171621,19857.89
IRFC,INDIAN RAILWAY FIN CORP L,7299279,1405.85
ISEC,ICICI SECURITIES LIMITED,849081,4281.63
ISFT,INTRASOFT TECH. LTD,48501,89.25
ISGEC,ISGEC HEAVY ENG LTD,66595,271.49
ITBEES,NIP IND ETF IT,938818,228.28
ITC,ITC LTD,5325226,12513.14
ITDC,INDIA TOUR. DEV. CO. LTD.,45759,146.07
ITDCEM,ITD CEMENTATION INDIA LTD,658933,403.83
ITI,ITI LTD,495965,425.80
IVP,IVP LTD,1408,2.32
IVZINGOLD,INVESCO INDIA GOLD ETF,9,0.41
IZMO,IZMO LIMITED,8454,7.31
J&KBANK,J & K BANK LTD.,2894653,710.46
JAGRAN,JAGRAN PRAKASHAN LIMITED,165429,94.56
JAGSNPHARM,JAGSONPAL PHARMACEUTICALS,9370,15.01
JAIBALAJI,JAI BALAJI INDUSTRIES LTD,12698,6.60
JAICORPLTD,JAI CORP LIMITED,1366032,1595.15
JAMNAAUTO,JAMNA AUTO IND LTD,697304,618.35
JASH,JASH ENGINEERING LIMITED,717,3.09
JAYAGROGN,JAYANT AGRO ORGANICS LTD,28638,51.03
JAYBARMARU,JAY BHARAT MARUTI LTD,21504,31.17
JAYSREETEA,JAYSHREE TEA & INDUSTRIES,15901,17.56
JBCHEPHARM,J B CHEMICALS AND PHARMA,50511,789.64
JBMA,JBM AUTO LIMITED,221665,847.31
JCHAC,JOHNSON CONTROLS HITACHI,19278,313.45
JHS,JHS SVEND. LAB. LTD,81101,22.16
JINDALPOLY,JINDAL POLY FILMS LIMITED,87438,868.11
JINDALSAW,JINDAL SAW LIMITED,1470568,1228.19
JINDALSTEL,JINDAL STEEL & POWER LTD,2584487,8007.14
JINDRILL,JINDAL DRILLING IND. LTD,8898,14.63
JINDWORLD,JINDAL WORLDWIDE LTD,614,2.08
JISLJALEQS,JAIN IRRIGATION SYSTEMS,1832580,717.47
JKCEMENT,JK CEMENT LIMITED,54829,1197.38
JKIL,JKUMAR INFR.LTD.,873337,2136.82
JKLAKSHMI,JK LAKSHMI CEMENT LTD,244826,1079.43
JKPAPER,JK PAPER LIMITED,578597,1303.32
JKTYRE,JK TYRE & INDUSTRIES LTD,1650111,1840.07
JMA,JULLUNDUR MOT AGENCY LTD,1634,1.37
JMCPROJECT,JMC PROJECTS (I) LTD.,91784,75.23
JMFINANCIL,JM FINANCIAL LIMITED,2156164,1510.58
JOCIL,JOCIL LIMITED,5050,10.36
JPASSOCIAT,JAIPRAKASH ASSOCIATES LTD,442300,34.90
JPPOWER,JAIPRAKASH POWER VEN. LTD,946487,60.67
JSL,JINDAL STAINLESS LIMITED,552167,752.25
JSLHISAR,JINDAL STAINLESS (H) LTD,241047,675.26
JSWENERGY,JSW ENERGY LIMITED,282610,429.68
JSWHL,JSW HOLDINGS LIMITED,980,21.77
JSWISPL,JSW ISPAT SPE PRO LTD,316960,115.80
JSWSTEEL,JSW STEEL LIMITED,1526701,9842.05
JTEKTINDIA,JTEKT INDIA LIMITED,212893,146.01
JTLINFRA,JTL INFRA LTD,98270,214.91
JUBLFOOD,JUBILANT FOODWORKS LTD,894836,5876.81
JUBLINDS,JUBILANT INDUSTRIES LTD,9200,28.06
JUBLINGREA,JUBILANT INGREVIA LIMITED,1067698,5435.55
JUBLPHARMA,JUBILANT PHARMOVA LTD,153688,623.56
JUNIORBEES,NIP IND ETF JUNIOR BEES,56567,170.05
JUSTDIAL,JUSTDIAL LTD.,526082,3565.02
JWL,JUPITER WAGONS LIMITED,39333,22.09
JYOTHYLAB,JYOTHY LABS LIMITED,258183,391.64
KABRAEXTRU,KABRA EXTRUSION TECHNIK L,21790,64.31
KAJARIACER,KAJARIA CERAMICS LTD,63402,539.69
KAKATCEM,KAKATIYA CEM SUGAR &IND L,2280,5.45
KALPATPOWR,KALPATARU POWER TRANS. LT,150836,506.45
KALYANKJIL,KALYAN JEWELLERS IND LTD,1100647,609.35
KAMATHOTEL,KAMAT HOTELS (I) LTD,98,0.07
KAMDHENU,KAMDHENU LIMITED,45089,80.14
KANPRPLA,KANPUR PLASTIPACK LIMITED,309,0.47
KANSAINER,KANSAI NEROLAC PAINTS LTD,164758,647.81
KARURVYSYA,KARUR VYSYA BANK LTD,13364941,5945.17
KAYA,KAYA LIMITED,28195,99.11
KBCGLOBAL,KBC GLOBAL LIMITED,607225,50.07
KCP,KCP LTD,129734,122.92
KCPSUGIND,KCP SUGAR IND CORP LTD.,75982,22.36
KDDL,KDDL LIMITED,6306,53.91
KEC,KEC INTL. LIMITED,180475,644.75
KECL,KIRLOSKAR ELECTRIC CO LTD,5000,1.27
KEI,KEI INDUSTRIES LTD.,75297,785.30
KELLTONTEC,KELLTON TECH SOL LTD,160170,141.92
KENNAMET,KENNAMETAL INDIA LIMITED,8910,112.83
KESORAMIND,KESORAM INDUSTRIES LTD,567390,264.12
KHADIM,KHADIM INDIA LIMITED,5455,11.58
KHAICHEM,KHAITAN CHEM & FERT LTD,57636,36.90
KICL,KALYANI INVEST CO LTD,28,0.45
KIMS,KRISHNA INST OF MED SCI L,21405,267.57
KINGFA,KINGFA SCI & TEC IND LTD.,8875,58.78
KIOCL,KIOCL LIMITED,56669,86.00
KIRIINDUS,KIRI INDUSTRIES LIMITED,435246,1676.58
KIRLFER,KIRLOSKAR FERROUS IND LTD,86861,158.33
KIRLOSBROS,KIRLOSKAR BROTHERS LTD,3024,7.18
KIRLOSENG,KIRLOSKAR OIL ENG LTD,257952,418.94
KIRLOSIND,KIRLOSKAR INDUSTRIES LTD,1671,24.74
KITEX,KITEX GARMENTS LTD,213080,408.22
KKCL,KEWAL KIRAN CLOTHING LTD,132469,325.99
KMSUGAR,K M SUGAR MILLS LTD,38169,14.43
KNRCON,KNR CONSTRU LTD.,308073,695.95
KOKUYOCMLN,KOKUYO CAMLIN LIMITED,149829,66.59
KOLTEPATIL,KOLTE PATIL DEV. LTD.,190397,453.59
KOPRAN,KOPRAN LTD,201641,444.80
KOTAKALPHA,KOTAKMAMC - KOTAKALPHA,744629,220.71
KOTAKBANK,KOTAK MAHINDRA BANK LTD,542706,8315.29
KOTAKBKETF,KOTAKMAMC-KOTAKBKETF,5180,11.92
KOTAKGOLD,KOTAK GOLD ETF,15519,5.55
KOTAKIT,KOTAKMAMC - KOTAKIT,368,0.10
KOTAKNIFTY,KOTAK NIFTY ETF,3386,4.98
KOTAKNV20,KOTAKMAMC - KTKNV20ETF,1,0.00
KOTAKPSUBK,KOTAK PSU BANK,1648,2.35
KOTARISUG,KOTHARI SUG & CHEM LTD.,28725,12.20
KOTHARIPET,KOTHARI PETROCHEM LTD,42552,28.20
KOVAI,KOVAI MEDICAL CENTER & HO,1485,14.37
KPITTECH,KPIT TECHNOLOGIES LIMITED,856667,3594.97
KPRMILL,KPR MILL LTD.,137605,621.14
KRBL,KRBL LIMITED,551092,1096.42
KREBSBIO,KREBS BIOCHEMICALS & IND,72418,111.49
KRISHANA,KRISHANA PHOSCHEM LIMITED,1037,1.71
KRITI,KRITI INDUSTRIES IND LTD,7407,5.24
KRSNAA,KRSNAA DIAGNOSTICS LTD,78784,394.36
KSB,KSB LIMITED,12048,106.30
KSCL,KAVERI SEED CO. LTD.,144613,714.18
KSL,KALYANI STEELS LIMITED,40949,100.81
KTKBANK,KARNATAKA BANK LIMITED,3324529,1936.52
KUANTUM,KUANTUM PAPERS LIMITED,8400,6.62
L&TFH,L&T FINANCE HOLDINGS LTD,6257260,4439.55
LALPATHLAB,DR. LAL PATH LABS LTD.,152039,3744.53
LAMBODHARA,LAMBODHARA TEXTILES LTD.,60,0.06
LANCER,LANCER CONTAINER LINE LTD,3806,7.65
LAOPALA,LA OPALA RG LIMITED,227393,600.49
LASA,LASA SUPERGENERICS LTD,29998,17.00
LATENTVIEW,LATENT VIEW ANALYTICS LTD,536054,1921.33
LAURUSLABS,LAURUS LABS LIMITED,2492495,12287.15
LAXMIMACH,LAKSHMI MACHINES LTD,5127,395.52
LEMONTREE,LEMON TREE HOTELS LTD,2194640,1219.28
LGBBROSLTD,LG BALAKRISHNAN & BROS,98943,475.26
LIBAS,LIBAS CONSU PRODUCTS LTD,18309,7.69
LIBERTSHOE,LIBERTY SHOES LTD,41855,54.73
LICHSGFIN,LIC HOUSING FINANCE LTD,2361035,8121.62
LICI,LIFE INSURA CORP OF INDIA,638875,3683.01
LICNETFGSC,LICNAMC - LICNMFET,85,0.02
LIKHITHA,LIKHITHA INFRASTRUC LTD,81062,265.68
LINC,LINC LIMITED,119,0.30
LINCOLN,LINCOLN PHARMA LTD,39736,107.08
LINDEINDIA,LINDE INDIA LIMITED,44353,1264.73
LIQUIDBEES,NIP IND ETF LIQUID BEES,8015,79.52
LIQUIDETF,DSP LIQUID ETF,5,0.05
LODHA,MACROTECH DEVELOPERS LTD,54657,478.58
LOKESHMACH,LOKESH MACHINES LTD,45666,37.49
LOVABLE,LOVABLE LINGERIE LTD,965,1.53
LPDC,LANDMARK PR.DEV.CO.LTD,100,0.01
LT,LARSEN & TOUBRO LTD.,1098069,16234.61
LTI,L&T INFOTECH LIMITED,324896,13193.95
LTTS,L&T TECHNOLOGY SER. LTD.,391753,13046.16
LUMAXIND,LUMAX INDUSTRIES LTD,11351,103.14
LUMAXTECH,LUMAX AUTO TECH LTD,49761,69.54
LUPIN,LUPIN LIMITED,857760,6082.45
LUXIND,LUX INDUSTRIES LIMITED,124141,2919.54
LXCHEM,LAXMI ORGANIC INDUS LTD,868875,2878.74
M&M,MAHINDRA & MAHINDRA LTD,362274,3379.52
M&MFIN,M&M FIN. SERVICES LTD,865928,1328.97
MAANALU,MAAN ALUMINIUM LIMITED,1862,2.60
MADRASFERT,MADRAS FERTILISERS LTD,98919,49.03
MAESGETF,MIRAEAMC - MAESGETF,404,0.07
MAFANG,MIRAEAMC - MAFANG,122549,33.38
MAFSETF,MIRAEAMC - MAFSETF,72780,7.93
MAGADSUGAR,MAGADH SUGAR & ENERGY LTD,70821,235.71
MAHABANK,BANK OF MAHARASHTRA,5885054,1018.43
MAHASTEEL,MAHAMAYA STEEL INDS LTD,575,0.49
MAHEPC,MAHINDRA EPC IRRIG LTD,19510,21.72
MAHESHWARI,MAHESHWARI LOGISTICS LTD.,16427,12.45
MAHINDCIE,MAHINDRA CIE AUTO LTD,349249,645.56
MAHKTECH,MIRAEAMC - MAHKTECH,30357,2.68
MAHLIFE,MAHINDRA LIFESPACE DEVLTD,90590,241.94
MAHLOG,MAHINDRA LOGISTIC LIMITED,87946,384.79
MAHSCOOTER,MAHARASHTRA SCOOTERS LTD,5671,175.86
MAHSEAMLES,MAHARASHTRA SEAMLESS LTD,138641,760.35
MAITHANALL,MAITHAN ALLOYS LTD,110993,851.06
MALUPAPER,MALU PAPER MILLS LIMITED,2975,1.14
MAN50ETF,MIRAEAMC - MAN50ETF,4207,5.39
MANAKSIA,MANAKSIA LTD.,22057,17.94
MANAKSTEEL,MANAKSIA STEELS LTD,4980,2.29
MANALIPETC,MANALI PETROCHEMICALS LT,379652,339.18
MANAPPURAM,MANAPPURAM FINANCE LTD,5159871,5079.03
MANGALAM,MANGALAM DRUG & CHEM LTD,8560,12.73
MANGCHEFER,MANG.CHEM.FERT.LTD,132714,139.94
MANGLMCEM,MANGALAM CEMENT LTD,244198,787.79
MANINDS,MAN INDUSTRIES (I) LTD.,164495,137.25
MANINFRA,MAN INFRA LTD,413202,220.47
MANORG,MANGALAM ORGANICS LIMITED,22151,85.67
MANYAVAR,VEDANT FASHIONS LIMITED,32499,333.82
MAPMYINDIA,C.E. INFO SYSTEMS LIMITED,52524,670.40
MARALOVER,MARAL OVERSEAS LTD,2817,0.62
MARICO,MARICO LIMITED,199627,887.67
MARINE,MARINE ELECTRICAL (I) LTD,43916,15.02
MARKSANS,MARKSANS PHARMA LIMITED,2006166,969.82
MARUTI,MARUTI SUZUKI INDIA LTD.,57609,4202.18
MASFIN,MAS FINANCIAL SERV LTD,44638,225.89
MASPTOP50,MIRAEAMC - MASPTOP50,30653,5.84
MASTEK,MASTEK LTD,56639,1063.02
MATRIMONY,MATRIMONY.COM LIMITED,15736,97.76
MAWANASUG,MAWANA SUGARS LIMITED,20071,11.88
MAXHEALTH,MAX HEALTHCARE INS LTD,303595,950.75
MAXIND,MAX INDIA LIMITED,12319,8.70
MAXVIL,MAX VENTURES AND INDS LTD,148679,111.07
MAYURUNIQ,MAYUR UNIQUOTERS LTD,68813,205.41
MAZDA,MAZDA LIMITED,431,2.56
MAZDOCK,MAZAGON DOCK SHIPBUIL LTD,314617,844.62
MBLINFRA,MBL INFRASTRUCTURES LTD,1900,0.15
MCDOWELL-N,UNITED SPIRITS LIMITED,759415,5710.11
MCLEODRUSS,MCLEOD RUSSEL INDIA LTD.,7500,1.57
MCX,MULTI COMMODITY EXCHANGE,418935,5285.59
MEDICAMEQ,MEDICAMEN BIOTECH LIMITED,69370,369.18
MEDPLUS,MEDPLUS HEALTH SERV LTD,24931,210.17
MENONBE,MENON BEARINGS LIMITED,16973,13.83
MEP,MEP INFRA. DEVELOPERS LTD,100,0.01
METROBRAND,METRO BRANDS LIMITED,48013,220.28
METROPOLIS,METROPOLIS HEALTHCARE LTD,106057,1714.36
MFL,MEGHMANI FINECHEM LIMITED,88813,882.89
MFSL,MAX FINANCIAL SERV LTD,69182,572.06
MGEL,MANGALAM GLOBAL ENT LTD,504,1.00
MGL,MAHANAGAR GAS LTD.,705743,5401.37
MHRIL,MAHINDRA HOLIDAYS LTD,368188,765.32
MID150BEES,NIP IND ETF MIDCAP 150,70874,55.81
MIDHANI,MISHRA DHATU NIGAM LTD,421299,734.84
MINDACORP,MINDA CORPORATION LTD,486994,853.47
MINDAIND,MINDA INDUSTRIES LTD.,164347,1278.21
MINDTREE,MINDTREE LIMITED,423974,12412.35
MIRZAINT,MIRZA INTERNATIONAL LIMIT,338525,373.53
MMFL,MM FORGINGS LTD,24819,163.55
MMP,MMP INDUSTRIES LIMITED,7415,9.87
MMTC,MMTC LIMITED,2965634,1046.55
MODISNME,MODISON METALS LIMITED,10875,7.39
MOGSEC,MOTILALAMC - G5,1,0.00
MOIL,MOIL LIMITED,433604,709.64
MOL,MEGHMANI ORGANICS LIMITED,1660494,1585.57
MOLDTECH,MOLD-TEK TECHNOLOGIES LTD,94925,99.34
MOLDTKPAC,MOLD-TEK PACKAGING LTD,18357,89.39
MOM100,MOTILAL OS MIDCAP100 ETF,21304,4.35
MOM50,MOTILAL OSWAL M50 ETF,150,0.24
MON100,MOTILAL OS NASDAQ100 ETF,412610,295.21
MONARCH,MONARCH NETWORTH CAP LTD,1857,4.40
MONQ50,MOTILALAMC - MONQ50,2,0.00
MONTECARLO,MONTE CARLO FASHIONS LTD.,19069,99.32
MOREPENLAB,MOREPEN LAB. LTD,1689933,531.14
MOTHERSON,SAMVRDHNA MTHRSN INTL LTD,3665423,4452.00
MOTILALOFS,MOTILAL OSWAL FIN LTD,164887,1190.41
MPHASIS,MPHASIS LIMITED,180836,4128.82
MPSLTD,MPS LIMITED,3084,18.97
MRF,MRF LTD,3808,2461.19
MRPL,MRPL,3806489,2974.59
MSPL,MSP STEEL & POWER LTD.,130529,17.44
MSTCLTD,MSTC LIMITED,496940,1450.98
MSUMI,MOTHERSON SUMI WRNG IND L,167265,99.42
MTARTECH,MTAR TECHNOLOGIES LIMITED,142615,1898.40
MTNL,MAHANAGAR TELEPHONE NIGAM,909689,229.00
MUKANDLTD,MUKAND LTD.,35145,32.01
MUKTAARTS,MUKTA ARTS LIMITED,1000,0.44
MUNJALAU,MUNJAL AUTO IND. LTD.,67478,30.81
MUNJALSHOW,MUNJAL SHOWA LTD,22748,24.27
MURUDCERA,MURUDESHWAR CERAMICS LTD,25981,8.30
MUTHOOTCAP,MUTHOOT CAP SERV LTD,23439,82.37
MUTHOOTFIN,MUTHOOT FINANCE LIMITED,316642,3220.26
NACLIND,NACL INDUSTRIES LIMITED,96375,70.12
NAGAFERT,NAGARJUN FERT AND CHE LTD,300,0.05
NAGREEKEXP,NAGREEKA EXPORTS LTD.,845,0.09
NAHARCAP,NAHAR CAP & FIN.,12560,49.84
NAHARINDUS,NAHAR INDS ENT LTD,26242,26.19
NAHARPOLY,NAHAR POLY FILMS LIMITED,12534,39.87
NAHARSPING,NAHAR SPINNING MILLS LTD.,2613,0.84
NAM-INDIA,NIPPON L I A M LTD,370816,1065.56
NATCOPHARM,NATCO PHARMA LTD.,529584,3529.25
NATHBIOGEN,NATH BIO-GENES (I) LTD,37660,39.58
NATIONALUM,NATIONAL ALUMINIUM CO LTD,16721980,13633.28
NAUKRI,INFO EDGE (I) LTD,268711,10019.80
NAVINFLUOR,NAVIN FLUORINE INT. LTD,51780,1588.49
NAVKARCORP,NAVKAR CORPORATION LTD.,814265,403.08
NAVNETEDUL,NAVNEET EDUCATION LTD,95192,73.27
NAZARA,NAZARA TECHNOLOGIES LTD,91419,1133.81
NBCC,NBCC (INDIA) LIMITED,9153097,3285.76
NBVENTURES,NAVA BHARAT VENTURES LIMI,906533,1299.44
NCC,NCC LIMITED,7201701,4289.37
NCLIND,NCL INDUSTRIES LIMITED,145593,191.12
NDL,NANDAN DENIM LIMITED,66769,37.32
NDRAUTO,NDR AUTO COMPONENTS LTD,153,0.56
NDTV,NDTV LTD,32142,65.43
NECCLTD,NORTH EAST CARRY CORP LTD,15700,4.14
NECLIFE,NECTAR LIFESCIENCES LTD.,523569,150.77
NELCAST,NELCAST LIMITED,105637,42.52
NELCO,NELCO LTD,495,1.36
NEOGEN,NEOGEN CHEMICALS LIMITED,105486,1314.93
NESCO,NESCO LTD.,62564,337.48
NESTLEIND,NESTLE INDIA LIMITED,11645,1803.10
NETWORK18,NETWORK18 MEDIA & INV LTD,1606421,1258.87
NEULANDLAB,NEULAND LAB LTD.,33396,302.87
NEWGEN,NEWGEN SOFTWARE TECH LTD,71611,213.60
NFL,NATIONAL FERT. LTD,2153507,1018.15
NH,NARAYANA HRUDAYALAYA LTD.,66411,349.35
NHPC,NHPC LTD,4609177,1294.87
NIACL,THE NEW INDIA ASSU CO LTD,594659,581.84
NIF100BEES,NIP IND ETF NIFTY 100,306,0.50
NIFTYBEES,NIP IND ETF NIFTY BEES,1008956,1460.28
NIITLTD,NIIT LIMITED,255868,842.37
NILKAMAL,NILKAMAL LIMITED,5348,102.23
NIPPOBATRY,INDO-NATIONAL LIMITED,683,3.18
NITCO,NITCO LIMITED,643,0.05
NITINSPIN,NITIN SPINNERS LIMITED,81718,94.48
NLCINDIA,NLC INDIA LIMITED,9870545,6901.28
NMDC,NMDC LTD.,9957849,12689.12
NOCIL,NOCIL LIMITED,819679,1850.22
NOVARTIND,NOVARTIS INDIA LIMITED,19738,119.43
NRAIL,N R AGARWAL INDS LTD,8506,20.67
NRBBEARING,NRB BEARING LIMITED,343060,422.98
NSIL,NALWA SONS INVESTMENT LTD,572,3.42
NTPC,NTPC LTD,1416175,1866.64
NUCLEUS,NUCLEUS SOFTWARE EXPORTS,64442,245.99
NURECA,NURECA LIMITED,12153,135.00
NUVOCO,NUVOCO VISTAS CORP LTD,136003,398.27
NV20BEES,NIP IND ETF ETF NV20,484,0.44
NXTDIGITAL,NXTDIGITAL LIMITED,53464,83.03
NYKAA,FSN E COMMERCE VENTURES,87538,1163.89
OAL,ORIENTAL AROMATICS LTD,11790,68.00
OBCL,ORISSA BENGAL CARRIER LTD,790,1.01
OBEROIRLTY,OBEROI REALTY LIMITED,373978,2827.03
OCCL,ORIENTAL CARBN & CHEM LTD,7321,54.24
OFSS,ORACLE FIN SERV SOFT LTD.,64566,2091.09
OIL,OIL INDIA LTD,782700,1625.81
OLECTRA,OLECTRA GREENTECH LIMITED,28336,38.13
OMAXAUTO,OMAX AUTOS LTD,224,0.16
OMAXE,OMAXE LIMITED,94358,84.54
OMINFRAL,OM INFRA LIMITED,17862,7.65
ONGC,OIL AND NATURAL GAS CORP.,7319874,9740.21
ONMOBILE,ONMOBILE GLOBAL LTD.,984382,1142.48
OPTIEMUS,OPTIEMUS INFRACOM LTD,34980,100.43
ORBTEXP,ORBIT EXPORTS LIMITED,100,0.14
ORCHPHARMA,ORCHID PHARMA LIMITED,60,0.21
ORICONENT,ORICON ENTERPRISES LTD,139818,38.69
ORIENTABRA,ORIENT ABRASIVE LTD,79152,20.47
ORIENTBELL,ORIENT BELL LIMITED,8046,42.89
ORIENTCARB,ORIENTAL CARBON & CHEM,245,2.71
ORIENTCEM,ORIENT CEMENT LTD.,794507,970.38
ORIENTELEC,ORIENT ELECTRIC LIMITED,131580,384.35
ORIENTHOT,ORIENT HOTELS LTD,311272,141.96
ORIENTPPR,ORIENT PAPER AND INDS LTD,1178240,220.92
ORISSAMINE,ORISSA MIN DEV CO LTD,2611,84.47
ORTINLAB,ORTIN LABORATORIES LTD,700,0.18
ORTINLABSS,ORTIN LABORATORIES LTD,1070,0.24
PAGEIND,PAGE INDUSTRIES LTD,2235,747.15
PAISALO,PAISALO DIGITAL LIMITED,108563,757.82
PANACEABIO,PANACEA BIOTEC LTD,6565,11.96
PANAMAPET,PANAMA PETROCHEM LTD,94064,269.97
PARACABLES,PARAMOUNT COMM LTD,9550,1.39
PARADEEP,PARADEEP PHOSPHATES LTD,15420,6.05
PARAGMILK,PARAG MILK FOODS LTD.,1129602,1023.25
PARAS,PARAS DEF AND SPCE TECH L,51155,307.59
PASUPTAC,PASUPATI ACRYLON LIMITED,27436,11.73
PATELENG,PATEL ENGINEERING LTD.,432944,102.08
PATINTLOG,PATEL INT. LOG. LTD,5000,0.79
PAYTM,ONE 97 COMMUNICATIONS LTD,1096020,6627.11
PCBL,PCBL LIMITED,729503,725.75
PCJEWELLER,PC JEWELLER LTD,410875,101.52
PDMJEPAPER,PUDUMJEE PAPER PRO. LTD,59928,24.57
PDSL,PDS LIMITED,1212,17.20
PEL,PIRAMAL ENTERPRISES LTD,354973,6088.37
PENIND,PENNAR INDUSTRIES LTD,289824,101.52
PERSISTENT,PERSISTENT SYSTEMS LTD,145175,4641.31
PETRONET,PETRONET LNG LIMITED,569515,1145.00
PFC,POWER FIN CORP LTD.,7327778,8137.01
PFIZER,PFIZER LTD,24936,951.50
PFS,PTC INDIA FIN SERV LTD,2095337,330.32
PGEL,PG ELECTROPLAST LTD,5036,42.48
PGHH,P&G HYGIENE & HEALTH CARE,661,70.71
PGHL,PROCTER & GAMBLE HEALTH L,12269,441.45
PGIL,PEARL GLOBAL IND LIMITED,4993,15.87
PHARMABEES,NIPPONAMC - NETFPHARMA,131443,12.32
PHOENIXLTD,THE PHOENIX MILLS LTD,25463,236.31
PIDILITIND,PIDILITE INDUSTRIES LTD,171223,3349.34
PIIND,PI INDUSTRIES LTD,75867,1874.16
PILANIINVS,PILANI INV & IND COR LTD,2395,29.83
PILITA,PIL ITALICA LIFESTYLE LTD,6100,0.39
PIONDIST,PIONEER DIST LTD,691,1.34
PIONEEREMB,PIONEER EMBROIDERIES LTD,32465,18.82
PITTIENG,PITTI ENGINEERING LIMITED,31861,72.33
PIXTRANS,PIX TRANSMISSIONS LIMITED,1294,9.35
PLASTIBLEN,PLASTIBLENDS INDIA LTD,11556,15.41
PNB,PUNJAB NATIONAL BANK,41325886,13080.75
PNBGILTS,PNB GILTS LIMITED,454597,233.84
PNBHOUSING,PNB HOUSING FIN LTD.,274037,967.52
PNCINFRA,PNC INFRATECH LTD.,381387,894.55
PODDARMENT,PODDAR PIGMENTS LIMITED,2280,7.44
POKARNA,POKARNA LIMITED,25096,76.10
POLICYBZR,PB FINTECH LIMITED,135134,738.54
POLYCAB,POLYCAB INDIA LIMITED,222712,4897.92
POLYMED,POLY MEDICURE LIMITED,26079,185.12
POLYPLEX,POLYPLEX CORPORATION LTD,157586,2840.28
PONNIERODE,PONNIE SUGARS (ERODE) LTD,12277,33.80
POONAWALLA,POONAWALLA FINCORP LTD,2997649,6598.11
POWERGRID,POWER GRID CORP. LTD.,687307,1406.65
POWERINDIA,HITACHI ENERGY INDIA LTD,60089,1281.98
POWERMECH,POWER MECH PROJECTS LTD.,166860,1411.00
PPAP,PPAP AUTOMOTIVE LIMITED,11529,26.93
PPL,PRAKASH PIPES LIMITED,27532,49.46
PRAJIND,PRAJ INDUSTRIES LTD,572288,1711.00
PRAKASH,PRAKASH INDUSTRIES LTD,1756890,1196.13
PRECAM,PRECISION CAMSHAFTS LTD.,108175,99.30
PRECWIRE,PRECISION WIRES INDIA LTD,200,0.61
PRESSMN,PRESSMAN ADVERTISING LTD,1000,0.41
PRESTIGE,PRESTIGE ESTATE LTD,366486,1195.93
PRICOLLTD,PRICOL LIMITED,472514,498.72
PRIMESECU,PRIME SECURITIES LIMITED,100000,100.00
PRINCEPIPE,PRINCE PIPES FITTINGS LTD,175720,1002.29
PRITIKAUTO,PRITIKA AUTO INDUS LTD,6659,1.09
PRIVISCL,PRIVI SPECIALITY CHE LTD,9636,124.13
PROZONINTU,PROZONE INTU PROPRTIS LTD,41697,10.42
PRSMJOHNSN,PRISM JOHNSON LIMITED,290205,336.18
PSB,PUNJAB & SIND BANK,422101,57.69
PSPPROJECT,PSP PROJECTS LIMITED,78128,336.50
PSUBNKBEES,NIP IND ETF PSU BANK BEES,445806,88.27
PTC,PTC INDIA LIMITED,1526660,1212.39
PTL,PTL ENTERPRISES LTD,4192,1.43
PUNJABCHEM,PUNJAB CHEM & CROP PROT L,6412,83.60
PURVA,PURAVANKARA LIMITED,154038,123.69
PVR,PVR LIMITED,86984,1360.89
QGOLDHALF,QUANTUM GOLD FUND,177,0.08
QUESS,QUESS CORP LIMITED,81436,457.70
QUICKHEAL,QUICK HEAL TECH LTD,95056,166.47
RADICO,RADICO KHAITAN LTD,263503,2046.94
RADIOCITY,MUSIC BROADCAST LIMITED,725732,168.67
RAILTEL,RAILTEL CORP OF IND LTD,1934301,2016.33
RAIN,RAIN INDUSTRIES LIMITED,1624540,2670.04
RAINBOW,RAINBOW CHILDRENS MED LTD,330,1.49
RAJESHEXPO,RAJESH EXPORTS LTD,220017,1350.03
RAJMET,RAJNANDINI METAL LIMITED,27,0.00
RALLIS,RALLIS INDIA LTD,689767,1409.74
RAMANEWS,SHREE RAMA NEWSPRINT LTD,8520,1.65
RAMCOCEM,THE RAMCO CEMENTS LIMITED,132699,830.13
RAMCOIND,RAMCO INDUSTRIES LIMITED,121324,239.82
RAMCOSYS,RAMCO SYSTEMS LTD.,172851,428.35
RAMKY,RAMKY INFRA LTD,538878,988.16
RANASUG,RANA SUGARS LTD.,78396,26.95
RANEENGINE,RANE ENG VALVE LTD,2066,5.69
RANEHOLDIN,RANE HOLDINGS LIMITED,14650,72.71
RATEGAIN,RATEGAIN TRAVEL TECHN LTD,120510,363.15
RATNAMANI,RATNAMANI MET & TUB LTD.,11460,223.16
RAYMOND,RAYMOND LTD,543310,4071.37
RBA,RESTAURANT BRAND ASIA LTD,1776587,1718.06
RBL,RANE BRAKE LINING LTD,13233,82.94
RBLBANK,RBL BANK LIMITED,8571428,8246.72
RCF,RASHTRIYA CHEMICALS & FER,4108842,3118.53
RCOM,RELIANCE COMMUNICATIONS L,592,0.03
RECLTD,REC LIMITED,5015078,5427.82
REDINGTON,REDINGTON (INDIA) LTD.,2854053,3631.23
REFEX,REFEX INDUSTRIES LIMITED,14926,18.48
RELAXO,RELAXO FOOT LTD.,102576,912.59
RELCAPITAL,REL CAPITAL - DEPO. SETT.,6728,2.78
RELIANCE,RELIANCE INDUSTRIES LTD,2405763,55576.99
RELIGARE,RELIGARE ENTER. LTD.,1859542,2167.18
RELINFRA,RELIANCE INFRASTRUCTU LTD,176560,186.14
RENUKA,SHREE RENUKA SUGARS LTD,5629949,2799.05
REPCOHOME,REPCO HOME FINANCE LTD,350261,488.44
REPL,RUDRABHISHEK ENTERP LTD,3650,8.69
REPRO,REPRO INDIA LIMITED,5168,13.32
RESPONIND,RESPONSIVE INDUSTRIES LTD,13602,19.61
REVATHI,REVATHI EQUIPMENT LTD,1114,8.05
RGL,RENAISSANCE GLOBAL LTD,693,5.36
RHFL,RELIANCE HOME FINANCE LTD,45,0.00
RHIM,RHI MAGNESITA INDIA LTD,145404,562.46
RICOAUTO,RICO AUTO INDUSTRIES LTD,336125,120.02
RIIL,RELIANCE INDUSTRIAL INFRA,291103,2385.03
RITES,RITES LIMITED,233188,543.03
RKFORGE,RAMKRISHNA FORGINGS LTD,709217,1226.12
RML,RANE (MADRAS) LIMITED,10137,24.92
ROHLTD,ROYAL ORCHID HOTELS LTD,250,0.34
ROLEXRINGS,ROLEX RINGS LIMITED,29393,311.96
ROSSARI,ROSSARI BIOTECH LIMITED,78410,643.97
ROSSELLIND,ROSSELL INDIA LIMITED,66791,112.06
ROTO,ROTO PUMPS LIMITED,2632,9.20
ROUTE,ROUTE MOBILE LIMITED,199385,2374.68
RPGLIFE,RPG LIFE SCIENCES LTD,11005,48.36
RPOWER,RELIANCE POWER LTD.,403671,47.95
RPPINFRA,R.P.P INFRA PROJECTS LTD,81785,54.17
RPPL,RAJSHREE POLYPACK LTD,1000,2.05
RPSGVENT,RPSG VENTURES LIMITED,61520,270.82
RSSOFTWARE,R. S. SOFTWARE (INDIA) LI,2803,0.86
RSWM,RSWM LIMITED,53053,176.01
RSYSTEMS,R SYS INTERNATIONAL LTD,35963,42.40
RTNINDIA,RATTANINDIA ENT LIMITED,326474,146.85
RTNPOWER,RATTANINDIA POWER LIMITED,5565000,252.70
RUBYMILLS,THE RUBY MILLS LTD,8610,34.55
RUCHI,RUCHI SOYA INDUSTRIES LTD,179977,1635.84
RUCHIRA,RUCHIRA PAPERS LIMITED,17571,19.44
RUPA,RUPA & COMPANY LTD,293991,824.08
RUSHIL,RUSHIL DECOR LIMITED,139205,720.83
RVNL,RAIL VIKAS NIGAM LIMITED,3302367,1030.66
SADBHAV,SADBHAV ENGINEERING LTD,613355,224.66
SADBHIN,SADBHAV INFRA PROJ LTD.,1294,0.23
SAFARI,SAFARI IND (INDIA) LTD,2917,17.62
SAGCEM,SAGAR CEMENTS LIMITED,101676,145.61
SAIL,STEEL AUTHORITY OF INDIA,41380327,33028.04
SAKAR,SAKAR HEALTHCARE LIMITED,353,0.49
SAKSOFT,SAKSOFT LIMITED,11738,87.28
SAKUMA,SAKUMA EXPORTS LIMITED,752,0.10
SALASAR,SALASAR TECHNO ENGG. LTD.,310811,81.95
SALONA,SALONA COTSPIN LTD.,425,1.11
SALZERELEC,SALZER ELECTRONICS LTD,86060,162.88
SANDHAR,SANDHAR TECHNOLOGIES LTD,27046,51.73
SANGAMIND,SANGAM (INDIA) LTD,10720,30.69
SANGHIIND,SANGHI INDUSTRIES LTD,295939,135.71
SANGHVIMOV,SANGHVI MOVERS LTD,79952,106.99
SANOFI,SANOFI INDIA LIMITED,20192,1279.62
SANSERA,SANSERA ENGINEERING LTD,13125,81.52
SAPPHIRE,SAPPHIRE FOODS INDIA LTD,37001,390.81
SARDAEN,SARDA ENERGY & MIN LTD,21604,152.66
SAREGAMA,SAREGAMA INDIA LIMITED,9585,39.02
SARLAPOLY,SARLA PERF. FIBERS LTD,128236,77.55
SASKEN,SASKEN TECHNOLOGIES LTD,40262,375.65
SASTASUNDR,SASTASUNDAR VENTURES LTD,5956,29.77
SATIA,SATIA INDUSTRIES LIMITED,299850,312.10
SATIN,SATIN CREDIT NET LTD,46930,40.82
SBCL,SHIVALIK BIMETAL CON. LTD,28529,116.90
SBICARD,SBI CARDS & PAY SER LTD,1210243,8628.25
SBIETFCON,SBIAMC - SBIETFCON,1,0.00
SBIETFIT,SBIAMC - SBIETFIT,11598,22.54
SBIETFPB,SBIAMC - SBIETFPB,35,0.07
SBILIFE,SBI LIFE INSURANCE CO LTD,304284,3311.49
SBIN,STATE BANK OF INDIA,6597614,27693.84
SCHAEFFLER,SCHAEFFLER INDIA LIMITED,26739,569.98
SCHAND,S CHAND AND COMPANY LTD,19013,22.74
SCHNEIDER,SCHNEIDER ELECTRIC INFRA,891127,1010.07
SCI,SHIPPING CORP OF INDIA LT,3770296,3793.95
SDBL,SOM DIST & BREW LTD,4306,2.16
SDL24BEES,NIPPON INDIA- NIMFXX,1,0.00
SDL26BEES,RELCAPAMC-NETFSDL26,1,0.00
SEAMECLTD,SEAMEC LIMITED,7884,46.75
SECURKLOUD,SECUREKLOUD TECH LIMITED,9437,8.88
SELAN,SELAN EXPLO. TECH LTD,17641,35.41
SEPC,SEPC LIMITED,14347,1.46
SEQUENT,SEQUENT SCIENTIFIC LTD.,1960137,2326.59
SESHAPAPER,SESHASAYEE PAPER & BOARDS,37346,60.27
SETCO,SETCO AUTOMOTIVE LTD,7817,1.21
SETFGOLD,SBI-ETF GOLD,11386,3.28
SETFNIF50,SBI-ETF NIFTY 50,70688,89.35
SETFNIFBK,SBI-ETF NIFTY BANK,13718,32.52
SETFNN50,SBI-ETF NIFTY NEXT 50,4864,14.10
SFL,SHEELA FOAM LIMITED,5723,144.26
SHAKTIPUMP,SHAKTI PUMPS (I) LTD,119596,559.34
SHALBY,SHALBY LIMITED,155828,160.78
SHALPAINTS,SHALIM PAINTS LTD,1438458,2003.45
SHANKARA,SHANKARA BLDG PRODUCT LTD,217748,1620.09
SHANTIGEAR,SHANTHI GEARS LTD,42188,79.83
SHARDACROP,SHARDA CROPCHEM LTD.,124488,738.29
SHARDAMOTR,SHARDA MOTOR INDS LTD,21191,156.11
SHAREINDIA,SHARE IND. SECURITIES LTD,15840,112.61
SHARIABEES,NIP IND ETF SHARIAH BEES,1,0.00
SHEMAROO,SHEMAROO ENTER. LTD.,401,0.56
SHILPAMED,SHILPA MEDICARE LTD,406490,1704.22
SHIVALIK,SHIVALIK RASAYAN LIMITED,36964,209.46
SHIVATEX,SHIVA TEXYARN LIMITED,674,1.73
SHK,S H KELKAR AND CO. LTD.,215554,303.26
SHOPERSTOP,SHOPPERS STOP LIMITED,79654,327.94
SHREDIGCEM,SHREE DIGVIJAY CEM CO LTD,199975,96.69
SHREECEM,SHREE CEMENT LIMITED,17060,3214.31
SHREEPUSHK,SHRE PUSH CHEM & FERT LTD,84260,198.91
SHREYANIND,SHREYANS INDUSTRIES LTD,5339,7.18
SHREYAS,SHREYAS SHIPPING & LOGIST,16924,56.89
SHRIRAMCIT,SHRIRAM CITYUNI FIN.LTD.,9982,149.70
SHRIRAMPPS,SHRIRAM PROPERTIES LTD,517163,301.22
SHYAMMETL,SHYAM METALICS AND ENGY L,313252,949.75
SIEMENS,SIEMENS LTD,46366,987.44
SIGACHI,SIGACHI INDUSTRIES LTD,20301,50.91
SILVER,BIRLASLAMC - SILVER,1757,1.06
SILVERBEES,NIPPONAMC - NETFSILVER,73298,31.73
SIMPLEXINF,SIMPLEX INFRASTRUCTURES L,385,0.19
SINTERCOM,SINTERCOM INDIA LIMITED,1521,1.51
SIRCA,SIRCA PAINT INDIA LIMITED,8175,24.24
SIS,SIS LIMITED,62559,258.79
SIYSIL,SIYARAM SILK MILLS LTD,77920,340.88
SJS,SJS ENTERPRISES LIMITED,25320,93.31
SJVN,SJVN LTD,3088655,836.21
SKFINDIA,SKF INDIA LTD,26213,731.81
SKIPPER,SKIPPER LIMITED,55352,41.24
SKMEGGPROD,SKM EGG PROD EXPORT(I) LT,11868,7.07
SMARTLINK,SMARTLINK HOLDINGS LTD,780,1.51
SMCGLOBAL,SMC GLOBAL SECURITIES LTD,286936,272.59
SMLISUZU,SML ISUZU LIMITED,28754,150.50
SMSLIFE,SMS LIFESCIENCES (I) LTD,3961,26.12
SMSPHARMA,SMS PHARMACEUTICALS LTD.,136943,89.82
SNOWMAN,SNOWMAN LOGISTICS LTD.,892876,262.51
SOBHA,SOBHA LIMITED,392490,2190.76
SOLARA,SOLARA ACTIVE PHA SCI LTD,153745,967.59
SOLARINDS,SOLAR INDUSTRIES (I) LTD,10470,264.81
SOMANYCERA,SOMANY CERAMICS LIMITED,12106,52.87
SONACOMS,SONA BLW PRECISION FRGS L,943422,5058.78
SONATSOFTW,SONATA SOFTWARE LTD,136590,765.52
SORILINFRA,SORIL INFRA RESOURCES LTD,6400,4.68
SOTL,SAVITA OIL TECHNOLO. LTD,15911,157.26
SOUTHBANK,THE SOUTH INDIAN BANK LTD,5390194,412.52
SOUTHWEST,SOUTH WEST PINNACLE LTD,1712,1.45
SPAL,S. P. APPARELS LIMITED,22706,51.86
SPANDANA,SPANDANA SPHOORTY FIN LTD,120469,385.19
SPARC,SUN PHARMA ADV.RES.CO.LTD,337038,853.95
SPECIALITY,SPECIALITY REST LTD,102603,94.78
SPENCERS,SPENCER S RETAIL LIMITED,253671,175.08
SPIC,SPIC LTD,467532,301.48
SPICEJET,SPICEJET LIMITED,5929639,2988.98
SPLIL,SPL INDUSTRIES LIMITED,2068,1.24
SPLPETRO,SUPREME PETROCHEM LIMITED,1140,10.10
SREEL,SREELEATHERS LIMITED,27631,49.83
SRF,SRF LTD,297120,6005.99
SRHHYPOLTD,SREE RAYALSEEMA HHP LTD.,26558,65.35
SRTRANSFIN,SHRIRAM TRANSPORT FIN CO.,164780,1805.10
SSWL,STEEL STRIPS WHEELS LTD.,4942,37.25
STAR,STRIDES PHARMA SCI LTD,1671004,6069.80
STARCEMENT,STAR CEMENT LIMITED,307737,270.84
STARHEALTH,STAR HEALTH & AL INS CO L,196214,910.78
STARPAPER,STAR PAPER MILLS LTD,20667,35.32
STCINDIA,THE STATE TRADING CORPN,50931,52.97
STEELCITY,STEEL CITY SECURITIES LTD,18236,11.73
STEELXIND,STEEL EXCHANGE INDIA LTD,123682,170.97
STEL,STEL HOLDINGS LIMITED,2500,4.65
STERTOOLS,STERLING TOOLS LIMITED,25802,37.77
STLTECH,STERLITE TECHNOLOGIES LTD,746546,1297.11
STOVEKRAFT,STOVE KRAFT LIMITED,134301,771.02
STYLAMIND,STYLAM INDUSTRIES LIMITED,7193,61.31
SUBEXLTD,SUBEX LTD,4185193,1285.57
SUBROS,SUBROS LIMITED,14839,36.63
SUDARSCHEM,SUDARSHAN CHEMICAL INDS L,541687,3052.38
SUMICHEM,SUMITOMO CHEM INDIA LTD,279802,1099.56
SUMMITSEC,SUMMIT SECURITIES LTD,6281,33.93
SUNCLAYLTD,SUNDARAM CLAYTON LIMITED,1025,34.68
SUNDARMFIN,SUNDARAM FINANCE LTD,12879,188.51
SUNDARMHLD,SUNDARAM FINANCE HOLD LTD,73099,48.35
SUNDRMBRAK,SUNDARAM BRAK LININGS LTD,136,0.41
SUNDRMFAST,SUNDRAM FASTENERS LTD,59575,426.17
SUNFLAG,SUNFLAG IRON AND STEEL CO,141333,123.20
SUNPHARMA,SUN PHARMACEUTICAL IND L,335050,2401.42
SUNTECK,SUNTECK REALTY LIMITED,587583,2848.89
SUNTV,SUN TV NETWORK LIMITED,434895,1620.59
SUPERHOUSE,SUPERHOUSE LIMITED,3428,7.49
SUPRAJIT,SUPRAJIT ENGINEERING LTD,192919,494.94
SUPREMEIND,SUPREME INDUSTRIES LTD,32717,537.83
SUPRIYA,SUPRIYA LIFESCIENCE LTD,79118,254.19
SURYAROSNI,SURYA ROSHNI LTD,120794,442.55
SURYODAY,SURYODAY SMALL FIN BK LTD,170828,150.65
SUTLEJTEX,SUTLEJ TEXT & INDUS LTD,204379,94.15
SUULD,SUUMAYA INDUSTRIES LTD,126,0.55
SUVEN,SUVEN LIFE SCIENCES LTD,368976,265.50
SUVENPHAR,SUVEN PHARMACEUTICALS LTD,90609,441.71
SUVIDHAA,SUVIDHAA INFOSERVE LTD,450,0.04
SUZLON,SUZLON ENERGY LIMITED,774164,53.89
SVPGLOB,SVP GLOBAL TEXTILES LTD,491156,253.41
SWANENERGY,SWAN ENERGY LIMITED,140410,333.24
SWARAJENG,SWARAJ ENGINES LTD,6920,96.88
SWELECTES,SWELECT ENERGY SYS LTD,14,0.06
SWSOLAR,STRLNG & WIL REN ENE LTD,371942,1258.12
SYMPHONY,SYMPHONY LIMITED,36638,359.43
SYNGENE,SYNGENE INTERNATIONAL LTD,188716,968.22
TAJGVK,TAJ GVK HOTELS & RESORTS,197900,212.41
TAKE,TAKE SOLUTIONS LTD,531506,208.37
TALBROAUTO,TALBROS AUTO. COMP. LTD,20583,59.34
TANLA,TANLA PLATFORMS LIMITED,432288,4566.34
TARC,TARC LIMITED,1627209,606.08
TARMAT,TARMAT LIMITED,3645,3.01
TARSONS,TARSONS PRODUCTS LIMITED,54681,335.93
TASTYBITE,TASTY BITE EATABLES LTD,3571,453.59
TATACHEM,TATA CHEMICALS LTD,916136,7311.93
TATACOFFEE,TATA COFFEE LIMITED,1138717,2075.80
TATACOMM,TATA COMMUNICATIONS LTD,485116,4736.04
TATACONSUM,TATA CONSUMER PRODUCT LTD,821286,5794.60
TATAELXSI,TATA ELXSI LIMITED,138922,9567.93
TATAINVEST,TATA INVESTMENT CORP LTD,26866,319.66
TATAMETALI,TATA METALIKS LTD,218577,1636.64
TATAMOTORS,TATA MOTORS LIMITED,10677196,38831.65
TATAMTRDVR,TATA MOTORS DVR  A  ORD,12040818,23402.09
TATAPOWER,TATA POWER CO LTD,20227979,41018.36
TATASTEEL,TATA STEEL LIMITED,4830167,44493.75
TATASTLLP,TATA STEEL LONG PRO LTD,46844,239.30
TATVA,TATVA CHIN PHARM CHEM LTD,13663,253.36
TBZ,TRIB BHIMJI ZAVERI LTD,64291,50.15
TCI,TRANSPORT CORPN OF INDIA,37965,210.54
TCIEXP,TCI EXPRESS LIMITED,20443,282.85
TCNSBRANDS,TCNS CLOTHING CO. LIMITED,21860,109.36
TCPLPACK,TCPL PACKAGING LIMITED,18517,83.76
TCS,TATA CONSULTANCY SERV LT,1506872,46886.72
TDPOWERSYS,TD POWER SYSTEMS LTD.,9847,32.83
TEAMLEASE,TEAMLEASE SERVICES LTD.,7882,209.28
TECHM,TECH MAHINDRA LIMITED,2394735,27742.43
TECHNOE,TECHNO ELEC & ENG CO. LTD,27182,56.76
TEGA,TEGA INDUSTRIES LIMITED,20611,76.24
TEJASNET,TEJAS NETWORKS LIMITED,20351,71.70
TEXINFRA,TEXMACO INFRA & HOLDG LTD,23526,13.81
TEXMOPIPES,TEXMO PIPE & PRODUCTS LTD,2646,1.51
TEXRAIL,TEXMACO RAIL & ENG. LTD.,1230661,456.41
TFCILTD,TOURISM FINANCE CORP. OF,118828,59.11
THANGAMAYL,THANGAMAYIL JEWELLERY LTD,3197,27.27
THEINVEST,THE INVEST TRUST OF IND L,1515,1.58
THEMISMED,THEMIS MEDICARE LTD.,457,2.18
THERMAX,THERMAX LTD,25372,454.03
THOMASCOOK,THOMAS COOK (INDIA) LTD,357372,207.01
THYROCARE,THYROCARE TECH LTD,59849,508.04
TI,TILAKNAGAR INDUSTRIES LTD,1100,0.43
TIDEWATER,TIDE WATER OIL LTD,7994,89.54
TIIL,TECHNOCRAFT IND LTD,14388,99.59
TIINDIA,TUBE INVEST OF INDIA LTD,31087,460.74
TIL,TIL LTD,1080,1.31
TIMETECHNO,TIME TECHNOPLAST LTD.,1579166,1341.25
TIMKEN,TIMKEN INDIA LTD.,136312,2529.40
TINPLATE,THE TINPLATE CO. (I) LTD,346348,1051.62
TIPSINDLTD,TIPS INDUSTRIES LIMITED,174,1.44
TIRUMALCHM,THIRUMALAI CHEMICALS LTD,520003,1013.67
TITAN,TITAN COMPANY LIMITED,758194,14338.57
TNPETRO,TAMILNADU PETROPRODUCTS L,430286,359.90
TNPL,TAMILNADU NEWSPRT & PAPER,244412,452.66
TORNTPHARM,TORRENT PHARMACEUTICALS L,15107,364.61
TORNTPOWER,TORRENT POWER LTD,120712,559.26
TPLPLASTEH,TPL PLASTECH LIMITED,19305,24.61
TREJHARA,TREJHARA SOLUTIONS LTD,4650,3.43
TRENT,TRENT LTD,174715,1616.49
TRIDENT,TRIDENT LIMITED,524667,191.31
TRIGYN,TRIGYN TECHNOLOGIES LTD,67893,84.78
TRIL,TRANS & RECTI. LTD,119734,37.83
TRITURBINE,TRIVENI TURBINE LIMITED,294428,480.84
TRIVENI,TRIVENI ENGG. & INDS. LTD,396537,738.38
TTKHLTCARE,TTK HEALTHCARE LIMITED,4294,23.37
TTKPRESTIG,TTK PRESTIGE LTD,80898,559.92
TTL,T T LIMITED,7003,5.68
TTML,TATA TELESERV(MAHARASTRA),2328,2.49
TV18BRDCST,TV18 BROADCAST LIMITED,16122054,7862.62
TVSELECT,TVS ELECTRONICS LTD,14554,36.98
TVSMOTOR,TVS MOTOR COMPANY  LTD,132693,905.93
TVSSRICHAK,TVS SRICHAKRA LIMITED,6967,116.44
TVTODAY,TV TODAY NETWORK LTD,85393,299.56
TWL,TITAGARH WAGONS LTD.,445933,371.84
UBL,UNITED BREWERIES LTD,44411,572.83
UCALFUEL,UCAL FUEL SYSTEMS LTD,9368,11.61
UCOBANK,UCO BANK,4337983,460.97
UDAICEMENT,UDAIPUR CEMENT WORKS LTD,59544,14.89
UFLEX,UFLEX LIMITED,255646,1343.31
UFO,UFO MOVIEZ INDIA LTD.,31616,31.67
UGARSUGAR,THE UGAR SUGAR WORKS LTD,43984,5.19
UGROCAP,UGRO CAPITAL LIMITED,63668,83.90
UJJIVAN,UJJIVAN FIN. SERVC. LTD.,1121237,1441.80
UJJIVANSFB,UJJIVAN SMALL FINANC BANK,4105181,727.97
ULTRACEMCO,ULTRATECH CEMENT LIMITED,286601,14892.01
UMANGDAIRY,UMANG DAIRIES LIMITED,7530,5.05
UNICHEMLAB,UNICHEM LABORATORIES LTD,59665,148.06
UNIDT,UNITED DRILLING TOOLS LTD,14138,55.13
UNIENTER,UNIPHOS ENTERPRISES LTD,12067,15.52
UNIONBANK,UNION BANK OF INDIA,17378176,5880.01
UNIVCABLES,UNIVERSAL CABLES LTD,13707,17.25
UPL,UPL LIMITED,546122,3533.08
URJA,URJA GLOBAL LIMITED,1500,0.13
USHAMART,USHA MARTIN LTD.,149336,133.38
UTIAMC,UTI ASSET MNGMT CO LTD,74891,553.23
UTIBANKETF,UTIAMC - UTIBANKETF,3,0.00
UTINEXT50,UTIAMC - UTINEXT50,1001,0.39
UTINIFTETF,UTIAMC - UTINIFTETF,339,3.19
UTISENSETF,UTIAMC - UTISENSETF,9,0.05
UTTAMSUGAR,UTTAM SUGAR MILLS LTD.,149349,329.98
V2RETAIL,V2 RETAIL LIMITED,1365,1.55
VADILALIND,VADILAL INDUSTRIES LTD,12709,171.04
VAIBHAVGBL,VAIBHAV GLOBAL LIMITED,173829,600.05
VAISHALI,VAISHALI PHARMA LIMITED,100400,72.58
VAKRANGEE,VAKRANGEE LIMITED,7373150,2417.52
VALIANTORG,VALIANT ORGANICS LIMITED,66574,430.04
VARDHACRLC,VARDHAMAN ACRYLICS LTD,18650,10.49
VARROC,VARROC ENGINEERING LTD.,317396,976.35
VASCONEQ,VASCON ENGINEERS LTD,107162,21.45
VASWANI,VASWANI IND LTD,2000,0.45
VBL,VARUN BEVERAGES LIMITED,113634,826.33
VCL,VAXTEX COTFAB LIMITED,59,0.01
VEDL,VEDANTA LIMITED,7981505,19133.10
VENKEYS,VENKY S (INDIA) LIMITED,62194,1190.34
VENUSPIPES,VENUS PIPES & TUBES LTD,20000,65.74
VENUSREM,VENUS REMEDIES LIMITED,38527,102.49
VERTOZ,VERTOZ ADVERTISING LTD,10466,12.89
VESUVIUS,VESUVIUS INDIA LTD,9644,94.18
VETO,VETO SWITCHGEAR CABLE LTD,107507,118.03
VGUARD,V-GUARD IND LTD.,268199,495.01
VHL,VARDHMAN HOLDINGS LIMITED,393,11.02
VIDHIING,VIDHI SPCLTY F INGRDNTS L,210205,491.46
VIJAYA,VIJAYA DIAGNOSTIC CEN LTD,73372,249.68
VIKASECO,VIKAS ECOTECH LIMITED,1100,0.03
VIMTALABS,VIMTA LABS LIMITED,66428,185.27
VINATIORGA,VINATI ORGANICS LTD,44030,779.90
VINDHYATEL,VINDHYA TELELINKS LTD,27166,245.75
VINYLINDIA,VINYL CHEMICALS (I) LTD.,21804,61.28
VIPIND,VIP INDUSTRIES LTD,180268,1031.51
VISAKAIND,VISAKA INDUSTRIES LIMITED,53770,278.28
VISHAL,VISHAL FABRICS LIMITED,21166,7.26
VISHWARAJ,VISHWARAJ SUGAR IND LTD,388070,88.26
VIVIMEDLAB,VIVIMED LABS LIMITED,6098,0.98
VLSFINANCE,VLS FINANCE LTD,46668,54.40
VMART,VMART RETAIL LTD,16351,450.48
VOLTAMP,VOLTAMP TRANSFORMERS LTD,8109,179.39
VOLTAS,VOLTAS LTD,287876,2634.96
VRLLOG,VRL LOGISTICS LIMITED,62079,328.92
VSSL,VARDHMAN SPC STEEL LTD,49674,73.16
VSTIND,VST INDUSTRIES LTD,3979,114.20
VSTTILLERS,VST TILLERS TRACTORS LTD,8322,173.85
VTL,VARDHMAN TEXTILES LIMITED,528496,1523.84
WABAG,VA TECH WABAG LTD,421674,835.07
WALCHANNAG,WALCHANDNAGAR INDUSTRIES,11250,7.03
WATERBASE,WATERBASE LIMITED,41772,36.37
WEBELSOLAR,WEBSOL ENERGY SYSTEM LTD,4505,5.62
WELCORP,WELSPUN CORP LIMITED,1312391,2658.10
WELENT,WELSPUN ENTERPRISES LTD.,407643,351.36
WELSPUNIND,WELSPUN INDIA LTD,1777207,1226.85
WENDT,WENDT (INDIA) LIMITED,277,14.48
WESTLIFE,WESTLIFE DEVELOPMENT LTD,42337,183.41
WHEELS,WHEELS INDIA LTD,12935,59.43
WHIRLPOOL,WHIRLPOOL OF INDIA LTD,112941,1706.21
WINDLAS,WINDLAS BIOTECH LIMITED,22486,40.20
WINDMACHIN,WINDSOR MACHINES LIMITED,28340,12.12
WINPRO,WINPRO INDUSTRIES LIMITED,150,0.01
WIPRO,WIPRO LTD,7099636,31478.50
WOCKPHARMA,WOCKHARDT LIMITED,1241716,3317.03
WONDERLA,WONDERLA HOLIDAYS LTD.,190195,416.37
WORTH,WORTH PERIPHERALS LIMITED,25091,26.96
WSTCSTPAPR,WEST COAST PAPER MILLS LT,320220,926.87
XCHANGING,XCHANGING SOLUTIONS LTD,246475,179.73
XELPMOC,XELPMOC DESIGN & TECH LTD,4769,12.85
YAARI,YAARI DIGI INT SER LTD,31324,14.13
YESBANK,YES BANK LIMITED,63851210,6977.80
YUKEN,YUKEN INDIA LIMITED,249719,1126.95
ZEEL,ZEE ENTERTAINMENT ENT LTD,5997261,13233.66
ZEELEARN,ZEE LEARN LIMITED,316591,46.69
ZEEMEDIA,ZEE MEDIA CORPORATION LTD,5450,0.64
ZENSARTECH,ZENSAR TECHNOLOGIES  LTD,1792025,5588.10
ZENTEC,ZEN TECHNOLOGIES LIMITED,17151,21.32
ZFCVINDIA,ZF COM VE CTR SYS IND LTD,3551,202.81
ZODIACLOTH,ZODIAC CLOTHING CO. LTD.,9282,8.78
ZOMATO,ZOMATO LIMITED,12387796,7354.25
ZOTA,ZOTA HEALTH CARE LIMITED,9103,13.52
ZUARI,ZUARI AGRO CHEMICALS LTD,86080,104.21
ZUARIGLOB,ZUARI GLOBAL LIMITED,20967,28.28
ZYDUSLIFE,ZYDUS LIFESCIENCES LTD,1345238,4977.22
ZYDUSWELL,ZYDUS WELLNESS LIMITED,34537,550.46
,,,
 * Figures are rounded to the nearest decimal. ,,,
