SEBI REPORT AS ON Reporting date 09-MAR-2023,,,
,,,
,,,
Sr.No.,Particulars,Rs. In Lakhs ,
1,Scripwise Total Outstanding on the beginning of the day,2552287.07,
2,Fresh Exposure taken during the day,170092.87,
3,Exposure liquidated during the day,115186.19,
4,Net scripwise outstanding at the end of the day,2607193.75,
,,,
,,,
Symbol,Name,Qty Fin by all the members(No.of Shares),Amt Fin by all the members(Rs. In Lakhs)
20MICRONS,20 MICRONS LTD,20196,19.91
360ONE,360 ONE WAM LIMITED,74754,618.97
3IINFOLTD,3I INFOTECH LIMITED,434386,143.88
3MINDIA,3M INDIA LIMITED,855,177.62
504918,SANDUR MANGANESE & IRON ORES L,2,0.02
541167,YASHO INDUSTRIES LIMITED,170,2.81
5PAISA,5PAISA CAPITAL LIMITED,32746,84.11
63MOONS,63 MOONS TECHNOLOGIES LTD,22805,42.91
A2ZINFRA,A2Z INFRA ENGINEERING LTD,42994,5.13
AAREYDRUGS,AAREY DRUGS & PHARM LTD,10511,4.33
AARTIDRUGS,AARTI DRUGS LTD.,217766,932.87
AARTIIND,AARTI INDUSTRIES LTD,619136,3484.21
AARTIPHARM,AARTI PHARMALABS LIMITED,307,0.00
AARTISURF,AARTI SURFACTANTS LIMITED,27326,138.78
AARVI,AARVI ENCON LIMITED,999,1.64
AAVAS,AAVAS FINANCIERS LIMITED,87874,1618.45
ABAN,ABAN OFFSHORE LTD.,48904,25.28
ABB,ABB INDIA LIMITED,44475,1204.70
ABBOTINDIA,ABBOTT INDIA LIMITED,3839,719.65
ABCAPITAL,ADITYA BIRLA CAPITAL LTD.,2886711,3841.38
ABFRL,ADITYA BIRLA FASHION & RT,2129226,5201.65
ABSLAMC,ADIT BIRL SUN LIF AMC LTD,81695,324.11
ABSLBANETF,BIRLASLAMC - ABSLBANETF,2000,0.84
ABSLNN50ET,BIRLASLAMC - ABSLNN50ET,3147,1.36
ACC,ACC LIMITED,329073,5909.31
ACCELYA,ACCELYA SOLN INDIA LTD,137276,1744.18
ACCURACY,ACCURACY SHIPPING LIMITED,5245,0.98
ACE,ACTION CONST EQUIP LTD,315657,915.06
ACI,ARCHEAN CHEMICAL IND LTD,49705,268.77
ADANIENT,ADANI ENTERPRISES LIMITED,912230,12710.83
ADANIGREEN,ADANI GREEN ENERGY LTD,422900,3232.07
ADANIPORTS,ADANI PORT & SEZ LTD,2602007,13738.71
ADANIPOWER,ADANI POWER LTD,347220,662.79
ADANITRANS,ADANI TRANSMISSION LTD,124415,1175.19
ADFFOODS,ADF FOODS LIMITED,15396,88.24
ADORWELD,ADOR WELDING LTD,6781,37.70
ADSL,ALLIED DIGITAL SERV. LTD,133313,162.76
ADVANIHOTR,ADVANI HOT.& RES.(I) LTD,1346,1.06
ADVENZYMES,ADVANCED ENZYME TECH LTD,214909,604.88
AEGISCHEM,AEGIS LOGISTICS LIMITED,286513,777.26
AETHER,AETHER INDUSTRIES LIMITED,26261,219.86
AFFLE,AFFLE (INDIA) LIMITED,380363,3818.32
AGARIND,AGARWAL INDS CORP LTD.,34462,188.90
AGI,AGI GREENPAC LIMITED,204113,640.43
AGSTRA,AGS TRANSACT TECH LTD,291834,178.02
AHL,ABANS HOLDINGS LIMITED,1992,4.29
AHLUCONT,AHLUWALIA CONT IND LTD,46699,210.07
AIAENG,AIA ENGINEERING LIMITED,16793,417.56
AIRAN,AIRAN LIMITED,15076,2.74
AIROLAM,AIRO LAM LIMITED,3375,2.70
AJANTPHARM,AJANTA PHARMA LIMITED,24480,270.77
AJMERA,AJMERA REALTY & INF I LTD,23077,62.26
AJOONI,AJOONI BIOTECH LIMITED,75767,6.34
AKSHARCHEM,AKSHARCHEM INDIA LIMITED,2775,9.69
AKSHOPTFBR,AKSH OPTIFIBRE LIMITED,44871,4.98
AKZOINDIA,AKZO NOBEL INDIA LIMITED,4266,81.86
ALANKIT,ALANKIT LIMITED,381588,23.10
ALBERTDAVD,ALBERT DAVID LIMITED,39751,235.09
ALEMBICLTD,ALEMBIC LIMITED,594726,381.44
ALICON,ALICON CASTALLOY LIMITED,24209,125.63
ALKALI,ALKALI METALS LTD,4077,4.90
ALKEM,ALKEM LABORATORIES LTD.,12932,407.41
ALKYLAMINE,ALKYL AMINES CHEM. LTD,43346,1057.92
ALLCARGO,ALLCARGO LOGISTICS LTD,1715072,4007.55
ALLSEC,ALLSEC TECHNOLOGIES LTD,48613,249.17
ALOKINDS,ALOK INDUSTRIES LIMITED,160486,35.03
ALPA,ALPA LABORATORIES LTD,17234,15.18
ALPHAGEO,ALPHAGEO (INDIA) LIMITED,3253,9.20
AMARAJABAT,AMARA RAJA BATTERIES LTD.,802668,4691.86
AMBER,AMBER ENTERPRISES (I) LTD,110911,1951.30
AMBIKCO,AMBIKA COTTON MILL LTD.,11143,133.60
AMBUJACEM,AMBUJA CEMENTS LTD,5080575,18012.61
AMIORG,AMI ORGANICS LIMITED,70078,598.10
AMRUTANJAN,AMRUTAJAN HEALTH LTD,30462,194.76
ANANDRATHI,ANAND RATHI WEALTH LTD,8194,55.53
ANANTRAJ,ANANT RAJ LIMITED,1467077,1133.25
ANDHRAPAP,ANDHRA PAPER LIMITED,84019,325.18
ANDHRSUGAR,ANDHRA SUGARS LTD,310135,374.19
ANDREWYU,ANDREW YULE & CO LTD,383896,102.71
ANGELONE,ANGEL ONE LIMITED,683852,8977.89
ANIKINDS,ANIK INDUSTRIES LTD,10602,3.85
ANMOL,ANMOL INDIA LIMITED,15000,23.53
ANUP,THE ANUP ENGINEERING LTD,9114,84.55
ANURAS,ANUPAM RASAYAN INDIA LTD,991841,6822.80
APARINDS,APAR INDUSTRIES LTD.,85397,1659.32
APCL,ANJANI PORTLAND CEM LTD,13937,18.67
APCOTEXIND,APCOTEX INDUSTRIES LIMITE,90200,395.47
APEX,APEX FROZEN FOODS LIMITED,129072,277.89
APLAPOLLO,APL APOLLO TUBES LTD,347836,3775.17
APLLTD,ALEMBIC PHARMA LTD,174465,832.71
APOLLO,APOLLO MICRO SYSTEMS LTD,217392,571.54
APOLLOHOSP,APOLLO HOSPITALS ENTER. L,108443,4373.99
APOLLOPIPE,APOLLO PIPES LIMITED,101513,480.37
APOLLOTYRE,APOLLO TYRES LTD,462927,1294.15
APTECHT,APTECH LIMITED,438215,1141.40
APTUS,APTUS VALUE HSG FIN I LTD,220508,580.11
ARCHIDPLY,ARCHIDPLY IND. LTD,9272,5.79
ARIES,ARIES AGRO LTD.,19521,36.26
ARIHANTCAP,ARIHANT CAPITAL MKTS LTD,11164,3.81
ARIHANTSUP,ARIHANT SUPERSTRUCT LTD,35693,47.47
ARMANFIN,ARMAN FIN SERV LTD,23143,171.15
AROGRANITE,ARO GRANITE IND. LTD.,3634,2.21
ARSHIYA,ARSHIYA LIMITED,5000,1.06
ARTEMISMED,ARTEMIS MED SERVICE LTD,208040,102.25
ARVIND,ARVIND LIMITED,1882419,1601.06
ARVINDFASN,ARVIND FASHIONS LIMITED,221221,575.70
ARVSMART,ARVIND SMARTSPACES LTD,48594,123.19
ASAHIINDIA,ASAHI INDIA GLASS LIMITED,114097,524.05
ASAHISONG,ASAHI SONGWON COLOR LTD,2516,6.55
ASAL,AUTOMOTIVE STAMPINGS & AS,5787,16.55
ASALCBR,ASSO ALCOHOLS & BREW LTD,51306,166.38
ASHAPURMIN,ASHAPURA MINECHEM LTD,514124,383.07
ASHIANA,ASHIANA HOUSING LTD,29549,33.08
ASHOKA,ASHOKA BUILDCON LTD,1791159,1376.37
ASHOKLEY,ASHOK LEYLAND LTD,4229218,5444.52
ASIANENE,ASIAN ENERGY SERVICES LTD,25165,25.76
ASIANHOTNR,ASIAN HOTELS (NORTH) LTD,1050,0.85
ASIANPAINT,ASIAN PAINTS LIMITED,818855,20648.03
ASIANTILES,ASIAN GRANITO IND. LTD.,1170925,651.19
ASPINWALL,ASPINWALL & CO LTD,100,0.22
ASTEC,ASTEC LIFESCIENCES LTD,16660,265.03
ASTERDM,ASTER DM HEALTHCARE LTD.,305671,622.70
ASTRAL,ASTRAL LIMITED,226610,3900.98
ASTRAMICRO,ASTRA MICROWAVE LTD,1024372,2752.99
ASTRAZEN,ASTRAZENECA PHARMA IND LT,13218,448.03
ASTRON,ASTRON PAPER BORD MIL LTD,22466,7.30
ATFL,AGRO TECH FOODS LIMITED,913,6.94
ATGL,ADANI TOTAL GAS LIMITED,121636,960.53
ATUL,ATUL LTD,27832,1981.70
ATULAUTO,ATUL AUTO LIMITED,209551,559.96
AUBANK,AU SMALL FINANCE BANK LTD,671416,4025.33
AURIONPRO,AURIONPRO SOLN LTD,167570,550.91
AUROPHARMA,AUROBINDO PHARMA LTD,1127824,4942.03
AURUM,AURUM PROPTECH LIMITED,1206,1.52
AUTOAXLES,AUTOMOTIVE AXLES LIMITED,11352,235.47
AUTOBEES,NIPPONAMC - NETFAUTO,14721,14.89
AUTOIND,AUTOLINE INDUSTRIES LTD,90862,68.25
AVADHSUGAR,AVADH SUG & ENERGY LTD,117446,474.21
AVANTIFEED,AVANTI FEEDS LIMITED,372429,1360.11
AVTNPL,AVT NATURAL PRODUCTS LTD,184562,121.03
AWHCL,ANTONY WASTE HDG CELL LTD,106525,257.51
AWL,ADANI WILMAR LIMITED,1029557,4476.74
AXISBANK,AXIS BANK LIMITED,1833762,13979.17
AXISBNKETF,AXISAMC - AXISBNKETF,16,0.05
AXISBPSETF,AXISAMC - AXISBPSETF,2478,0.26
AXISGOLD,AXIS MF - AXIS GOLD ETF,2942,1.06
AXISHCETF,AXISAMC - AXISHCETF,610,0.49
AXISNIFTY,AXISAMC - AXISNIFTY,295,0.49
AXISTECETF,AXISAMC - AXISTECETF,1,0.00
AXITA,AXITA COTTON LIMITED,29269,15.79
AYMSYNTEX,AYM SYNTEX LIMITED,11294,7.72
BAJAJ-AUTO,BAJAJ AUTO LIMITED,62905,2227.99
BAJAJCON,BAJAJ CONSUMER CARE LTD,662641,1118.66
BAJAJELEC,BAJAJ ELECT.LTD,67796,710.59
BAJAJFINSV,BAJAJ FINSERV LTD.,2913506,41826.04
BAJAJHCARE,BAJAJ HEALTHCARE LIMITED,53757,159.29
BAJAJHIND,BAJAJ HINDUSTHAN SUGAR LT,4737321,702.50
BAJAJHLDNG,BAJAJ HOLDINGS & INVS LTD,17037,956.53
BAJFINANCE,BAJAJ FINANCE LIMITED,1256778,70070.67
BALAJITELE,BALAJI TELEFILMS LIMITED.,225060,114.37
BALAMINES,BALAJI AMINES LIMITED,109169,2484.64
BALAXI,BALAXI PHARMA LTD,225,1.23
BALKRISIND,BALKRISHNA IND. LTD,97892,1610.10
BALMLAWRIE,BALMER LAWRIE & CO LTD,669414,744.10
BALPHARMA,BAL PHARMA LTD.,12208,9.91
BALRAMCHIN,BALRAMPUR CHINI MILLS LTD,943176,3336.66
BANARISUG,BANNARI AMMAN SUGARS LTD,368,6.56
BANCOINDIA,BANCO PRODUCTS (I) LTD,149880,281.23
BANDHANBNK,BANDHAN BANK LIMITED,3796057,7850.45
BANKBARODA,BANK OF BARODA,13281675,20763.43
BANKBEES,NIP IND ETF BANK BEES,149565,534.36
BANKINDIA,BANK OF INDIA,9836386,6918.32
BANSWRAS,BANSWARA SYNTEX LIMITED,2084,2.89
BARBEQUE,BARBEQUE NATION HOSP. LTD,64166,531.60
BASF,BASF INDIA LTD,30958,735.10
BASML,BANNARI AM SPIN MILL LTD.,43882,21.92
BATAINDIA,BATA INDIA LTD,391211,5457.90
BAYERCROP,BAYER CROPSCIENCE LTD,9207,398.72
BBETF0432,EDELAMC - BBETF0432,1935,18.44
BBL,BHARAT BIJLEE LTD,19551,371.82
BBOX,BLACK BOX LIMITED,5509,7.52
BBTC,BOMBAY BURMAH TRADING COR,74975,698.59
BBTCL,B&B TRIPLEWALL CONT LTD,73,0.19
BCG,BRIGHTCOM GROUP LIMITED,843995,204.69
BCLIND,BCL INDUSTRIES LIMITED,142544,521.80
BDL,BHARAT DYNAMICS LIMITED,552870,4084.50
BECTORFOOD,MRS BECTORS FOOD SPE LTD,53175,216.16
BEL,BHARAT ELECTRONICS LTD,15768058,13979.24
BEML,BEML LIMITED,199047,2433.83
BEPL,BHANSALI ENG. POLYMERS LT,555148,627.24
BERGEPAINT,BERGER PAINTS (I) LTD,462914,2496.99
BESTAGRO,BEST AGROLIFE LIMITED,85875,988.53
BFINVEST,BF INVESTMENT LIMITED,21523,61.41
BFUTILITIE,BF UTILITIES LIMITED,364395,1247.01
BGRENERGY,BGR ENERGY SYSTEMS LTD,114898,74.53
BHAGCHEM,BHAGIRADHA CHEM & INDS L,2882,32.00
BHAGERIA,BHAGERIA INDUSTRIES LTD,25263,29.14
BHAGYANGR,BHAGYANAGAR INDIA LIMITED,2000,1.02
BHANDARI,BHANDARI HOSIERY EXP LTD,13000,0.77
BHARATFORG,BHARAT FORGE LTD,482547,3662.61
BHARATGEAR,BHARAT GEARS LTD.,16818,23.72
BHARATRAS,BHARAT RASAYAN LTD,1414,116.84
BHARATWIRE,BHARAT WIRE ROPES LTD.,136864,154.12
BHARTIARTL,BHARTI AIRTEL LIMITED,1623095,11379.71
BHEL,BHEL,15449359,10134.84
BIKAJI,BIKAJI FOODS INTERN LTD,27721,92.49
BINDALAGRO,OSWAL CHEM. & FERT. LTD.,72733,18.73
BIOCON,BIOCON LIMITED.,3137658,6978.84
BIOFILCHEM,BIOFIL CHEM & PHARMA LTD,384,0.19
BIRLACABLE,BIRLA CABLE LIMITED,31808,48.26
BIRLACORPN,BIRLA CORPORATION LTD,210194,1956.45
BIRLAMONEY,ADITYA BIRLA MONEY LTD,101555,55.14
BIRLATYRE,BIRLA TYRES LIMITED,32000,6.30
BLISSGVS,BLISS GVS PHARMA LTD,154972,129.32
BLKASHYAP,B.L.KASHYAP & SON LTD,40618,13.23
BLS,BLS INTL SERVS LTD,887082,1047.37
BLUEDART,BLUE DART EXPRESS LTD,16931,994.48
BLUESTARCO,BLUE STAR LIMITED,12610,152.78
BODALCHEM,BODAL CHEMICALS LTD,672035,440.63
BOMDYEING,BOMBAY DYEING & MFG. CO L,2426293,1915.14
BOROLTD,BOROSIL LIMITED,61486,184.07
BORORENEW,BOROSIL RENEWABLES LTD,297608,1276.17
BOSCHLTD,BOSCH LIMITED,5115,817.36
BPCL,BHARAT PETROLEUM CORP  LT,2276568,7114.50
BPL,BPL LTD,94440,67.05
BRIGADE,BRIGADE ENTER. LTD,152206,633.10
BRITANNIA,BRITANNIA INDUSTRIES LTD,55717,2346.12
BRNL,BHARAT ROAD NETWORK LTD,3668,1.58
BSE,BSE LIMITED,1675345,8755.12
BSL,BSL LTD,1670,3.20
BSLNIFTY,ADITYBIRLA SL NIF ETF-GR,6262,1.24
BSOFT,BIRLASOFT LIMITED,2691048,7370.59
BUTTERFLY,BTRFLY GANDHI APPL LTD,1623,21.83
BYKE,THE BYKE HOSPITALITY LTD,20303,9.01
CAMLINFINE,CAMLIN FINE SCIENCES LTD,495058,676.51
CAMPUS,CAMPUS ACTIVEWEAR LIMITED,328317,1353.41
CAMS,COMPUTER AGE MNGT SER LTD,164729,3689.85
CANBK,CANARA BANK,5989462,15937.81
CANFINHOME,CAN FIN HOMES LTD,353741,1741.67
CANTABIL,CANTABIL RETAIL LTD,6491,44.54
CAPACITE,CAPACITE INFRAPROJECT LTD,1093327,1739.60
CAPLIPOINT,CAPLIN POINT LAB LTD.,111261,794.55
CARBORUNIV,CARBORUNDUM UNIVERSAL LTD,34488,300.21
CAREERP,CAREER POINT LIMITED,6974,11.69
CARERATING,CARE RATINGS LIMITED,129521,750.76
CARTRADE,CARTRADE TECH LIMITED,83903,463.66
CARYSIL,CARYSIL LIMITED,137953,664.30
CASTROLIND,CASTROL INDIA LIMITED,747844,845.56
CCL,CCL PRODUCTS (I) LTD,85636,354.44
CDSL,CENTRAL DEPO SER (I) LTD,615761,6153.76
CEATLTD,CEAT LIMITED,80181,1198.74
CENTENKA,CENTURY ENKA LTD,86033,299.97
CENTEXT,CENTURY EXTRUSIONS LTD,3500,0.35
CENTRALBK,CENTRAL BANK OF INDIA,17489397,5039.44
CENTRUM,CENTRUM CAPITAL LIMITED,296272,67.22
CENTUM,CENTUM ELECTRONICS LTD,8693,38.53
CENTURYPLY,CENTURY PLYBOARDS (I) LTD,111153,515.96
CENTURYTEX,CENTURY TEXTILES LTD,182876,1222.58
CERA,CERA SANITARYWARE LTD,6798,372.40
CEREBRAINT,CEREBRA INT TECH LTD,328196,42.26
CESC,CESC LTD,4222177,2999.49
CGCL,CAPRI GLOBAL CAPITAL LTD,4134,21.79
CGPOWER,CG POWER AND IND SOL LTD,1488671,4244.56
CHALET,CHALET HOTELS LIMITED,38326,121.34
CHAMBLFERT,CHAMBAL FERTILIZERS LTD,1667238,4490.44
CHEMBOND,CHEMBOND CHEMICALS LTD,15132,42.05
CHEMCON,CHEMCON SPECIAL CHEM LTD,144694,434.40
CHEMPLASTS,CHEMPLAST SANMAR LIMITED,259876,994.67
CHENNPETRO,CHENNAI PETROLEUM CORP LT,1322296,3234.34
CHEVIOT,CHEVIOT COMPANY LIMITED,3029,36.86
CHOICEIN,CHOICE INTERNATIONAL LTD,1260,3.60
CHOLAFIN,CHOLAMANDALAM IN & FIN CO,114826,746.94
CHOLAHLDNG,CHOLAMANDALAM FIN HOL LTD,39764,233.68
CIGNITITEC,CIGNITI TECHNOLOGIES LTD,551404,3135.20
CIPLA,CIPLA LTD,570090,5018.05
CLEAN,CLEAN SCIENCE & TECH LTD,106972,1546.19
CLEDUCATE,CL EDUCATE LIMITED,9603,7.96
CLNINDIA,CLARIANT CHEMICALS (INDIA,32619,122.60
CLSEL,CHAMAN LAL SETIA EXP LTD,51198,59.05
CMSINFO,CMS INFO SYSTEMS LIMITED,304338,863.50
COALINDIA,COAL INDIA LTD,6316577,12247.86
COASTCORP,COASTAL CORPORATION LTD,6003,18.99
COCHINSHIP,COCHIN SHIPYARD LIMITED,927624,4055.44
COFFEEDAY,COFFEE DAY ENTERPRISE LTD,1075252,541.33
COFORGE,COFORGE LIMITED,111152,3966.83
COLPAL,COLGATE PALMOLIVE LTD.,73781,1008.64
COMPINFO,COMPUAGE INFOCOM LTD,90025,27.19
COMPUSOFT,COMPUCOM SOFTWARE LTD,2950,0.61
CONCOR,CONTAINER CORP OF IND LTD,1048857,5797.98
CONFIPET,CONFIDENCE PETRO IND LTD.,1958658,1126.81
CONSUMBEES,NIP IND ETF CONSUMPTION,2586,2.11
CONTROLPR,CONTROL PRINT LIMITED,51793,221.87
CORALFINAC,CORAL INDIA FIN & HOUS LT,3,0.00
CORDSCABLE,CORDS CABLE INDUS LTD.,17104,13.44
COROMANDEL,COROMANDEL INTERNTL. LTD,233645,1794.63
COSMOFIRST,COSMO FIRST LIMITED,95899,692.61
CPSEETF,CPSE ETF,137654,41.25
CRAFTSMAN,CRAFTSMAN AUTOMATION LTD,25233,741.04
CREATIVE,CREATIVE NEWTECH LIMITED,250,0.49
CREDITACC,CREDITACCESS GRAMEEN LTD,211501,1992.41
CREST,CREST VENTURES LIMITED,150,0.29
CRISIL,CRISIL LTD,17033,460.06
CROMPTON,CROMPT GREA CON ELEC LTD,931456,3013.57
CSBBANK,CSB BANK LIMITED,591482,1230.44
CSLFINANCE,CSL FINANCE LIMITED,5826,14.49
CTE,CAMBRIDGE TECH ENTER LTD,2,0.00
CUB,CITY UNION BANK LTD,1720989,2456.05
CUMMINSIND,CUMMINS INDIA LTD,47035,653.03
CUPID,CUPID LIMITED,36882,97.94
CYBERTECH,CYBERTECH SYSTEMS & SOFTW,21860,38.95
CYIENT,CYIENT LIMITED,173989,1309.46
DAAWAT,LT FOODS LIMITED,3321736,2278.68
DABUR,DABUR INDIA LTD,387719,1827.20
DALBHARAT,DALMIA BHARAT LIMITED,91894,1634.71
DALMIASUG,DALMIA BHARAT SUG IN LTD,180669,573.17
DANGEE,DANGEE DUMS LIMITED,2499168,447.90
DATAMATICS,DATAMATICS GLOBAL SER LTD,113008,269.25
DATAPATTNS,DATA PATTERNS INDIA LTD,142786,1580.16
DBCORP,D.B.CORP LTD,322626,328.22
DBL,DILIP BUILDCON LIMITED,843870,1794.34
DBOL,DHAMPUR BIO ORGANICS LTD,183831,240.95
DBREALTY,D B REALTY LIMITED,0,0.00
DCAL,DISHMAN CARBO AMCIS LTD,748993,819.49
DCBBANK,DCB BANK LIMITED,1604124,1539.26
DCM,DCM LTD,62642,54.50
DCMNVL,DCM NOUVELLE LIMITED,6606,11.31
DCMSHRIRAM,DCM SHRIRAM LIMITED,66786,593.01
DCMSRIND,DCM SHRIRAM IND LTD,241777,128.83
DCW,DCW LTD,1890023,779.18
DCXINDIA,DCX SYSTEMS LIMITED,134210,212.28
DECCANCE,DECCAN CEMENTS LIMITED,12777,56.57
DEEPAKFERT,DEEPAK FERTILIZERS & PETR,949042,6243.54
DEEPAKNTR,DEEPAK NITRITE LTD,412642,7002.96
DEEPINDS,DEEP INDUSTRIES LIMITED,41125,93.20
DELHIVERY,DELHIVERY LIMITED,251326,703.92
DELPHIFX,DELPHI WORLD MONEY LTD,816,3.95
DELTACORP,DELTA CORP LIMITED,4363730,7965.21
DEN,DEN NETWORKS LTD,1296156,429.44
DENORA,DE NORA INDIA LIMITED,183,1.59
DEVIT,DEV INFO TECHNOLOGY LTD,1882,2.31
DEVYANI,DEVYANI INTERNATIONAL LTD,2393031,3401.05
DFMFOODS,DFM FOODS LIMITED,4859,17.71
DHAMPURSUG,DHAMPUR SUGAR MILLS LTD.,262303,500.31
DHANBANK,DHANLAXMI BANK LIMITED,2209087,439.64
DHANI,DHANI SERVICES LIMITED,333436,172.78
DHANUKA,DHANUKA AGRITECH LTD,29787,156.33
DHARMAJ,DHARMAJ CROP GUARD LTD,16392,21.42
DHUNINV,DHUNSERI INVESTMENTS LTD,300,2.43
DIAMONDYD,PRATAAP SNACKS LIMITED,1363,10.75
DICIND,DIC INDIA LIMITED,857,3.89
DIGISPICE,DIGISPICE TECHNOLOGIES LT,14260,3.39
DISHTV,DISH TV INDIA LTD.,20480098,3690.71
DIVISLAB,DIVI S LABORATORIES LTD,271023,7686.16
DIVOPPBEES,NIP IND ETF DIV OPP,1,0.00
DIXON,DIXON TECHNO (INDIA) LTD,292309,9209.71
DLF,DLF LIMITED,3124248,10494.90
DLINKINDIA,D-LINK INDIA LTD,179416,348.00
DMART,AVENUE SUPERMARTS LIMITED,322201,11190.85
DMCC,DMCC SPECIALITY CHEMICALS,8547,22.35
DODLA,DODLA DAIRY LIMITED,16677,73.86
DOLATALGO,DOLAT ALGOTECH LIMITED,687126,470.83
DOLLAR,DOLLAR INDUSTRIES LIMITED,127533,467.95
DONEAR,DONEAR IND. LIMITED,24811,25.05
DPABHUSHAN,D. P. ABHUSHAN LIMITED,209,0.67
DPSCLTD,DPSC LIMITED,10,0.00
DPWIRES,D P WIRES LIMITED,4239,9.61
DREAMFOLKS,DREAMFOLKS SERVICES LTD,119346,450.35
DREDGECORP,DREDGING CORP OF INDIA,150504,503.82
DRREDDY,DR. REDDY S LABORATORIES,56030,2279.52
DSPQ50ETF,DSPAMC - DSPQ50ETF,35,0.06
DSSL,DYNACONS SYS & SOLN LTD,1060,2.71
DTIL,DHUNSERI TEA & IND. LTD.,3961,7.61
DUCON,DUCON INFRATECHNOLOGIES L,9611,1.02
DVL,DHUNSERI VENTURES LIMITED,12927,23.14
DWARKESH,DWARIKESH SUGAR IND LTD,1390288,1081.01
DYCL,DYNAMIC CABLES LIMITED,3080,5.80
DYNAMATECH,DYNAMATIC TECHNOLOGIES,3364,62.50
DYNPRO,DYNEMIC PRODUCTS LIMITED,11684,49.36
EASEMYTRIP,EASY TRIP PLANNERS LTD,14607416,6387.34
EBBETF0423,EDELAMC - EBBETF0423,1,0.01
EBBETF0425,EDELAMC - EBBETF0425,915,9.90
EBBETF0430,EDELAMC - EBBETF0430,4,0.05
EBBETF0431,EDELAMC - EBBETF0431,1,0.01
ECLERX,ECLERX SERVICES LTD,18223,238.56
EDELWEISS,EDELWEISS FIN SERV LTD,1503252,986.79
EICHERMOT,EICHER MOTORS LTD,330064,10123.56
EIDPARRY,EID PARRY INDIA LTD,309351,1295.58
EIHAHOTELS,EIH ASSOCIATED HOTELS LTD,16766,56.71
EIHOTEL,EIH LIMITED,561545,833.08
EIMCOELECO,EIMCO ELECON (INDIA) LTD,350,1.31
EKC,EVEREST KANTO CYLINDERLTD,327507,269.04
ELECON,ELECON ENG. CO. LTD,195643,597.32
ELECTCAST,ELECTROSTEEL CASTINGS LTD,2667839,950.16
ELECTHERM,ELECTROTHERM (I) LTD.,9629,6.76
ELGIEQUIP,ELGI EQUIPMENTS LTD,162780,631.35
ELIN,ELIN ELECTRONICS LIMITED,18262,20.48
EMAMILTD,EMAMI LIMITED,99679,381.83
EMAMIPAP,EMAMI PAPER MILLS LIMITED,44101,44.94
EMAMIREAL,EMAMI REALTY LIMITED,111167,89.64
EMIL,ELECTRONICS MART IND LTD,181507,116.93
EMKAY,EMKAY GLOBAL FIN SERV LTD,532,0.49
EMMBI,EMMBI INDUSTRIES LIMITED,2040,2.14
EMUDHRA,EMUDHRA LIMITED,76665,188.76
ENDURANCE,ENDURANCE TECHNO. LTD.,35486,378.58
ENGINERSIN,ENGINEERS INDIA LTD,2223277,1585.01
ENIL,ENTERTAIN NET. IND. LTD.,38108,56.39
EPL,EPL LIMITED,399136,634.22
EQUITAS,EQUITAS HOLDINGS LIMITED,65891,73.88
EQUITASBNK,EQUITAS SMALL FIN BNK LTD,1242214,698.05
ERIS,ERIS LIFESCIENCES LIMITED,34973,187.03
EROSMEDIA,EROS INTL MEDIA LTD,1760,0.45
ESABINDIA,ESAB INDIA LTD,4295,146.59
ESCORTS,ESCORTS KUBOTA LIMITED,124329,2318.53
ESSARSHPNG,ESSAR SHIPPING LTD,10100,0.98
ESTER,ESTER INDUSTRIES LTD,171589,180.14
ETHOSLTD,ETHOS LIMITED,16421,141.83
EVEREADY,EVEREADY INDS. IND.  LTD.,204222,613.02
EVERESTIND,EVEREST INDUSTRIES LTD,15169,101.77
EXCELINDUS,EXCEL INDUSTRIES LTD,32502,312.14
EXIDEIND,EXIDE INDUSTRIES LTD,869570,1409.09
EXPLEOSOL,EXPLEO SOLUTIONS LIMITED,19638,233.91
EXXARO,EXXARO TILES LIMITED,68699,90.53
FACT,FACT LTD,262743,618.49
FAIRCHEMOR,FAIRCHEM ORGANICS LIMITED,22088,271.01
FCL,FINEOTEX CHEMICAL LIMITED,515373,1060.27
FCONSUMER,FUTURE CONSUMER LIMITED,37266,0.63
FDC,FDC LIMITED,145387,352.91
FEDERALBNK,FEDERAL BANK LTD,6506578,7825.50
FEL,FUTURE ENTERPRISES LTD,1000,0.03
FIEMIND,FIEM INDUSTRIES LIMITED,45014,719.79
FILATEX,FILATEX INDIA LTD,12906112,5513.90
FINCABLES,FINOLEX CABLES LTD,128693,814.03
FINEORG,FINE ORGANIC IND. LTD.,48650,2219.97
FINOPB,FINO PAYMENTS BANK LTD,81391,175.82
FINPIPE,FINOLEX INDUSTRIES LTD,553000,888.53
FIVESTAR,FIVE-STAR BUS FIN LTD,59102,339.03
FLUOROCHEM,GUJARAT FLUOROCHEM LTD,206566,5664.95
FMGOETZE,FEDERAL-MOGUL GOETZE (IND,70245,212.64
FOCUS,FOCUS LIGHTG & FIXTRS LTD,50,0.24
FOODSIN,FOODS & INNS LIMITED,800,1.06
FORCEMOT,FORCE MOTORS LIMITED,64796,712.80
FORTIS,FORTIS HEALTHCARE LTD,1542593,3294.55
FOSECOIND,FOSECO INDIA LTD,1408,22.47
FRETAIL,FUTURE RETAIL LIMITED,2075,0.19
FSC,FUTURE SUPP CHAIN SOL LTD,50,0.02
FSL,FIRSTSOURCE SOLU. LTD.,2937074,3107.94
FUSION,FUSION MICRO FINANCE LTD,226031,721.68
GABRIEL,GABRIEL INDIA LTD,562151,778.30
GAEL,GUJARAT AMBUJA EXPORTS LT,268855,551.53
GAIL,GAIL (INDIA) LTD,3885107,3644.70
GALAXYSURF,GALAXY SURFACTANTS LTD,30296,673.41
GALLANTT,GALLANTT ISPAT LIMITED,23518,16.12
GANDHITUBE,GANDHI SPL. TUBES LTD,2182,10.05
GANECOS,GANESHA ECOSPHERE LIMITED,55379,308.76
GANESHBE,GANESH BENZOPLAST LIMITED,122029,162.22
GANESHHOUC,GANESH HOUSING CORP LTD,9116,28.71
GARFIBRES,GARWARE TECH FIBRES LTD,11104,272.14
GATEWAY,GATEWAY DISTRIPARKS LTD,718321,432.33
GATI,GATI LIMITED,476859,538.36
GAYAPROJ,GAYATRI PROJECTS LTD,288106,40.18
GEECEE,GEECEE VENTURES LIMITED,2431,3.63
GEEKAYWIRE,GEEKAY WIRES LIMITED,880,1.13
GENCON,GENERIC ENG CONS PROJ LTD,500,0.32
GENESYS,GENESYS INTL CORPN LTD,7074,28.47
GENUSPAPER,GENUS P&B LIMITED,41260,6.76
GENUSPOWER,GENUS POWER INFRASTRU LTD,436785,301.15
GEOJITFSL,GEOJIT FINANCIAL SER L,869339,403.71
GEPIL,GE POWER INDIA LIMITED,181244,282.64
GESHIP,THE GE SHPG.LTD,185664,989.00
GET&D,GE T&D INDIA LIMITED,146429,162.62
GFLLIMITED,GFL LIMITED,280004,183.45
GHCL,GHCL LIMITED,1327613,6762.09
GICHSGFIN,GIC HOUSING FINANCE LTD,543409,845.49
GICRE,GENERAL INS CORP OF INDIA,1336944,1841.41
GILLETTE,GILLETTE INDIA LTD,4585,192.02
GILT5YBEES,RELCAPAMC - NETFGILT5Y,1359,0.66
GINNIFILA,GINNI FILAMENTS LTD,14755,6.37
GIPCL,GUJ IND POW CO. LTD,550064,408.47
GLAND,GLAND PHARMA LIMITED,231093,3082.56
GLAXO,GLAXOSMITHKLINE PHARMA LT,32195,388.89
GLENMARK,GLENMARK PHARMACEUTICALS,262242,1101.43
GLOBE,GLOBE TEXTILES (I) LTD.,39654,1.80
GLOBUSSPR,GLOBUS SPIRITS LTD,93024,635.18
GLS,GLENMARK LIFE SCIENCE LTD,186719,693.32
GMBREW,G M BREWERIES LTD,46996,246.98
GMDCLTD,GUJARAT MINERAL DEV CORP,2162801,2856.11
GMMPFAUDLR,GMM PFAUDLER LIMITED,359350,5565.85
GMRINFRA,GMR AIRPORTS INFRA LTD,34612684,12736.33
GMRP&UI,GMR POW AND URBAN INFRA L,231036,39.95
GNA,GNA AXLES LIMITED,28747,209.47
GNFC,GUJ NAR VAL FER & CHEM L,1969366,10612.22
GOACARBON,GOA CARBON LIMITED,18117,99.37
GOCLCORP,GOCL CORPORATION LIMITED,20870,61.92
GOCOLORS,GO FASHION INDIA LTD,22339,185.45
GODFRYPHLP,GODFREY PHILLIPS INDIA LT,53915,768.00
GODREJAGRO,GODREJ AGROVET LIMITED,187321,841.39
GODREJCP,GODREJ CONSUMER PRODUCTS,99697,837.88
GODREJIND,GODREJ INDUSTRIES LTD,249696,966.40
GODREJPROP,GODREJ PROPERTIES LTD,848053,9840.58
GOKEX,GOKALDAS EXPORTS LTD.,287128,910.44
GOKUL,GOKUL REFOILS & SOLV LTD,17823,6.83
GOKULAGRO,GOKUL AGRO RESOURCES LTD,33638,28.45
GOLDBEES,NIP IND ETF GOLD BEES,188092,68.15
GOLDIAM,GOLDIAM INTERNATIONAL LTD,236421,301.62
GOLDSHARE,UTI GOLD ETF,4764,1.59
GOLDTECH,GOLDSTONE TECHNOLOGIES LT,255,0.13
GOODLUCK,GOODLUCK INDIA LIMITED,553094,2458.84
GOODYEAR,GOODYEAR INDIA LIMITED,43378,456.53
GPIL,GODAWARI POW & ISP LTD,489347,1518.39
GPPL,GUJARAT PIPAVAV PORT LTD,946144,908.64
GPTINFRA,GPT INFRAPROJECTS LTD,1214,0.67
GRANULES,GRANULES INDIA LIMITED,1664330,5096.84
GRAPHITE,GRAPHITE INDIA LTD,1268583,4296.89
GRASIM,GRASIM INDUSTRIES LTD,189921,2838.70
GRAUWEIL,GRAUER & WEIL IND LTD,1150160,1035.60
GRAVITA,GRAVITA INDIA LIMITED,142414,553.85
GREAVESCOT,GREAVES COTTON LTD.,2602427,3519.36
GREENLAM,GREENLAM INDUSTRIES LTD.,33637,107.96
GREENPANEL,GREENPANEL INDUSTRIES LTD,605521,1808.69
GREENPLY,GREENPLY INDUSTRIES LTD,318398,450.69
GREENPOWER,ORIENT GREEN POWER CO LTD,17918,1.69
GRINDWELL,GRINDWELL NORTON LIMITED,33550,521.15
GRINFRA,G R INFRAPROJECTS LIMITED,26003,281.41
GRMOVER,GRM OVERSEAS LIMITED,46497,159.12
GRPLTD,GRP LIMITED,10,0.18
GRSE,GARDEN REACH SHIP&ENG LTD,574019,1901.80
GRWRHITECH,GARWARE HI-TECH FILMS LTD,21111,105.21
GSCLCEMENT,GUJARAT SIDHEE CEM. LTD.,35637,14.90
GSFC,GUJ STATE FERT & CHEM LTD,7045075,8925.78
GSPL,GUJARAT STATE PETRO LTD,462830,1152.89
GSS,GSS INFOTECH LIMITED,372152,765.63
GTL,GTL LTD,19269,1.49
GTLINFRA,GTL INFRA.LTD,6000,0.11
GTPL,GTPL HATHWAY LIMITED,88678,88.43
GUFICBIO,GUFIC BIOSCIENCES LTD.,178997,360.94
GUJALKALI,GUJARAT ALKALIES & CHEM,330610,2338.95
GUJAPOLLO,GUJ. APOLLO IND. LTD.,100,0.24
GUJGASLTD,GUJARAT GAS LIMITED,392241,1781.02
GULFOILLUB,GULF OIL LUB. IND. LTD.,61083,220.38
GULFPETRO,GP PETROLEUMS LIMITED,56796,4.96
GULPOLY,GULSHAN POLYOLS LIMITED,97476,183.78
HAL,HINDUSTAN AERONAUTICS LTD,323673,7538.40
HAPPSTMNDS,HAPPIEST MINDS TECHNO LTD,875883,7594.17
HARIOMPIPE,HARIOM PIPE INDUSTRIES L,96756,367.25
HARRMALAYA,HARRISON MALAYALAM LTD,14141,20.62
HARSHA,HARSHA ENGINEERS INT LTD,47075,161.53
HATHWAY,HATHWAY CABLE & DATACOM,4570468,735.37
HATSUN,HATSUN AGRO PRODUCT LTD.,27873,239.84
HAVELLS,HAVELLS INDIA LIMITED,225636,2203.38
HBANKETF,HDFCAMC - HBANKETF,10,0.04
HBLPOWER,HBL POWER SYSTEMS LTD.,2998105,2337.73
HCC,HINDUSTAN CONSTRUCTION CO,18116378,2624.58
HCG,HEALTHCARE GLOB. ENT. LTD,124357,318.92
HCL-INSYS,HCL INFOSYSTEMS LTD,172005,30.52
HCLTECH,HCL TECHNOLOGIES LTD,550658,5444.33
HDFC,HDFC LTD,251846,5955.82
HDFCAMC,HDFC AMC LIMITED,291331,5713.17
HDFCBANK,HDFC BANK LTD,823399,11566.86
HDFCLIFE,HDFC LIFE INS CO LTD,1590858,7637.98
HDFCMFGETF,HDFC GOLD ETF,18851,6.84
HDFCNIF100,HDFCAMC - HDFCNIF100,500,0.88
HDFCNIFETF,HDFCAMC - HDFCNIFETF,4532,6.50
HDFCQUAL,HDFCAMC - HDFCQUAL,10,0.00
HDFCSENETF,HDFCAMC - HDFCSENETF,318,1.77
HDFCSILVER,HDFCAMC - HDFCSILVER,27800,15.10
HDFCVALUE,HDFCAMC - HDFCVALUE,223,0.21
HEALTHY,BIRLASLAMC - HEALTHY,23888,1.89
HEG,HEG LTD,365841,3692.13
HEIDELBERG,HEIDELBERGCEMENT (I) LTD,715472,1186.53
HEMIPROP,HEMISPHERE PROP IND LTD,1939895,1971.76
HERANBA,HERANBA INDUSTRIES LTD,165619,639.72
HERCULES,HERCULES HOI. LTD.,43042,77.11
HERITGFOOD,HERITAGE FOODS LTD,174125,388.28
HEROMOTOCO,HERO MOTOCORP LIMITED,365140,8526.44
HESTERBIO,HESTER BIOSCIENCES LTD,6070,116.12
HFCL,HFCL LIMITED,10944576,7388.76
HGINFRA,H.G.INFRA ENGINEERING LTD,95593,522.61
HGS,HINDUJA GLOBAL SOLS. LTD.,41545,453.73
HIKAL,HIKAL LIMITED,346682,947.28
HIL,HIL LIMITED,18160,426.47
HIMATSEIDE,HIMATSINGKA SEIDE LTD,613387,499.49
HINDALCO,HINDALCO  INDUSTRIES  LTD,3360846,12812.17
HINDCOMPOS,HINDUSTAN COMPOSITES LTD.,225,0.68
HINDCON,HINDCON CHEMICALS LIMITED,2700,3.08
HINDCOPPER,HINDUSTAN COPPER LTD,5900650,5992.20
HINDMOTORS,HINDUSTAN MOTORS LIMITED,450,0.06
HINDOILEXP,HINDUSTAN OIL EXPLORATION,1090201,1568.10
HINDPETRO,HINDUSTAN PETROLEUM CORP,1688263,3520.33
HINDUNILVR,HINDUSTAN UNILEVER LTD.,372959,8458.00
HINDWAREAP,HINDWARE HME INOVATON LTD,87370,220.23
HINDZINC,HINDUSTAN ZINC LIMITED,435640,1371.00
HIRECT,HIND RECTIFIER LIMITED,8,0.02
HISARMETAL,HISAR METAL IND. LIMITED,5348,8.62
HITECH,HI-TECH PIPES LIMITED,189978,1477.34
HITECHCORP,HITECH CORPORATION LTD,24392,60.62
HITECHGEAR,THE HI-TECH GEARS LIMITED,600,1.34
HLEGLAS,HLE GLASCOAT LIMITED,42177,292.06
HLVLTD,HLV LIMITED,171616,18.97
HMVL,HINDUSTAN MEDIA VENT LTD,18106,11.63
HNDFDS,HINDUSTAN FOODS LIMITED,823,4.50
HNGSNGBEES,NIP IND ETF HANGSENG BEES,15379,38.29
HOMEFIRST,HOME FIRST FIN CO IND LTD,276832,1482.25
HONAUT,HONEYWELL AUTOMATION IND,3384,1126.89
HONDAPOWER,HONDA I POWER PRODUCT LTD,16044,241.51
HPAL,HP ADHESIVES LIMITED,97380,357.71
HPL,HPL ELECTRIC & POWER LTD,112244,90.34
HSCL,HIMADRI SPECIALITY CHEM L,4008544,3200.95
HTMEDIA,HT MEDIA LIMITED,474935,73.05
HUDCO,HSG & URBAN DEV CORPN LTD,8192101,3901.66
HUHTAMAKI,HUHTAMAKI INDIA LIMITED,124494,223.81
IBREALEST,INDIABULLS REAL EST. LTD,17831395,11839.83
IBULHSGFIN,INDIABULLS HSG FIN LTD,10760217,12206.18
ICEMAKE,ICE MAKE REFRIGERAT LTD,40,0.12
ICICI500,ICICIPRAMC - ICICI500,3498,0.89
ICICIALPLV,ICICIPRAMC - ICICIALPLV,3901,4.93
ICICIAUTO,ICICIPRAMC - ICICIAUTO,1928,1.96
ICICIB22,ICICIPRAMC - BHARATIWIN,8554,3.31
ICICIBANK,ICICI BANK LTD.,2246066,19147.11
ICICIBANKN,ICICIPRAMC - IPRU5008,74814,23.92
ICICIBANKP,ICICIPRAMC - ICICIBANKP,14455,25.12
ICICICONSU,ICICIPRAMC - ICICICONSU,100,0.07
ICICIFMCG,ICICIPRAMC - ICICIFMCG,2755,9.25
ICICIGI,ICICI LOMBARD GIC LIMITED,258297,2567.04
ICICIGOLD,ICICI PRUDENTIAL GOLD ETF,10657,3.73
ICICIINFRA,ICICIPRAMC - ICICIINFRA,2240,0.86
ICICILIQ,ICICIPRAMC - ICICILIQ,505,3.95
ICICILOVOL,ICICI PR NIF LW VL 30 ETF,1282,1.26
ICICIM150,ICICIPRAMC - ICICIM150,5791,5.22
ICICIMCAP,ICICI PRUD MIDCAP SEL ETF,280,0.29
ICICIMOM30,ICICIPRAMC - ICICIMOM30,2,0.00
ICICINF100,ICICI PRUD NIFTY 100 ETF,546,1.03
ICICINIFTY,ICICI PRUD NIFTY ETF,212442,314.78
ICICINV20,ICICI PRUDENTIAL NV20 ETF,3599,2.54
ICICINXT50,ICICIPRAMC - ICICINXT50,50882,15.45
ICICIPHARM,ICICIPRAMC - ICICIPHARM,12108,8.34
ICICIPRULI,ICICI PRU LIFE INS CO LTD,1188759,4571.60
ICICISENSX,ICICI PRUD SENSEX ETF,56,0.34
ICICISILVE,ICICIPRAMC - ICICISILVE,141768,83.11
ICICITECH,ICICIPRAMC - ICICITECH,72168,15.36
ICIL,INDO COUNT INDUSTRIES LTD,321337,417.53
ICRA,ICRA LIMITED,2979,122.18
IDBI,IDBI BANK LIMITED,23259478,10693.32
IDEA,VODAFONE IDEA LIMITED,86637596,6607.90
IDFC,IDFC LIMITED,8469018,5529.32
IDFCFIRSTB,IDFC FIRST BANK LIMITED,42360369,21055.01
IEX,INDIAN ENERGY EXC LTD,10230645,14926.08
IFBAGRO,IFB AGRO INDUSTRIES LTD,15584,65.55
IFBIND,IFB INDUSTRIES LTD,66956,591.98
IFCI,IFCI LTD,7223873,941.64
IFGLEXPOR,IFGL REFRACTORIES LIMITED,24982,41.30
IGARASHI,IGARASHI MOTORS INDIA LTD,104085,390.71
IGL,INDRAPRASTHA GAS LTD,650755,2558.25
IGPL,I G PETROCHEMICALS LTD,52531,238.81
IIFL,IIFL FINANCE LIMITED,361462,1367.07
IIFLSEC,IIFL SECURITIES LIMITED,787402,432.79
IMFA,INDIAN METALS & FERRO,92066,260.63
IMPAL,IND MOTOR PART & ACC LTD,30,0.22
INDBANK,INDBANK MERCH BANK,80696,29.01
INDHOTEL,THE INDIAN HOTELS CO. LTD,2245215,5592.50
INDIACEM,THE INDIA CEMENTS LIMITED,2054904,4097.41
INDIAGLYCO,INDIA GLYCOLS LTD,595306,4248.55
INDIAMART,INDIAMART INTERMESH LTD,36540,1767.28
INDIANB,INDIAN BANK,1008269,2047.27
INDIANCARD,INDIAN CARD CLOTHING CO.,1102,2.60
INDIANHUME,INDIAN HUME PIPE CO. LTD.,61142,80.13
INDIGO,INTERGLOBE AVIATION LTD,134674,2386.35
INDIGOPNTS,INDIGO PAINTS LIMITED,118759,1314.80
INDNIPPON,INDIA NIPPON ELECT  LTD,9713,38.06
INDOAMIN,INDO AMINES LIMITED,67381,43.23
INDOBORAX,INDO BORAX & CHEMICAL LTD,3349,4.32
INDOCO,INDOCO REMEDIES LTD.,80789,288.67
INDORAMA,INDO RAMA SYNTHETICS LTD,105643,43.71
INDRAMEDCO,INDRAPRASTHA MEDICAL CORP,67868,60.93
INDSWFTLAB,IND SWIFT LABORATORIES LT,8786,4.93
INDTERRAIN,IND TERRAIN FASHIONS LTD,102602,73.93
INDUSINDBK,INDUSIND BANK LIMITED,654783,6366.25
INDUSTOWER,INDUS TOWERS LIMITED,2194209,3529.36
INFIBEAM,INFIBEAM AVENUES LIMITED,6743744,1190.11
INFOBEAN,INFOBEANS TECHNO. LTD.,7703,30.37
INFRABEES,NIP IND ETF INFRA BEES,4757,25.26
INFY,INFOSYS LIMITED,2821298,39194.52
INGERRAND,INGERSOLL-RAND INDIA LTD,5709,109.35
INOXGREEN,INOX GREEN ENERGY SER LTD,328205,159.58
INOXLEISUR,INOX LEISURE LIMITED,1665,8.72
INOXWIND,INOX WIND LIMITED,729237,869.02
INSECTICID,INSECTICIDES (I) LTD,44035,269.07
INTELLECT,INTELLECT DESIGN ARENA,463248,2025.59
INTENTECH,INTENSE TECHNOLOGIES LTD,10077,7.24
INTLCONV,INTL CONVEYORS LIMITED,51692,29.33
INVENTURE,INVENTURE GRO & SEC LTD,249450,11.10
IOB,INDIAN OVERSEAS BANK,12243388,2912.55
IOC,INDIAN OIL CORP LTD,7629839,5540.45
IOLCP,IOL CHEM AND PHARMA LTD,409069,1474.91
IONEXCHANG,ION EXCHANGE (INDIA) LTD,21255,625.17
IPCALAB,IPCA LABORATORIES LTD,125372,1076.08
IPL,INDIA PESTICIDES LIMITED,258116,632.45
IRB,IRB INFRA DEV LTD.,10502691,3340.17
IRCON,IRCON INTERNATIONAL LTD,6682652,3367.42
IRCTC,INDIAN RAIL TOUR CORP LTD,3064784,19245.00
IRFC,INDIAN RAILWAY FIN CORP L,37040151,10693.78
IRIS,IRIS BUSINESS SERV LTD,7488,6.17
IRISDOREME,IRIS CLOTHINGS LIMITED,300,0.96
ISEC,ICICI SECURITIES LIMITED,474830,2498.67
ISFT,INTRASOFT TECH. LTD,64980,116.86
ISGEC,ISGEC HEAVY ENG LTD,64751,271.88
ISMTLTD,ISMT LIMITED,277366,170.61
ITBEES,NIP IND ETF IT,1032955,271.57
ITC,ITC LTD,3408356,10517.52
ITDC,INDIA TOUR. DEV. CO. LTD.,72797,244.67
ITDCEM,ITD CEMENTATION INDIA LTD,1090154,1137.65
ITI,ITI LTD,827173,781.42
IVC,IL&FS INVESTMENT MANAGERS,7002,0.49
IVP,IVP LTD,2785,4.05
IZMO,IZMO LIMITED,5338,4.67
J&KBANK,J & K BANK LTD.,7522994,3378.68
JAGRAN,JAGRAN PRAKASHAN LIMITED,52801,36.23
JAGSNPHARM,JAGSONPAL PHARMACEUTICALS,30132,108.18
JAIBALAJI,JAI BALAJI INDUSTRIES LTD,25503,14.02
JAICORPLTD,JAI CORP LIMITED,1279050,1707.98
JAMNAAUTO,JAMNA AUTO IND LTD,1392710,1288.48
JASH,JASH ENGINEERING LIMITED,2695,17.71
JAYAGROGN,JAYANT AGRO ORGANICS LTD,25141,42.09
JAYBARMARU,JAY BHARAT MARUTI LTD,26763,41.58
JAYNECOIND,JAYASWAL NECO INDUSTR LTD,45562,11.98
JAYSREETEA,JAYSHREE TEA & INDUSTRIES,22254,22.21
JBCHEPHARM,J B CHEMICALS AND PHARMA,10919,198.17
JBMA,JBM AUTO LIMITED,291377,1063.56
JCHAC,JOHNSON CONTROLS HITACHI,36765,425.48
JHS,JHS SVEND. LAB. LTD,68584,18.47
JINDALPHOT,JINDAL PHOTO LIMITED,8430,32.26
JINDALPOLY,JINDAL POLY FILMS LIMITED,102022,820.68
JINDALSAW,JINDAL SAW LIMITED,1264803,1465.48
JINDALSTEL,JINDAL STEEL & POWER LTD,423366,2043.74
JINDRILL,JINDAL DRILLING IND. LTD,35859,76.59
JINDWORLD,JINDAL WORLDWIDE LTD,22709,86.36
JISLJALEQS,JAIN IRRIGATION SYSTEMS,3686017,1234.49
JKCEMENT,JK CEMENT LIMITED,37991,881.23
JKIL,JKUMAR INFR.LTD.,403717,1013.77
JKLAKSHMI,JK LAKSHMI CEMENT LTD,183288,1071.35
JKPAPER,JK PAPER LIMITED,839217,2694.14
JKTYRE,JK TYRE & INDUSTRIES LTD,1690201,2602.85
JMA,JULLUNDUR MOT AGENCY LTD,596,0.46
JMCPROJECT,JMC PROJECTS (I) LTD.,800,0.69
JMFINANCIL,JM FINANCIAL LIMITED,2084202,1378.61
JOCIL,JOCIL LIMITED,5255,9.94
JPASSOCIAT,JAIPRAKASH ASSOCIATES LTD,5152286,539.30
JPPOWER,JAIPRAKASH POWER VEN. LTD,6420684,496.84
JSL,JINDAL STAINLESS LIMITED,112736,264.79
JSLHISAR,JINDAL STAINLESS (H) LTD,22260,92.39
JSWENERGY,JSW ENERGY LIMITED,1207619,2903.63
JSWHL,JSW HOLDINGS LIMITED,450,15.10
JSWISPL,JSW ISPAT SPE PRO LTD,203515,73.42
JSWSTEEL,JSW STEEL LIMITED,3627884,24853.69
JTEKTINDIA,JTEKT INDIA LIMITED,478979,542.84
JTLIND,JTL INDUSTRIES LIMITED,626289,1872.66
JUBLFOOD,JUBILANT FOODWORKS LTD,2611771,12674.95
JUBLINDS,JUBILANT INDUSTRIES LTD,3071,8.09
JUBLINGREA,JUBILANT INGREVIA LIMITED,1030276,5055.88
JUBLPHARMA,JUBILANT PHARMOVA LTD,166445,566.33
JUNIORBEES,NIP IND ETF JUNIOR BEES,26805,92.95
JUSTDIAL,JUSTDIAL LTD.,347552,2173.47
JWL,JUPITER WAGONS LIMITED,59231,63.83
JYOTHYLAB,JYOTHY LABS LIMITED,176528,324.84
JYOTISTRUC,JYOTI STRUCTURES LTD,30000,2.79
KABRAEXTRU,KABRA EXTRUSION TECHNIK L,55907,246.51
KAJARIACER,KAJARIA CERAMICS LTD,75816,643.52
KAKATCEM,KAKATIYA CEM SUGAR &IND L,1038,2.53
KALPATPOWR,KALPATARU POWER TRANS. LT,42155,184.84
KALYANKJIL,KALYAN JEWELLERS IND LTD,1369945,1379.94
KAMATHOTEL,KAMAT HOTELS (I) LTD,730,0.88
KAMDHENU,KAMDHENU LIMITED,30607,99.12
KAMOPAINTS,KAMDHENU VENTURES LIMITED,9501,0.00
KANORICHEM,KANORIA CHEMICALS & INDUS,6730,8.23
KANSAINER,KANSAI NEROLAC PAINTS LTD,266718,1150.16
KARURVYSYA,KARUR VYSYA BANK LTD,5144677,4213.42
KAYA,KAYA LIMITED,9581,33.56
KAYNES,KAYNES TECHNOLOGY IND LTD,30710,222.38
KBCGLOBAL,KBC GLOBAL LIMITED,26071,2.82
KCP,KCP LTD,588917,592.26
KCPSUGIND,KCP SUGAR IND CORP LTD.,156805,45.21
KDDL,KDDL LIMITED,5463,39.77
KEC,KEC INTL. LIMITED,137023,551.14
KECL,KIRLOSKAR ELECTRIC CO LTD,4000,0.90
KEI,KEI INDUSTRIES LTD.,36795,521.43
KELLTONTEC,KELLTON TECH SOL LTD,22741,21.28
KENNAMET,KENNAMETAL INDIA LIMITED,7663,142.94
KESORAMIND,KESORAM INDUSTRIES LTD,1714458,845.57
KFINTECH,KFIN TECHNOLOGIES LIMITED,9834,25.63
KHADIM,KHADIM INDIA LIMITED,8218,20.07
KHAICHEM,KHAITAN CHEM & FERT LTD,167785,83.66
KICL,KALYANI INVEST CO LTD,2779,52.91
KIMS,KRISHNA INST OF MED SCI L,18956,232.34
KINGFA,KINGFA SCI & TEC IND LTD.,3245,24.61
KIOCL,KIOCL LIMITED,135880,200.81
KIRIINDUS,KIRI INDUSTRIES LIMITED,459417,1647.76
KIRLFER,KIRLOSKAR FERROUS IND LTD,108863,368.45
KIRLOSBROS,KIRLOSKAR BROTHERS LTD,113016,381.14
KIRLOSENG,KIRLOSKAR OIL ENG LTD,195044,547.11
KIRLOSIND,KIRLOSKAR INDUSTRIES LTD,4465,90.46
KITEX,KITEX GARMENTS LTD,162789,304.99
KKCL,KEWAL KIRAN CLOTHING LTD,59815,234.23
KMSUGAR,K M SUGAR MILLS LTD,51329,15.97
KNRCON,KNR CONSTRU LTD.,392013,962.90
KOHINOOR,KOHINOOR FOODS LIMITED,200,0.10
KOKUYOCMLN,KOKUYO CAMLIN LIMITED,54022,29.17
KOLTEPATIL,KOLTE PATIL DEV. LTD.,219273,578.24
KOPRAN,KOPRAN LTD,253237,415.74
KOTAKALPHA,KOTAKMAMC - KOTAKALPHA,397886,111.56
KOTAKBANK,KOTAK MAHINDRA BANK LTD,1378990,22450.65
KOTAKBKETF,KOTAKMAMC-KOTAKBKETF,6774,21.55
KOTAKGOLD,KOTAK GOLD ETF,12707,4.74
KOTAKIT,KOTAKMAMC - KOTAKIT,14719,3.45
KOTAKNIFTY,KOTAK NIFTY ETF,4734,8.45
KOTAKNV20,KOTAKMAMC - KTKNV20ETF,20,0.02
KOTAKPSUBK,KOTAK PSU BANK,4102,10.51
KOTARISUG,KOTHARI SUG & CHEM LTD.,28027,12.27
KOTHARIPET,KOTHARI PETROCHEM LTD,22797,14.63
KOVAI,KOVAI MEDICAL CENTER & HO,2084,27.20
KPIGREEN,KPI GREEN ENERGY LIMITED,147706,552.00
KPITTECH,KPIT TECHNOLOGIES LIMITED,584841,3704.35
KPRMILL,KPR MILL LTD.,176462,961.61
KRBL,KRBL LIMITED,377325,1079.12
KREBSBIO,KREBS BIOCHEMICALS & IND,69511,106.11
KRISHANA,KRISHANA PHOSCHEM LIMITED,30686,137.75
KRITI,KRITI INDUSTRIES IND LTD,3989,3.36
KRITINUT,KRITI NUTRIENTS LIMITED,9000,5.29
KRSNAA,KRSNAA DIAGNOSTICS LTD,80364,337.66
KSB,KSB LIMITED,18199,291.89
KSCL,KAVERI SEED CO. LTD.,128491,536.35
KSL,KALYANI STEELS LIMITED,52777,164.78
KSOLVES,KSOLVES INDIA LIMITED,17486,34.96
KTKBANK,KARNATAKA BANK LIMITED,2639587,2836.65
KUANTUM,KUANTUM PAPERS LIMITED,28277,36.28
L&TFH,L&T FINANCE HOLDINGS LTD,5422406,4407.57
LALPATHLAB,DR. LAL PATH LABS LTD.,180529,3726.87
LAMBODHARA,LAMBODHARA TEXTILES LTD.,13058,21.72
LANCER,LANCER CONTAINER LINE LTD,134779,325.06
LANDMARK,LANDMARK CARS LIMITED,3254,14.64
LAOPALA,LA OPALA RG LIMITED,158760,533.28
LASA,LASA SUPERGENERICS LTD,12330,5.16
LATENTVIEW,LATENT VIEW ANALYTICS LTD,806109,2825.56
LAURUSLABS,LAURUS LABS LIMITED,2882123,10672.76
LAXMIMACH,LAKSHMI MACHINES LTD,3893,390.40
LEMONTREE,LEMON TREE HOTELS LTD,4136874,2700.51
LGBBROSLTD,LG BALAKRISHNAN & BROS,87607,522.46
LIBAS,LIBAS CONSU PRODUCTS LTD,8250,3.23
LIBERTSHOE,LIBERTY SHOES LTD,7651,15.26
LICHSGFIN,LIC HOUSING FINANCE LTD,1281441,4478.54
LICI,LIFE INSURA CORP OF INDIA,2679747,15496.11
LICNETFGSC,LICNAMC - LICNMFET,160,0.04
LICNETFSEN,LICNAMC - LICNFESGP,30,0.20
LIKHITHA,LIKHITHA INFRASTRUC LTD,109477,234.45
LINC,LINC LIMITED,11841,44.79
LINCOLN,LINCOLN PHARMA LTD,65700,190.04
LINDEINDIA,LINDE INDIA LIMITED,28189,952.01
LIQUIDBEES,NIP IND ETF LIQUID BEES,24871,246.68
LIQUIDETF,DSP LIQUID ETF,50,0.39
LODHA,MACROTECH DEVELOPERS LTD,1921021,18160.62
LOKESHMACH,LOKESH MACHINES LTD,82978,86.59
LOVABLE,LOVABLE LINGERIE LTD,6064,7.81
LPDC,LANDMARK PR.DEV.CO.LTD,100,0.01
LSIL,LLOYDS STEELS IND. LTD.,1486326,299.34
LT,LARSEN & TOUBRO LTD.,398886,7607.34
LTGILTBEES,NIP IND ETF LONGTERM GILT,6,0.00
LTIM,LTIMINDTREE LIMITED,249853,10235.13
LTTS,L&T TECHNOLOGY SER. LTD.,282581,9516.61
LUMAXIND,LUMAX INDUSTRIES LTD,9114,98.16
LUMAXTECH,LUMAX AUTO TECH LTD,172026,378.95
LUPIN,LUPIN LIMITED,387367,2648.90
LUXIND,LUX INDUSTRIES LIMITED,72096,1096.95
LXCHEM,LAXMI ORGANIC INDUS LTD,1366325,3954.42
LYKALABS,LYKA LABS LTD,44656,60.65
M&M,MAHINDRA & MAHINDRA LTD,682608,7663.46
M&MFIN,M&M FIN. SERVICES LTD,598245,1337.96
MAANALU,MAAN ALUMINIUM LIMITED,3212,6.57
MACPOWER,MACPOWER CNC MACHINES LTD,1659,6.28
MADRASFERT,MADRAS FERTILISERS LTD,330489,173.44
MAESGETF,MIRAEAMC - MAESGETF,355,0.10
MAFANG,MIRAEAMC - MAFANG,217662,72.79
MAFSETF,MIRAEAMC - MAFSETF,10265,1.86
MAGADSUGAR,MAGADH SUGAR & ENERGY LTD,18172,63.20
MAHABANK,BANK OF MAHARASHTRA,24026397,6471.97
MAHASTEEL,MAHAMAYA STEEL INDS LTD,5093,3.20
MAHEPC,MAHINDRA EPC IRRIG LTD,40941,40.42
MAHESHWARI,MAHESHWARI LOGISTICS LTD.,9184,7.95
MAHINDCIE,MAHINDRA CIE AUTO LTD,309949,1016.49
MAHKTECH,MIRAEAMC - MAHKTECH,484549,44.30
MAHLIFE,MAHINDRA LIFESPACE DEVLTD,155156,562.78
MAHLOG,MAHINDRA LOGISTIC LIMITED,217807,950.97
MAHSCOOTER,MAHARASHTRA SCOOTERS LTD,8414,341.94
MAHSEAMLES,MAHARASHTRA SEAMLESS LTD,428784,1491.94
MAITHANALL,MAITHAN ALLOYS LTD,92573,838.54
MALLCOM,MALLCOM (INDIA) LIMITED,10,0.07
MALUPAPER,MALU PAPER MILLS LIMITED,521,0.23
MAM150ETF,MIRAEAMC - MAM150ETF,15655,1.77
MAMFGETF,MIRAEAMC - MAMFGETF,4,0.00
MAN50ETF,MIRAEAMC - MAN50ETF,5911,11.02
MANAKSIA,MANAKSIA LTD.,292923,307.52
MANAKSTEEL,MANAKSIA STEELS LTD,3643,1.77
MANALIPETC,MANALI PETROCHEMICALS LT,548598,404.19
MANAPPURAM,MANAPPURAM FINANCE LTD,4028296,4017.37
MANGALAM,MANGALAM DRUG & CHEM LTD,11220,13.69
MANGCHEFER,MANG.CHEM.FERT.LTD,767143,933.32
MANGLMCEM,MANGALAM CEMENT LTD,758011,2500.05
MANINDS,MAN INDUSTRIES (I) LTD.,78740,70.37
MANINFRA,MAN INFRA LTD,1137208,884.88
MANORAMA,MANORAMA INDUSTRIES LTD,13012,129.16
MANORG,MANGALAM ORGANICS LIMITED,6008,32.49
MANYAVAR,VEDANT FASHIONS LIMITED,13805,133.91
MAPMYINDIA,C.E. INFO SYSTEMS LIMITED,90685,864.68
MARATHON,MARATHON NXTGEN REALT LTD,3610,0.42
MARICO,MARICO LIMITED,305732,1350.20
MARINE,MARINE ELECTRICAL (I) LTD,18586,6.80
MARKSANS,MARKSANS PHARMA LIMITED,2885108,1638.23
MARUTI,MARUTI SUZUKI INDIA LTD.,278147,20682.03
MASFIN,MAS FINANCIAL SERV LTD,40771,296.89
MASPTOP50,MIRAEAMC - MASPTOP50,100720,21.25
MASTEK,MASTEK LTD,132239,2197.61
MATRIMONY,MATRIMONY.COM LIMITED,16144,79.70
MAWANASUG,MAWANA SUGARS LIMITED,33280,32.60
MAXHEALTH,MAX HEALTHCARE INS LTD,205346,732.98
MAXIND,MAX INDIA LIMITED,7464,7.16
MAXVIL,MAX VENTURES AND INDS LTD,49980,38.93
MAYURUNIQ,MAYUR UNIQUOTERS LTD,35068,121.37
MAZDA,MAZDA LIMITED,523,3.39
MAZDOCK,MAZAGON DOCK SHIPBUIL LTD,1214134,8152.85
MBLINFRA,MBL INFRASTRUCTURE LTD,10,0.00
MCDOWELL-N,UNITED SPIRITS LIMITED,963063,7334.05
MCLEODRUSS,MCLEOD RUSSEL INDIA LTD.,8748,2.32
MCX,MULTI COMMODITY EXCHANGE,185573,2385.53
MEDANTA,GLOBAL HEALTH LIMITED,76698,351.52
MEDICAMEQ,MEDICAMEN BIOTECH LIMITED,36451,241.70
MEDPLUS,MEDPLUS HEALTH SERV LTD,35989,234.66
MENONBE,MENON BEARINGS LIMITED,43895,24.33
METROBRAND,METRO BRANDS LIMITED,92461,607.48
METROPOLIS,METROPOLIS HEALTHCARE LTD,101306,1381.62
MFL,MEGHMANI FINECHEM LIMITED,96954,909.66
MFSL,MAX FINANCIAL SERV LTD,111250,701.05
MGEL,MANGALAM GLOBAL ENT LTD,3000,0.69
MGL,MAHANAGAR GAS LTD.,122909,1082.59
MHLXMIRU,MAHALAXMI RUBTECH LIMITED,35608,96.52
MHRIL,MAHINDRA HOLIDAYS LTD,375675,908.35
MICEL,MIC ELECTRONICS LTD,10000,1.35
MID150BEES,NIP IND ETF MIDCAP 150,47628,45.93
MIDHANI,MISHRA DHATU NIGAM LTD,943277,1972.94
MINDACORP,MINDA CORPORATION LTD,941000,1708.76
MINDTECK,MINDTECK (INDIA) LIMITED,2000,2.65
MINDTREE,MINDTREE LIMITED,700,25.22
MIRCELECTR,MIRC ELECTRONICS LTD,81276,15.77
MIRZAINT,MIRZA INTERNATIONAL LIMIT,446263,767.61
MMFL,MM FORGINGS LTD,37345,271.97
MMP,MMP INDUSTRIES LIMITED,8412,11.04
MMTC,MMTC LIMITED,2618459,927.94
MODISONLTD,MODISON LIMITED,4893,3.59
MOIL,MOIL LIMITED,435304,609.69
MOKSH,MOKSH ORNAMENTS LIMITED,2307,0.26
MOL,MEGHMANI ORGANICS LIMITED,858948,775.04
MOLDTECH,MOLD-TEK TECHNOLOGIES LTD,6022,8.78
MOLDTKPAC,MOLD-TEK PACKAGING LTD,20927,156.65
MOM100,MOTILAL OS MIDCAP100 ETF,34751,9.31
MOM50,MOTILAL OSWAL M50 ETF,96,0.17
MOMOMENTUM,MOTILALAMC - MOMOMENTUM,22,0.01
MON100,MOTILAL OS NASDAQ100 ETF,407685,308.90
MONARCH,MONARCH NETWORTH CAP LTD,29452,84.79
MONQ50,MOTILALAMC - MONQ50,18450,8.19
MONTECARLO,MONTE CARLO FASHIONS LTD.,56346,278.18
MOREPENLAB,MOREPEN LAB. LTD,2183674,590.77
MOTHERSON,SAMVRDHNA MTHRSN INTL LTD,3875178,2812.98
MOTILALOFS,MOTILAL OSWAL FIN LTD,210524,1308.79
MPHASIS,MPHASIS LIMITED,245785,4777.68
MPSLTD,MPS LIMITED,12717,108.66
MRF,MRF LTD,2041,1568.55
MRPL,MRPL,5213154,2972.50
MSPL,MSP STEEL & POWER LTD.,162664,16.18
MSTCLTD,MSTC LIMITED,635557,1786.02
MSUMI,MOTHERSON SUMI WRNG IND L,4228002,1882.63
MTARTECH,MTAR TECHNOLOGIES LIMITED,188519,2788.65
MTNL,MAHANAGAR TELEPHONE NIGAM,2268769,506.99
MUKANDLTD,MUKAND LTD.,194034,249.73
MUKTAARTS,MUKTA ARTS LIMITED,1000,0.44
MUNJALAU,MUNJAL AUTO IND. LTD.,58005,22.85
MUNJALSHOW,MUNJAL SHOWA LTD,20745,22.46
MURUDCERA,MURUDESHWAR CERAMICS LTD,7292,2.79
MUTHOOTCAP,MUTHOOT CAP SERV LTD,26968,85.66
MUTHOOTFIN,MUTHOOT FINANCE LIMITED,394709,3863.93
NACLIND,NACL INDUSTRIES LIMITED,176473,149.35
NAGAFERT,NAGARJUN FERT AND CHE LTD,300,0.05
NAHARCAP,NAHAR CAP & FIN.,15505,31.99
NAHARINDUS,NAHAR INDS ENT LTD,54505,48.40
NAHARPOLY,NAHAR POLY FILMS LIMITED,25094,60.33
NAHARSPING,NAHAR SPINNING MILLS LTD.,46013,81.78
NAM-INDIA,NIPPON L I A M LTD,1071105,2642.44
NATCOPHARM,NATCO PHARMA LTD.,761635,4559.45
NATHBIOGEN,NATH BIO-GENES (I) LTD,17385,31.30
NATIONALUM,NATIONAL ALUMINIUM CO LTD,7963164,5962.32
NAUKRI,INFO EDGE (I) LTD,192377,6716.61
NAVA,NAVA LIMITED,1206493,2428.86
NAVINFLUOR,NAVIN FLUORINE INT. LTD,57049,2051.59
NAVKARCORP,NAVKAR CORPORATION LTD.,1114583,577.42
NAVNETEDUL,NAVNEET EDUCATION LTD,281708,306.49
NAZARA,NAZARA TECHNOLOGIES LTD,336280,1886.36
NBCC,NBCC (INDIA) LIMITED,11067236,3778.56
NCC,NCC LIMITED,8014238,6012.10
NCLIND,NCL INDUSTRIES LIMITED,182199,262.90
NDL,NANDAN DENIM LIMITED,69900,18.85
NDRAUTO,NDR AUTO COMPONENTS LTD,4655,27.80
NDTV,NDTV LTD,131,0.36
NECCLTD,NORTH EAST CARRY CORP LTD,271025,70.53
NECLIFE,NECTAR LIFESCIENCES LTD.,132781,32.28
NELCAST,NELCAST LIMITED,218053,175.03
NELCO,NELCO LTD,79571,410.39
NEOGEN,NEOGEN CHEMICALS LIMITED,27949,330.23
NESCO,NESCO LTD.,205716,1076.72
NESTLEIND,NESTLE INDIA LIMITED,18269,3089.78
NETF,TATAAML - NETF,3,0.01
NETWORK18,NETWORK18 MEDIA & INV LTD,1328502,844.94
NEULANDLAB,NEULAND LAB LTD.,45189,500.68
NEWGEN,NEWGEN SOFTWARE TECH LTD,135354,445.66
NFL,NATIONAL FERT. LTD,4029825,2467.55
NGLFINE,NGL FINE CHEM LIMITED,509,4.96
NH,NARAYANA HRUDAYALAYA LTD.,47532,305.02
NHPC,NHPC LTD,8813273,3339.99
NIACL,THE NEW INDIA ASSU CO LTD,1035225,1071.87
NIF100BEES,NIP IND ETF NIFTY 100,12,0.02
NIFTYBEES,NIP IND ETF NIFTY BEES,1460205,2609.53
NIITLTD,NIIT LIMITED,756883,2133.88
NILAINFRA,NILA INFRASTRUCTURES LTD,42900,3.17
NILKAMAL,NILKAMAL LIMITED,2723,51.76
NIPPOBATRY,INDO-NATIONAL LIMITED,1216,5.97
NITCO,NITCO LIMITED,1830,0.46
NITINSPIN,NITIN SPINNERS LIMITED,112606,163.90
NLCINDIA,NLC INDIA LIMITED,6500357,4716.54
NMDC,NMDC LTD.,7848648,9211.73
NOCIL,NOCIL LIMITED,767779,1576.68
NOVARTIND,NOVARTIS INDIA LIMITED,13708,87.45
NRAIL,N R AGARWAL INDS LTD,4586,13.74
NRBBEARING,NRB BEARING LIMITED,224423,287.99
NRL,NUPUR RECYCLERS LIMITED,27155,24.67
NSIL,NALWA SONS INVESTMENT LTD,522,11.28
NSLNISP,NMDC STEEL LIMITED,508264,4.11
NTPC,NTPC LTD,1641774,2440.28
NUCLEUS,NUCLEUS SOFTWARE EXPORTS,31891,140.44
NURECA,NURECA LIMITED,87039,434.74
NUVOCO,NUVOCO VISTAS CORP LTD,157551,539.60
NV20BEES,NIP IND ETF ETF NV20,945,1.02
NXTDIGITAL,NXTDIGITAL LIMITED,201,0.65
NYKAA,FSN E COMMERCE VENTURES,2908398,4200.38
OAL,ORIENTAL AROMATICS LTD,21754,102.09
OBCL,ORISSA BENGAL CARRIER LTD,1100,0.58
OBEROIRLTY,OBEROI REALTY LIMITED,356089,2815.64
OCCL,ORIENTAL CARBN & CHEM LTD,11027,76.43
OFSS,ORACLE FIN SERV SOFT LTD.,54862,1727.71
OIL,OIL INDIA LTD,921100,2018.90
OLECTRA,OLECTRA GREENTECH LIMITED,352596,1538.25
OMAXAUTO,OMAX AUTOS LTD,5973,3.13
OMAXE,OMAXE LIMITED,281662,216.99
OMINFRAL,OM INFRA LIMITED,32854,13.67
ONEPOINT,ONE POINT ONE SOL LTD,10000,1.65
ONGC,OIL AND NATURAL GAS CORP.,3156968,4425.59
ONMOBILE,ONMOBILE GLOBAL LTD.,1234982,1015.56
ONWARDTEC,ONWARD TECHNOLOGIES LTD,33958,57.41
OPTIEMUS,OPTIEMUS INFRACOM LTD,374757,1059.83
ORBTEXP,ORBIT EXPORTS LIMITED,53,0.08
ORCHPHARMA,ORCHID PHARMA LIMITED,4,0.02
ORICONENT,ORICON ENTERPRISES LTD,672157,211.23
ORIENTABRA,ORIENT ABRASIVE LTD,67281,17.23
ORIENTBELL,ORIENT BELL LIMITED,13506,54.74
ORIENTCEM,ORIENT CEMENT LTD.,928026,1076.76
ORIENTELEC,ORIENT ELECTRIC LIMITED,117282,312.77
ORIENTHOT,ORIENT HOTELS LTD,1545303,1091.87
ORIENTPPR,ORIENT PAPER AND INDS LTD,2135383,767.30
ORISSAMINE,ORISSA MIN DEV CO LTD,1586,41.60
PAGEIND,PAGE INDUSTRIES LTD,11878,4518.40
PAISALO,PAISALO DIGITAL LIMITED,3946377,2930.37
PANACEABIO,PANACEA BIOTEC LTD,64575,84.43
PANAMAPET,PANAMA PETROCHEM LTD,90182,262.13
PAR,PAR DRUGS AND CHEM LTD,160,0.28
PARADEEP,PARADEEP PHOSPHATES LTD,2804727,1333.51
PARAGMILK,PARAG MILK FOODS LTD.,398188,339.17
PARAS,PARAS DEF AND SPCE TECH L,159997,927.24
PASUPTAC,PASUPATI ACRYLON LIMITED,22048,7.82
PATANJALI,PATANJALI FOODS LIMITED,7697,88.94
PATELENG,PATEL ENGINEERING LTD.,1735541,316.11
PATINTLOG,PATEL INT. LOG. LTD,11257,1.68
PAYTM,ONE 97 COMMUNICATIONS LTD,2082029,11906.71
PCBL,PCBL LIMITED,2536917,2733.04
PCJEWELLER,PC JEWELLER LTD,34906,27.19
PDMJEPAPER,PUDUMJEE PAPER PRO. LTD,87379,38.39
PDSL,PDS LIMITED,13055,32.62
PEL,PIRAMAL ENTERPRISES LTD,943108,7903.92
PENIND,PENNAR INDUSTRIES LTD,377105,224.76
PERSISTENT,PERSISTENT SYSTEMS LTD,72111,2851.08
PETRONET,PETRONET LNG LIMITED,506289,1017.81
PFC,POWER FIN CORP LTD.,3335498,3930.58
PFIZER,PFIZER LTD,17039,695.60
PFS,PTC INDIA FIN SERV LTD,3170,0.62
PGEL,PG ELECTROPLAST LTD,126426,1487.93
PGHH,P&G HYGIENE & HEALTH CARE,955,119.15
PGHL,PROCTER & GAMBLE HEALTH L,5561,245.71
PGIL,PEARL GLOBAL IND LIMITED,5911,18.87
PHARMABEES,NIPPONAMC - NETFPHARMA,804891,75.48
PHOENIXLTD,THE PHOENIX MILLS LTD,52209,618.15
PIDILITIND,PIDILITE INDUSTRIES LTD,226029,4968.45
PIIND,PI INDUSTRIES LTD,90121,2750.98
PILANIINVS,PILANI INV & IND COR LTD,4507,68.69
PILITA,PIL ITALICA LIFESTYLE LTD,8500,0.68
PIONDIST,PIONEER DIST LTD,100,0.20
PIONEEREMB,PIONEER EMBROIDERIES LTD,5948,2.93
PITTIENG,PITTI ENGINEERING LIMITED,41148,94.61
PIXTRANS,PIX TRANSMISSIONS LIMITED,23070,157.67
PLASTIBLEN,PLASTIBLENDS INDIA LTD,13635,23.50
PNB,PUNJAB NATIONAL BANK,57535890,26067.35
PNBGILTS,PNB GILTS LIMITED,842096,487.12
PNBHOUSING,PNB HOUSING FIN LTD.,289086,1388.70
PNCINFRA,PNC INFRATECH LTD.,592278,1504.63
PODDARMENT,PODDAR PIGMENTS LIMITED,1949,6.44
POKARNA,POKARNA LIMITED,54045,170.79
POLICYBZR,PB FINTECH LIMITED,543676,2344.30
POLYCAB,POLYCAB INDIA LIMITED,111259,2908.46
POLYMED,POLY MEDICURE LIMITED,32358,258.88
POLYPLEX,POLYPLEX CORPORATION LTD,280188,4155.97
PONNIERODE,PONNIE SUGARS (ERODE) LTD,59891,247.86
POONAWALLA,POONAWALLA FINCORP LTD,4143478,11199.29
POWERGRID,POWER GRID CORP. LTD.,1335303,2748.09
POWERINDIA,HITACHI ENERGY INDIA LTD,29449,770.18
POWERMECH,POWER MECH PROJECTS LTD.,30815,462.85
PPAP,PPAP AUTOMOTIVE LIMITED,3112,6.61
PPL,PRAKASH PIPES LIMITED,59661,106.08
PPLPHARMA,PIRAMAL PHARMA LIMITED,2078289,1621.11
PRAJIND,PRAJ INDUSTRIES LTD,1144301,3656.98
PRAKASH,PRAKASH INDUSTRIES LTD,1230456,744.32
PRAKASHSTL,PRAKASH STEELAGE LTD,2000,0.09
PRECAM,PRECISION CAMSHAFTS LTD.,178819,173.27
PRECWIRE,PRECISION WIRES INDIA LTD,129433,89.12
PREMEXPLN,PREMIER EXPLOSIVES LTD,50,0.19
PREMIERPOL,PREMIER POLYFILM LTD,100,0.10
PRESTIGE,PRESTIGE ESTATE LTD,741724,2801.33
PRICOLLTD,PRICOL LIMITED,634942,1028.71
PRIMESECU,PRIME SECURITIES LIMITED,112974,113.36
PRINCEPIPE,PRINCE PIPES FITTINGS LTD,162245,841.87
PRITIKAUTO,PRITIKA AUTO INDUS LTD,110929,20.34
PRIVISCL,PRIVI SPECIALITY CHE LTD,112833,1043.80
PROZONINTU,PROZONE INTU PROPRTIS LTD,477311,147.71
PRSMJOHNSN,PRISM JOHNSON LIMITED,405041,440.31
PRUDENT,PRUDENT CORP ADV SER LTD,7560,52.98
PSB,PUNJAB & SIND BANK,1950426,446.53
PSPPROJECT,PSP PROJECTS LIMITED,173629,1113.96
PSUBNKBEES,NIP IND ETF PSU BANK BEES,823495,256.28
PTC,PTC INDIA LIMITED,5161,4.67
PTL,PTL ENTERPRISES LTD,34561,11.64
PUNJABCHEM,PUNJAB CHEM & CROP PROT L,15263,148.34
PURVA,PURAVANKARA LIMITED,404893,355.04
PVR,PVR LIMITED,177467,2624.58
QGOLDHALF,QUANTUM GOLD FUND,572,0.26
QNIFTY,QUANTUM NIFTY 50 ETF,5,0.10
QUESS,QUESS CORP LIMITED,393225,1424.23
QUICKHEAL,QUICK HEAL TECH LTD,159239,261.91
RADHIKAJWE,RADHIKA JEWELTECH LIMITED,2461,5.09
RADIANTCMS,RADIANT CASH MGMT SER LTD,3133,2.51
RADICO,RADICO KHAITAN LTD,98717,1018.61
RADIOCITY,MUSIC BROADCAST LIMITED,425603,101.38
RAILTEL,RAILTEL CORP OF IND LTD,2937327,3242.07
RAIN,RAIN INDUSTRIES LIMITED,1868881,2945.39
RAINBOW,RAINBOW CHILDRENS MED LTD,51767,289.72
RAJESHEXPO,RAJESH EXPORTS LTD,414674,2973.32
RAJMET,RAJNANDINI METAL LIMITED,17599,2.75
RAJRATAN,RAJRATAN GLOBAL WIRE LTD,28601,191.48
RAJSREESUG,RAJSHREE SUGAR & CHEMICAL,1200,0.69
RALLIS,RALLIS INDIA LTD,894482,2035.08
RAMAPHO,RAMA PHOSPHATES LIMITED,7959,21.31
RAMASTEEL,RAMA STEEL TUBES LIMITED,798955,291.48
RAMCOCEM,THE RAMCO CEMENTS LIMITED,185989,1222.36
RAMCOIND,RAMCO INDUSTRIES LIMITED,283401,408.01
RAMCOSYS,RAMCO SYSTEMS LTD.,169156,365.31
RAMKY,RAMKY INFRA LTD,607660,1380.66
RAMRAT,RAM RATNA WIRES LIMITED,14622,17.02
RANASUG,RANA SUGARS LTD.,187073,49.82
RANEENGINE,RANE ENG VALVE LTD,30,0.06
RANEHOLDIN,RANE HOLDINGS LIMITED,15433,122.50
RATEGAIN,RATEGAIN TRAVEL TECHN LTD,659541,2150.60
RATNAMANI,RATNAMANI MET & TUB LTD.,17579,311.71
RAYMOND,RAYMOND LTD,506351,4847.08
RBA,RESTAURANT BRAND ASIA LTD,984418,988.09
RBL,RANE BRAKE LINING LTD,6050,41.58
RBLBANK,RBL BANK LIMITED,3817712,5206.89
RCF,RASHTRIYA CHEMICALS & FER,6440968,6443.31
RECLTD,REC LIMITED,4464267,4729.67
REDINGTON,REDINGTON LIMITED,2135053,3388.86
REFEX,REFEX INDUSTRIES LIMITED,29182,72.19
RELAXO,RELAXO FOOT LTD.,157554,1252.02
RELCAPITAL,RELIANCE CAPITAL LTD,2674,2.17
RELIANCE,RELIANCE INDUSTRIES LTD,3974255,88854.80
RELIGARE,RELIGARE ENTER. LTD.,2004699,2557.17
RELINFRA,RELIANCE INFRASTRUCTU LTD,307426,430.35
RENUKA,SHREE RENUKA SUGARS LTD,10045740,4725.33
REPCOHOME,REPCO HOME FINANCE LTD,173233,283.63
REPL,RUDRABHISHEK ENTERP LTD,6637,12.06
REPRO,REPRO INDIA LIMITED,7773,29.99
RESPONIND,RESPONSIVE INDUSTRIES LTD,4806,6.93
REVATHI,REVATHI EQUIPMENT LTD,104,1.25
RGL,RENAISSANCE GLOBAL LTD,24799,23.94
RHIM,RHI MAGNESITA INDIA LTD,292256,1682.40
RICOAUTO,RICO AUTO INDUSTRIES LTD,1092961,802.22
RIIL,RELIANCE INDUSTRIAL INFRA,347499,3181.35
RITES,RITES LIMITED,544180,1711.44
RKFORGE,RAMKRISHNA FORGINGS LTD,360340,848.55
RML,RANE (MADRAS) LIMITED,12945,40.30
ROHLTD,ROYAL ORCHID HOTELS LTD,68306,121.87
ROLEXRINGS,ROLEX RINGS LIMITED,41725,689.69
ROSSARI,ROSSARI BIOTECH LIMITED,83746,626.14
ROSSELLIND,ROSSELL INDIA LIMITED,42889,96.21
ROTO,ROTO PUMPS LIMITED,11296,48.20
ROUTE,ROUTE MOBILE LIMITED,184709,2204.20
RPGLIFE,RPG LIFE SCIENCES LTD,44218,331.09
RPOWER,RELIANCE POWER LTD.,2565594,355.66
RPPINFRA,R.P.P INFRA PROJECTS LTD,81098,50.79
RPPL,RAJSHREE POLYPACK LTD,7048,13.85
RPSGVENT,RPSG VENTURES LIMITED,60043,278.08
RSSOFTWARE,R. S. SOFTWARE (INDIA) LI,1460,0.54
RSWM,RSWM LIMITED,107097,261.47
RSYSTEMS,R SYS INTERNATIONAL LTD,50443,127.67
RTNINDIA,RATTANINDIA ENT LIMITED,1675132,648.43
RTNPOWER,RATTANINDIA POWER LIMITED,5249406,235.82
RUBYMILLS,THE RUBY MILLS LTD,7805,5.76
RUCHIRA,RUCHIRA PAPERS LIMITED,41908,51.38
RUPA,RUPA & COMPANY LTD,234991,677.68
RUSHIL,RUSHIL DECOR LIMITED,106832,369.93
RUSTOMJEE,KEYSTONE REALTORS LIMITED,235,0.65
RVNL,RAIL VIKAS NIGAM LIMITED,10608731,6276.24
SADBHAV,SADBHAV ENGINEERING LTD,119349,32.19
SADBHIN,SADBHAV INFRA PROJ LTD.,794,0.12
SAFARI,SAFARI IND (INDIA) LTD,11890,208.71
SAGCEM,SAGAR CEMENTS LIMITED,88459,160.60
SAIL,STEEL AUTHORITY OF INDIA,16822205,13882.59
SAKAR,SAKAR HEALTHCARE LIMITED,1356,3.41
SAKHTISUG,SAKTHI SUGARS LTD,107169,28.85
SAKSOFT,SAKSOFT LIMITED,209973,223.12
SAKUMA,SAKUMA EXPORTS LIMITED,620176,100.73
SALASAR,SALASAR TECHNO ENGG. LTD.,5914366,2404.46
SALZERELEC,SALZER ELECTRONICS LTD,65978,176.16
SANDESH,SANDESH LTD,687,6.75
SANDHAR,SANDHAR TECHNOLOGIES LTD,51075,118.62
SANGAMIND,SANGAM (INDIA) LTD,17351,38.06
SANGHIIND,SANGHI INDUSTRIES LTD,35274,23.74
SANGHVIMOV,SANGHVI MOVERS LTD,83667,167.49
SANOFI,SANOFI INDIA LIMITED,23636,1302.04
SANSERA,SANSERA ENGINEERING LTD,56534,353.82
SAPPHIRE,SAPPHIRE FOODS INDIA LTD,21211,244.02
SARDAEN,SARDA ENERGY & MIN LTD,10274,85.24
SAREGAMA,SAREGAMA INDIA LIMITED,74799,233.40
SARLAPOLY,SARLA PERF. FIBERS LTD,101021,55.75
SARVESHWAR,SARVESHWAR FOODS LIMITED,3000,2.65
SASKEN,SASKEN TECHNOLOGIES LTD,26853,237.28
SASTASUNDR,SASTASUNDAR VENTURES LTD,22718,66.69
SATIA,SATIA INDUSTRIES LIMITED,310221,359.43
SATIN,SATIN CREDIT NET LTD,1101624,1618.59
SATINDLTD,SAT INDUSTRIES LIMITED,49067,39.08
SBC,SBC EXPORTS LIMITED,61480,9.63
SBCL,SHIVALIK BIMETAL CON. LTD,25202,71.68
SBICARD,SBI CARDS & PAY SER LTD,870920,6186.13
SBIETFCON,SBIAMC - SBIETFCON,1003,0.75
SBIETFIT,SBIAMC - SBIETFIT,10354,21.31
SBILIFE,SBI LIFE INSURANCE CO LTD,181621,1924.25
SBIN,STATE BANK OF INDIA,8608887,43147.30
SCHAEFFLER,SCHAEFFLER INDIA LIMITED,70851,1892.90
SCHAND,S CHAND AND COMPANY LTD,42644,66.93
SCHNEIDER,SCHNEIDER ELECTRIC INFRA,866705,1312.49
SCI,SHIPPING CORP OF INDIA LT,6080155,6703.89
SCPL,SHEETAL COOL PRODUCTS LTD,32857,182.27
SDBL,SOM DIST & BREW LTD,100307,116.29
SEAMECLTD,SEAMEC LIMITED,18496,142.17
SECURCRED,SECUR CREDENTIALS LIMITED,20900,6.54
SECURKLOUD,SECUREKLOUD TECH LIMITED,10,0.02
SELAN,SELAN EXPLO. TECH LTD,11844,35.39
SEPC,SEPC LIMITED,8377607,1127.96
SEQUENT,SEQUENT SCIENTIFIC LTD.,1722298,1533.98
SESHAPAPER,SESHASAYEE PAPER & BOARDS,96528,193.99
SETFGOLD,SBI-ETF GOLD,9336,3.38
SETFNIF50,SBI-ETF NIFTY 50,126119,183.14
SETFNIFBK,SBI-ETF NIFTY BANK,19080,54.95
SETFNN50,SBI-ETF NIFTY NEXT 50,6034,22.24
SFL,SHEELA FOAM LIMITED,11709,147.90
SHAILY,SHAILY ENG PLASTICS LTD,189,1.85
SHAKTIPUMP,SHAKTI PUMPS (I) LTD,147979,667.73
SHALBY,SHALBY LIMITED,99346,111.81
SHALPAINTS,SHALIM PAINTS LTD,2014042,2975.00
SHANKARA,SHANKARA BLDG PRODUCT LTD,307475,2163.93
SHANTIGEAR,SHANTHI GEARS LTD,29689,84.98
SHARDACROP,SHARDA CROPCHEM LTD.,134659,581.73
SHARDAMOTR,SHARDA MOTOR INDS LTD,15081,79.25
SHARE-RE,SHARE IND SEC LTD,300,20.01
SHAREINDIA,SHARE IND. SECURITIES LTD,30377,228.89
SHARIABEES,NIP IND ETF SHARIAH BEES,51,0.20
SHEMAROO,SHEMAROO ENTER. LTD.,209,0.42
SHILPAMED,SHILPA MEDICARE LTD,656011,2055.82
SHIVALIK,SHIVALIK RASAYAN LIMITED,23950,158.11
SHIVAMAUTO,SHIVAM AUTO.LTD,13600,3.96
SHIVATEX,SHIVA TEXYARN LIMITED,962,1.92
SHK,S H KELKAR AND CO. LTD.,256130,323.88
SHOPERSTOP,SHOPPERS STOP LIMITED,20559,107.15
SHREDIGCEM,SHREE DIGVIJAY CEM CO LTD,322889,174.88
SHREECEM,SHREE CEMENT LIMITED,3878,900.82
SHREEPUSHK,SHRE PUSH CHEM & FERT LTD,135456,248.54
SHREYANIND,SHREYANS INDUSTRIES LTD,1657,2.30
SHREYAS,SHREYAS SHIPPING & LOGIST,58690,119.66
SHRIRAMCIT,SHRIRAM CITYUNI FIN.LTD.,28,1.18
SHRIRAMFIN,SHRIRAM FINANCE LIMITED,238784,2882.64
SHRIRAMPPS,SHRIRAM PROPERTIES LTD,388164,269.37
SHYAMCENT,SHYAM CENTURY FERROUS LTD,1676,0.34
SHYAMMETL,SHYAM METALICS AND ENGY L,170804,459.10
SIEMENS,SIEMENS LTD,53353,1516.96
SIGACHI,SIGACHI INDUSTRIES LTD,373069,1128.57
SILVER,BIRLASLAMC - SILVER,2794,1.27
SILVERBEES,NIPPONAMC - NETFSILVER,1012216,627.63
SIMPLEXINF,SIMPLEX INFRASTRUCTURES L,687,0.32
SIRCA,SIRCA PAINT INDIA LIMITED,13767,59.15
SIS,SIS LIMITED,93556,345.87
SIYSIL,SIYARAM SILK MILLS LTD,98632,453.83
SJS,SJS ENTERPRISES LIMITED,106026,429.31
SJVN,SJVN LTD,7907864,2487.78
SKFINDIA,SKF INDIA LTD,18513,637.03
SKIPPER,SKIPPER LIMITED,186475,213.43
SKMEGGPROD,SKM EGG PROD EXPORT(I) LT,1627,2.59
SKYGOLD,SKY GOLD LIMITED,300,0.95
SMARTLINK,SMARTLINK HOLDINGS LTD,3068,4.51
SMCGLOBAL,SMC GLOBAL SECURITIES LTD,73876,61.93
SMLISUZU,SML ISUZU LIMITED,25511,138.47
SMLT,SARTHAK METALS LIMITED,900,1.54
SMSLIFE,SMS LIFESCIENCES (I) LTD,618,1.16
SMSPHARMA,SMS PHARMACEUTICALS LTD.,127590,78.02
SNOWMAN,SNOWMAN LOGISTICS LTD.,1095275,331.46
SOBHA,SOBHA LIMITED,418971,2491.56
SOLARA,SOLARA ACTIVE PHA SCI LTD,99542,507.41
SOLARINDS,SOLAR INDUSTRIES (I) LTD,33125,1129.23
SOMANYCERA,SOMANY CERAMICS LIMITED,31791,125.49
SONACOMS,SONA BLW PRECISION FRGS L,1380909,5905.28
SONATSOFTW,SONATA SOFTWARE LTD,123854,700.40
SOTL,SAVITA OIL TECHNOLO. LTD,29816,75.31
SOUTHBANK,THE SOUTH INDIAN BANK LTD,15314645,1178.34
SOUTHWEST,SOUTH WEST PINNACLE LTD,10,0.01
SPAL,S. P. APPARELS LIMITED,31386,81.75
SPANDANA,SPANDANA SPHOORTY FIN LTD,3424,9.03
SPARC,SUN PHARMA ADV.RES.CO.LTD,529417,1095.46
SPECIALITY,SPECIALITY REST LTD,194645,437.82
SPENCERS,SPENCER S RETAIL LIMITED,263922,148.57
SPIC,SPIC LTD,1024075,620.68
SPICEJET,SPICEJET LIMITED,9219039,3592.02
SPLIL,SPL INDUSTRIES LIMITED,38901,28.62
SPLPETRO,SUPREME PETROCHEM LIMITED,42066,162.97
SPORTKING,SPORTKING INDIA LIMITED,6073,28.09
SREEL,SREELEATHERS LIMITED,41239,76.89
SRF,SRF LTD,397558,8391.22
SRHHYPOLTD,SREE RAYALSEEMA HHP LTD.,35778,51.91
SSWL,STEEL STRIPS WHEELS LTD.,157557,179.72
STAR,STRIDES PHARMA SCI LTD,2122110,6792.86
STARCEMENT,STAR CEMENT LIMITED,345859,332.55
STARHEALTH,STAR HEALTH & AL INS CO L,153954,811.77
STARPAPER,STAR PAPER MILLS LTD,8335,15.06
STCINDIA,THE STATE TRADING CORPN,88275,84.08
STEELCAS,STEELCAST LIMITED,22949,97.81
STEELCITY,STEEL CITY SECURITIES LTD,2630,1.62
STEELXIND,STEEL EXCHANGE INDIA LTD,1306438,199.56
STEL,STEL HOLDINGS LIMITED,13857,22.07
STERTOOLS,STERLING TOOLS LIMITED,66600,178.24
STLTECH,STERLITE TECHNOLOGIES LTD,935516,1409.34
STOVEKRAFT,STOVE KRAFT LIMITED,253645,1248.72
STYLAMIND,STYLAM INDUSTRIES LIMITED,39155,409.11
STYRENIX,STYRENIX PERFORMANCE LTD,41181,340.31
SUBEXLTD,SUBEX LTD,4835441,1509.52
SUBROS,SUBROS LIMITED,44719,130.70
SUDARSCHEM,SUDARSHAN CHEMICAL INDS L,528684,2176.03
SUKHJITS,SUKHJIT STARCH & CHEM LTD,115,0.49
SULA,SULA VINEYARDS LIMITED,92287,281.80
SUMICHEM,SUMITOMO CHEM INDIA LTD,317568,1353.45
SUMMITSEC,SUMMIT SECURITIES LTD,21710,116.72
SUNCLAYLTD,SUNDARAM CLAYTON LIMITED,3301,166.10
SUNDARMFIN,SUNDARAM FINANCE LTD,7908,144.51
SUNDARMHLD,SUNDARAM FINANCE HOLD LTD,90519,60.57
SUNDRMFAST,SUNDRAM FASTENERS LTD,53296,494.98
SUNFLAG,SUNFLAG IRON AND STEEL CO,192366,212.58
SUNPHARMA,SUN PHARMACEUTICAL IND L,242797,2084.01
SUNTECK,SUNTECK REALTY LIMITED,413928,1666.07
SUNTV,SUN TV NETWORK LIMITED,314413,1224.69
SUPERHOUSE,SUPERHOUSE LIMITED,4243,11.10
SUPRAJIT,SUPRAJIT ENGINEERING LTD,145248,472.83
SUPREMEIND,SUPREME INDUSTRIES LTD,10480,196.80
SUPRIYA,SUPRIYA LIFESCIENCE LTD,314693,735.07
SURANASOL,SURANA SOLAR LIMITED,250,0.06
SURYAROSNI,SURYA ROSHNI LTD,245881,1482.08
SURYODAY,SURYODAY SMALL FIN BK LTD,1566125,1517.10
SUTLEJTEX,SUTLEJ TEXT & INDUS LTD,215879,126.92
SUULD,SUUMAYA INDUSTRIES LTD,126,0.55
SUVEN,SUVEN LIFE SCIENCES LTD,447359,278.75
SUVENPHAR,SUVEN PHARMACEUTICALS LTD,136916,505.23
SUZLON,SUZLON ENERGY LIMITED,28031669,2586.24
SVPGLOB,SVP GLOBAL TEXTILES LTD,89826,31.74
SWANENERGY,SWAN ENERGY LIMITED,250655,641.26
SWARAJENG,SWARAJ ENGINES LTD,5898,85.71
SWELECTES,SWELECT ENERGY SYS LTD,1970,5.64
SWSOLAR,STRLNG & WIL REN ENE LTD,533228,1691.58
SYMPHONY,SYMPHONY LIMITED,54528,542.79
SYNCOMF,SYNCOM FORMU (I) LTD,72651,5.21
SYNGENE,SYNGENE INTERNATIONAL LTD,108834,599.00
SYRMA,SYRMA SGS TECHNOLOGY LTD,221937,528.26
TAINWALCHM,TAINWALA CHEMICAL AND PLA,200,0.24
TAJGVK,TAJ GVK HOTELS & RESORTS,208108,295.54
TAKE,TAKE SOLUTIONS LTD,441576,143.33
TALBROAUTO,TALBROS AUTO. COMP. LTD,61752,266.94
TANLA,TANLA PLATFORMS LIMITED,558751,3845.19
TARC,TARC LIMITED,1999657,831.08
TARMAT,TARMAT LIMITED,1256,0.69
TARSONS,TARSONS PRODUCTS LIMITED,60175,399.22
TASTYBITE,TASTY BITE EATABLES LTD,1924,156.97
TATACHEM,TATA CHEMICALS LTD,1386200,12528.99
TATACOFFEE,TATA COFFEE LIMITED,820674,1708.12
TATACOMM,TATA COMMUNICATIONS LTD,377158,4125.36
TATACONSUM,TATA CONSUMER PRODUCT LTD,1267348,8945.42
TATAELXSI,TATA ELXSI LIMITED,301059,19011.42
TATAINVEST,TATA INVESTMENT CORP LTD,51571,1013.19
TATAMETALI,TATA METALIKS LTD,63804,514.77
TATAMOTORS,TATA MOTORS LIMITED,8093805,30362.54
TATAMTRDVR,TATA MOTORS DVR  A  ORD,4342570,8790.90
TATAPOWER,TATA POWER CO LTD,23375617,46062.37
TATASTEEL,TATA STEEL LIMITED,23072785,23596.85
TATASTLLP,TATA STEEL LONG PRO LTD,20757,120.31
TATVA,TATVA CHIN PHARM CHEM LTD,11416,238.99
TBZ,TRIB BHIMJI ZAVERI LTD,21360,16.31
TCI,TRANSPORT CORPN OF INDIA,71649,388.86
TCIEXP,TCI EXPRESS LIMITED,16768,257.83
TCNSBRANDS,TCNS CLOTHING CO. LIMITED,70126,330.89
TCPLPACK,TCPL PACKAGING LIMITED,4022,29.20
TCS,TATA CONSULTANCY SERV LT,851431,26595.14
TDPOWERSYS,TD POWER SYSTEMS LTD.,106471,131.43
TEAMLEASE,TEAMLEASE SERVICES LTD.,12135,285.17
TECH,BIRLASLAMC - TECH,10,0.00
TECHM,TECH MAHINDRA LIMITED,1599574,16769.78
TECHNOE,TECHNO ELEC & ENG CO. LTD,76432,192.57
TEGA,TEGA INDUSTRIES LIMITED,36092,158.50
TEJASNET,TEJAS NETWORKS LIMITED,608711,3163.22
TEMBO,TEMBO GLOBAL IND LTD,110,0.19
TERASOFT,TERA SOFTWARE LIMITED,2,0.00
TEXINFRA,TEXMACO INFRA & HOLDG LTD,56282,26.39
TEXMOPIPES,TEXMO PIPE & PRODUCTS LTD,8918,4.76
TEXRAIL,TEXMACO RAIL & ENG. LTD.,3532895,1677.35
TFCILTD,TOURISM FINANCE CORP. OF,586627,384.31
THANGAMAYL,THANGAMAYIL JEWELLERY LTD,2031,14.42
THEINVEST,THE INVEST TRUST OF IND L,800,0.70
THEMISMED,THEMIS MEDICARE LTD.,3302,20.93
THERMAX,THERMAX LTD,28553,487.25
THOMASCOOK,THOMAS COOK (INDIA) LTD,462910,282.71
THYROCARE,THYROCARE TECH LTD,92241,575.24
TI,TILAKNAGAR INDUSTRIES LTD,161132,186.80
TIDEWATER,TIDE WATER OIL LTD,25174,228.65
TIIL,TECHNOCRAFT IND LTD,13621,103.91
TIINDIA,TUBE INVEST OF INDIA LTD,64282,1605.02
TIL,TIL LTD,150,0.27
TIMETECHNO,TIME TECHNOPLAST LTD.,1832956,1401.45
TIMKEN,TIMKEN INDIA LTD.,74087,1870.10
TINPLATE,THE TINPLATE CO. (I) LTD,203714,617.44
TIPSINDLTD,TIPS INDUSTRIES LIMITED,13595,184.63
TIRUMALCHM,THIRUMALAI CHEMICALS LTD,488870,805.64
TIRUPATIFL,TIRUPATI FORGE LIMITED,98006,15.57
TITAN,TITAN COMPANY LIMITED,459950,10076.29
TMB,TAMILNAD MERCA BANK LTD,23855,89.55
TNIDETF,TATAAML - TNIDETF,18,0.01
TNPETRO,TAMILNADU PETROPRODUCTS L,314597,233.46
TNPL,TAMILNADU NEWSPRT & PAPER,178719,368.59
TOKYOPLAST,TOKYO PLAST INTL LTD,5350,5.75
TORNTPHARM,TORRENT PHARMACEUTICALS L,18658,270.12
TORNTPOWER,TORRENT POWER LTD,137576,664.02
TPLPLASTEH,TPL PLASTECH LIMITED,16596,7.50
TRACXN,TRACXN TECHNOLOGIES LTD,177239,118.81
TREJHARA,TREJHARA SOLUTIONS LTD,30600,22.24
TRENT,TRENT LTD,201091,2322.33
TRF,TRF LIMITED,1725,2.85
TRIDENT,TRIDENT LIMITED,5155920,1466.89
TRIGYN,TRIGYN TECHNOLOGIES LTD,98236,117.50
TRIL,TRANS & RECTI. LTD,751657,321.32
TRITURBINE,TRIVENI TURBINE LIMITED,255670,634.90
TRIVENI,TRIVENI ENGG. & INDS. LTD,761019,1886.22
TRU,TRUCAP FINANCE LIMITED,839369,537.98
TTKHLTCARE,TTK HEALTHCARE LIMITED,5382,42.03
TTKPRESTIG,TTK PRESTIGE LTD,78318,565.92
TTL,T T LIMITED,3055,2.83
TTML,TATA TELESERV(MAHARASTRA),531730,193.99
TV18BRDCST,TV18 BROADCAST LIMITED,21554871,8345.60
TVSELECT,TVS ELECTRONICS LTD,104590,263.77
TVSMOTOR,TVS MOTOR COMPANY  LTD,188015,1886.41
TVSSRICHAK,TVS SRICHAKRA LIMITED,12150,308.56
TVTODAY,TV TODAY NETWORK LTD,323644,847.65
TWL,TITAGARH WAGONS LTD.,746867,1621.69
UBL,UNITED BREWERIES LTD,57553,803.68
UCALFUEL,UCAL FUEL SYSTEMS LTD,4072,5.71
UCOBANK,UCO BANK,12042476,2958.30
UDAICEMENT,UDAIPUR CEMENT WORKS LTD,386507,103.12
UFLEX,UFLEX LIMITED,253851,1131.83
UFO,UFO MOVIEZ INDIA LTD.,76788,78.77
UGARSUGAR,THE UGAR SUGAR WORKS LTD,335951,208.49
UGROCAP,UGRO CAPITAL LIMITED,59613,68.29
UJJIVAN,UJJIVAN FIN. SERVC. LTD.,389037,487.31
UJJIVANSFB,UJJIVAN SMALL FINANC BANK,10447143,2390.10
ULTRACEMCO,ULTRATECH CEMENT LIMITED,74031,4603.45
UMAEXPORTS,UMA EXPORTS LIMITED,810,0.37
UMANGDAIRY,UMANG DAIRIES LIMITED,601,0.35
UNICHEMLAB,UNICHEM LABORATORIES LTD,373864,1096.46
UNIDT,UNITED DRILLING TOOLS LTD,36225,71.68
UNIENTER,UNIPHOS ENTERPRISES LTD,731,1.23
UNIONBANK,UNION BANK OF INDIA,16911688,10780.68
UNIPARTS,UNIPARTS INDIA LIMITED,103064,540.06
UNITEDTEA,UNITED NILGIRI TEA LTD,3,0.01
UNIVASTU,UNIVASTU INDIA LIMITED,6500,6.17
UNIVCABLES,UNIVERSAL CABLES LTD,102795,281.48
UNOMINDA,UNO MINDA LIMITED,302279,1247.32
UPL,UPL LIMITED,521952,3540.34
URJA,URJA GLOBAL LIMITED,177355,14.40
USHAMART,USHA MARTIN LTD.,656087,937.69
UTIAMC,UTI ASSET MNGMT CO LTD,132272,873.10
UTIBANKETF,UTIAMC - UTIBANKETF,392,0.16
UTINEXT50,UTIAMC - UTINEXT50,17625,6.47
UTINIFTETF,UTIAMC - UTINIFTETF,77,0.98
UTISENSETF,UTIAMC - UTISENSETF,6,0.04
UTTAMSUGAR,UTTAM SUGAR MILLS LTD.,194594,413.93
V2RETAIL,V2 RETAIL LIMITED,14105,16.97
VADILALIND,VADILAL INDUSTRIES LTD,8287,198.61
VAIBHAVGBL,VAIBHAV GLOBAL LIMITED,156074,466.74
VAISHALI,VAISHALI PHARMA LIMITED,275563,322.65
VAKRANGEE,VAKRANGEE LIMITED,13679397,4555.25
VALIANTORG,VALIANT ORGANICS LIMITED,106798,584.24
VARDHACRLC,VARDHAMAN ACRYLICS LTD,12451,6.68
VARROC,VARROC ENGINEERING LTD.,326642,935.90
VASCONEQ,VASCON ENGINEERS LTD,925034,230.98
VASWANI,VASWANI IND LTD,201,0.05
VBL,VARUN BEVERAGES LIMITED,1231713,14708.38
VEDL,VEDANTA LIMITED,8500383,22676.84
VENKEYS,VENKY S (INDIA) LIMITED,65757,1230.55
VENUSPIPES,VENUS PIPES & TUBES LTD,392814,2826.60
VENUSREM,VENUS REMEDIES LIMITED,13980,30.35
VERANDA,VERANDA LEARNING SOL LTD,40200,99.73
VERTOZ,VERTOZ ADVERTISING LTD,11743,26.51
VESUVIUS,VESUVIUS INDIA LTD,6948,103.13
VETO,VETO SWITCHGEAR CABLE LTD,121175,127.62
VGUARD,V-GUARD IND LTD.,111622,233.48
VHL,VARDHMAN HOLDINGS LIMITED,577,16.56
VIDHIING,VIDHI SPCLTY F INGRDNTS L,20348,59.05
VIJAYA,VIJAYA DIAGNOSTIC CEN LTD,137475,424.12
VIKASECO,VIKAS ECOTECH LIMITED,149683,4.99
VIKASLIFE,VIKAS LIFECARE LIMITED,5500,0.22
VIMTALABS,VIMTA LABS LIMITED,31149,92.78
VINATIORGA,VINATI ORGANICS LTD,61307,992.09
VINDHYATEL,VINDHYA TELELINKS LTD,29696,395.94
VINYLINDIA,VINYL CHEMICALS (I) LTD.,624,3.38
VIPCLOTHNG,VIP CLOTHING LIMITED,100484,51.18
VIPIND,VIP INDUSTRIES LTD,261144,1466.49
VISAKAIND,VISAKA INDUSTRIES LIMITED,64623,225.51
VISHAL,VISHAL FABRICS LIMITED,99176,25.79
VISHNU,VISHNU CHEMICALS LIMITED,40926,162.46
VISHWARAJ,VISHWARAJ SUGAR IND LTD,462646,97.04
VLSFINANCE,VLS FINANCE LTD,17401,19.89
VMART,VMART RETAIL LTD,22329,586.46
VOLTAMP,VOLTAMP TRANSFORMERS LTD,10069,233.24
VOLTAS,VOLTAS LTD,842135,6838.69
VRLLOG,VRL LOGISTICS LIMITED,88312,438.45
VSSL,VARDHMAN SPC STEEL LTD,64457,172.47
VSTIND,VST INDUSTRIES LTD,6388,172.91
VSTTILLERS,VST TILLERS TRACTORS LTD,7514,146.75
VTL,VARDHMAN TEXTILES LIMITED,282248,816.84
WABAG,VA TECH WABAG LTD,423581,1136.02
WALCHANNAG,WALCHANDNAGAR INDUSTRIES,13887,10.57
WATERBASE,WATERBASE LIMITED,10613,9.37
WEBELSOLAR,WEBSOL ENERGY SYSTEM LTD,15960,17.11
WELCORP,WELSPUN CORP LIMITED,1309020,2722.82
WELENT,WELSPUN ENTERPRISES LTD.,798390,1062.56
WELSPUNIND,WELSPUN INDIA LTD,1807557,1124.42
WENDT,WENDT (INDIA) LIMITED,79,4.02
WESTLIFE,WESTLIFE FOODWORLD LTD,52047,295.07
WHEELS,WHEELS INDIA LTD,10538,49.56
WHIRLPOOL,WHIRLPOOL OF INDIA LTD,101594,1375.30
WINDLAS,WINDLAS BIOTECH LIMITED,4660,11.20
WINDMACHIN,WINDSOR MACHINES LIMITED,30686,13.76
WIPRO,WIPRO LTD,6680299,25620.55
WOCKPHARMA,WOCKHARDT LIMITED,1296414,2969.39
WONDERLA,WONDERLA HOLIDAYS LTD.,128304,476.79
WORTH,WORTH PERIPHERALS LIMITED,7415,8.55
WSTCSTPAPR,WEST COAST PAPER MILLS LT,339731,1328.95
XCHANGING,XCHANGING SOLUTIONS LTD,381933,262.51
XELPMOC,XELPMOC DESIGN & TECH LTD,2702,8.64
XPROINDIA,XPRO INDIA LIMITED,726,2.45
YAARI,YAARI DIGI INT SER LTD,561,0.36
YESBANK,YES BANK LIMITED,108997376,18051.71
YUKEN,YUKEN INDIA LIMITED,30250,131.70
ZEEL,ZEE ENTERTAINMENT ENT LTD,8593700,16855.69
ZEELEARN,ZEE LEARN LIMITED,100230,14.70
ZEEMEDIA,ZEE MEDIA CORPORATION LTD,234181,24.74
ZENSARTECH,ZENSAR TECHNOLOGIES  LTD,1199331,3265.78
ZENTEC,ZEN TECHNOLOGIES LIMITED,398108,724.70
ZFCVINDIA,ZF COM VE CTR SYS IND LTD,2266,184.70
ZODIACLOTH,ZODIAC CLOTHING CO. LTD.,10100,6.65
ZOMATO,ZOMATO LIMITED,24568527,13252.16
ZOTA,ZOTA HEALTH CARE LIMITED,30374,55.85
ZUARI,ZUARI AGRO CHEMICALS LTD,238278,328.52
ZUARIIND,ZUARI INDUSTRIES LIMITED,36368,55.64
ZYDUSLIFE,ZYDUS LIFESCIENCES LTD,331354,1396.59
ZYDUSWELL,ZYDUS WELLNESS LIMITED,24301,336.68
,,,
 * Figures are rounded to the nearest decimal. ,,,
