SEBI REPORT AS ON Reporting date 31-DEC-2021,,,
,,,
,,,
Sr.No.,Particulars,Rs. In Lakhs ,
1,Scripwise Total Outstanding on the beginning of the day,2398239.50,
2,Fresh Exposure taken during the day,123041.68,
3,Exposure liquidated during the day,147595.96,
4,Net scripwise outstanding at the end of the day,2373685.21,
,,,
,,,
Symbol,Name,Qty Fin by all the members(No.of Shares),Amt Fin by all the members(Rs. In Lakhs)
20MICRONS,20 MICRONS LTD,19891,13.03
3IINFOLTD,3I INFOTECH LIMITED,250,0.36
3MINDIA,3M INDIA LIMITED,800,179.22
532323,SHIVA CEMENT LTD.,1000,0.40
5PAISA,5PAISA CAPITAL LIMITED,18883,81.22
63MOONS,63 MOONS TECHNOLOGIES LTD,33205,61.45
AAKASH,AAKASH EXPLORATION SER L,5050,12.61
AAREYDRUGS,AAREY DRUGS & PHARM LTD,150,0.06
AARTIDRUGS,AARTI DRUGS LTD.,333483,1705.78
AARTIIND,AARTI INDUSTRIES LTD,291164,2727.98
AARTISURF,AARTI SURFACTANTS LIMITED,16143,150.04
AARVEEDEN,AARVEE DEN. & EXP. LTD,1,0.00
AARVI,AARVI ENCON LIMITED,5000,3.85
AAVAS,AAVAS FINANCIERS LIMITED,46705,1136.63
ABAN,ABAN OFFSHORE LTD.,8000,3.92
ABB,ABB INDIA LIMITED,42667,819.84
ABBOTINDIA,ABBOTT INDIA LIMITED,9051,1616.60
ABCAPITAL,ADITYA BIRLA CAPITAL LTD.,4441520,4654.84
ABFRL,ADITYA BIRLA FASHION & RT,1234098,2901.86
ABSLAMC,ADIT BIRL SUN LIF AMC LTD,61168,270.91
ACC,ACC LIMITED,77443,1601.31
ACCELYA,ACCELYA SOLN INDIA LTD,54528,450.13
ACCURACY,ACCURACY SHIPPING LIMITED,45900,88.08
ACE,ACTION CONST EQUIP LTD,536681,884.64
ACRYSIL,ACRYSIL LIMITED,22809,148.66
ADANIENT,ADANI ENTERPRISES LIMITED,402581,5228.53
ADANIGREEN,ADANI GREEN ENERGY LTD,179179,2368.40
ADANIPORTS,ADANI PORT & SEZ LTD,2329100,15111.62
ADANIPOWER,ADANI POWER LTD,330660,350.06
ADANITRANS,ADANI TRANSMISSION LTD,3505,14.03
ADFFOODS,ADF FOODS LIMITED,54832,440.45
ADORWELD,ADOR WELDING LTD,4854,16.84
ADSL,ALLIED DIGITAL SERV. LTD,50001,49.37
ADVANIHOTR,ADVANI HOT.& RES.(I) LTD,1025,0.81
ADVENZYMES,ADVANCED ENZYME TECH LTD,413021,1345.21
AEGISCHEM,AEGIS LOGISTICS LIMITED,817930,1833.94
AFFLE,AFFLE (INDIA) LIMITED,36597,379.05
AGARIND,AGARWAL INDS CORP LTD.,20095,73.41
AHLEAST,ASIAN HOTELS (EAST) LTD,1351,2.50
AHLUCONT,AHLUWALIA CONT IND LTD,8753,30.85
AIAENG,AIA ENGINEERING LIMITED,13884,230.23
AJANTPHARM,AJANTA PHARMA LIMITED,32308,605.98
AJMERA,AJMERA REALTY & INF I LTD,1964,5.34
AKSHARCHEM,AKSHARCHEM INDIA LIMITED,6428,30.96
AKSHOPTFBR,AKSH OPTIFIBRE LIMITED,3000,0.21
AKZOINDIA,AKZO NOBEL INDIA LIMITED,10369,198.30
ALANKIT,ALANKIT LIMITED,683796,100.82
ALBERTDAVD,ALBERT DAVID LIMITED,49563,294.13
ALCHEM,ALCHEMIST LTD,3963,0.07
ALEMBICLTD,ALEMBIC LIMITED,241265,207.25
ALICON,ALICON CASTALLOY LIMITED,9731,35.49
ALKALI,ALKALI METALS LTD,5100,4.50
ALKEM,ALKEM LABORATORIES LTD.,16864,567.13
ALKYLAMINE,ALKYL AMINES CHEM. LTD,70850,1653.10
ALLCARGO,ALLCARGO LOGISTICS LTD,1601863,3321.61
ALLSEC,ALLSEC TECHNOLOGIES LTD,3924,21.85
ALOKINDS,ALOK INDUSTRIES LIMITED,25824297,6641.31
ALOKTEXT,ALOK INDUSTRIES LTD,16827,4.52
ALPA,ALPA LABORATORIES LTD,30533,18.94
ALPHAGEO,ALPHAGEO (INDIA) LIMITED,8456,31.75
AMARAJABAT,AMARA RAJA BATTERIES LTD.,1212013,7385.65
AMBER,AMBER ENTERPRISES (I) LTD,41655,1259.58
AMBIKCO,AMBIKA COTTON MILL LTD.,32255,445.14
AMBUJACEM,AMBUJA CEMENTS LTD,660739,2099.16
AMIORG,AMI ORGANICS LIMITED,62739,565.08
AMJLAND,AMJ LAND HOLDINGS LIMITED,500,0.17
AMRUTANJAN,AMRUTAJAN HEALTH LTD,23538,175.07
ANANDRATHI,ANAND RATHI WEALTH LTD,27,0.02
ANANTRAJ,ANANT RAJ LIMITED,32874,20.23
ANDHRAPAP,ANDHRA PAPER LIMITED,18157,43.81
ANDHRSUGAR,ANDHRA SUGARS LTD,133359,620.50
ANDREWYU,ANDREW YULE & CO LTD,94608,24.83
ANGELONE,ANGEL ONE LIMITED,185429,2045.71
ANMOL,ANMOL INDIA LIMITED,7102,7.19
ANSALAPI,ANSAL PROP & INFRA LTD,10100,0.74
ANUP,THE ANUP ENGINEERING LTD,12472,93.52
ANURAS,ANUPAM RASAYAN INDIA LTD,50227,387.60
APARINDS,APAR INDUSTRIES LTD.,87915,624.55
APCL,ANJANI PORTLAND CEM LTD,29531,51.42
APCOTEXIND,APCOTEX INDUSTRIES LIMITE,40011,118.38
APEX,APEX FROZEN FOODS LIMITED,125016,294.66
APLAPOLLO,APL APOLLO TUBES LTD,228277,2306.55
APLLTD,ALEMBIC PHARMA LTD,294021,2193.55
APOLLO,APOLLO MICRO SYSTEMS LTD,39519,55.02
APOLLOHOSP,APOLLO HOSPITALS ENTER. L,142136,6139.62
APOLLOPIPE,APOLLO PIPES LIMITED,20259,116.62
APOLLOTYRE,APOLLO TYRES LTD,1418706,2658.18
APOLSINHOT,APOLLO SINDOORI HOTEL LTD,155,1.41
APTECHT,APTECH LIMITED,195132,519.84
APTUS,APTUS VALUE HSG FIN I LTD,263884,890.38
ARCHIES,ARCHIES LTD,600,0.09
ARCOTECH,ARCOTECH LIMITED,200,0.00
ARIES,ARIES AGRO LTD.,9067,14.11
ARIHANTCAP,ARIHANT CAPITAL MKTS LTD,6324,11.06
ARIHANTSUP,ARIHANT SUPERSTRUCT LTD,4232,6.01
ARMANFIN,ARMAN FIN SERV LTD,2982,18.50
AROGRANITE,ARO GRANITE IND. LTD.,13825,10.19
ARSHIYA,ARSHIYA LIMITED,2000,0.48
ARTEMISMED,ARTEMIS MED SERVICE LTD,780,0.14
ARVIND,ARVIND LIMITED,1201160,1281.71
ARVINDFASN,ARVIND FASHIONS LIMITED,135895,221.56
ARVSMART,ARVIND SMARTSPACES LTD,2510,3.91
ASAHIINDIA,ASAHI INDIA GLASS LIMITED,140734,598.26
ASAHISONG,ASAHI SONGWON COLOR LTD,4184,15.28
ASAL,AUTOMOTIVE STAMPINGS & AS,500,3.13
ASALCBR,ASSO ALCOHOLS & BREW LTD,76177,361.71
ASHAPURMIN,ASHAPURA MINECHEM LTD,77994,75.92
ASHIANA,ASHIANA HOUSING LTD,70783,86.29
ASHIMASYN,ASHIMA LTD,500,0.10
ASHOKA,ASHOKA BUILDCON LTD,1834988,1728.60
ASHOKLEY,ASHOK LEYLAND LTD,5983976,6832.62
ASIANENE,ASIAN ENERGY SERVICES LTD,2000,1.14
ASIANPAINT,ASIAN PAINTS LIMITED,140874,3946.61
ASIANTILES,ASIAN GRANITO IND. LTD.,1053013,1647.35
ASPINWALL,ASPINWALL & CO LTD,150,0.22
ASTEC,ASTEC LIFESCIENCES LTD,11780,119.88
ASTERDM,ASTER DM HEALTHCARE LTD.,869052,1481.32
ASTRAL,ASTRAL LIMITED,79342,1550.76
ASTRAMICRO,ASTRA MICROWAVE LTD,838350,1732.23
ASTRAZEN,ASTRAZENECA PHARMA IND LT,45959,1432.13
ASTRON,ASTRON PAPER BORD MIL LTD,24172,13.81
ATFL,AGRO TECH FOODS LIMITED,3032,25.83
ATGL,ADANI TOTAL GAS LIMITED,3681,28.43
ATUL,ATUL LTD,13147,1044.70
ATULAUTO,ATUL AUTO LIMITED,38123,73.98
AUBANK,AU SMALL FINANCE BANK LTD,302265,3215.57
AURIONPRO,AURIONPRO SOLN LTD,101591,268.35
AUROPHARMA,AUROBINDO PHARMA LTD,2995695,23488.25
AURUM,AURUM PROPTECH LIMITED,17259,20.80
AUTOAXLES,AUTOMOTIVE AXLES LIMITED,17820,222.47
AVADHSUGAR,AVADH SUG & ENERGY LTD,51976,157.34
AVANTIFEED,AVANTI FEEDS LIMITED,234238,1182.04
AVTNPL,AVT NATURAL PRODUCTS LTD,50902,27.99
AWHCL,ANTONY WASTE HDG CELL LTD,193671,520.57
AXISBANK,AXIS BANK LIMITED,3840124,24204.20
AXISBNKETF,AXISAMC - AXISBNKETF,3816,14.08
AXISBPSETF,AXISAMC - AXISBPSETF,1548,0.16
AXISCADES,AXISCADES TECH LTD,8592,6.67
AXISGOLD,AXIS MF - AXIS GOLD ETF,1199,0.36
AXISHCETF,AXISAMC - AXISHCETF,0,0.00
AXISTECETF,AXISAMC - AXISTECETF,1,0.00
AYMSYNTEX,AYM SYNTEX LIMITED,2885,3.03
BAJAJ-AUTO,BAJAJ AUTO LIMITED,387850,12667.40
BAJAJCON,BAJAJ CONSUMER CARE LTD,1490675,2967.10
BAJAJELEC,BAJAJ ELECT.LTD,89908,1000.94
BAJAJFINSV,BAJAJ FINSERV LTD.,101965,14807.26
BAJAJHCARE,BAJAJ HEALTHCARE LIMITED,500,2.99
BAJAJHIND,BAJAJ HINDUSTHAN SUGAR LT,257512,36.52
BAJAJHLDNG,BAJAJ HOLDINGS & INVS LTD,15054,642.66
BAJFINANCE,BAJAJ FINANCE LIMITED,693483,41945.58
BALAJITELE,BALAJI TELEFILMS LIMITED.,454037,234.39
BALAMINES,BALAJI AMINES LIMITED,81139,1763.83
BALKRISIND,BALKRISHNA IND. LTD,89233,1815.54
BALMLAWRIE,BALMER LAWRIE & CO LTD,967940,1219.40
BALPHARMA,BAL PHARMA LTD.,14432,14.65
BALRAMCHIN,BALRAMPUR CHINI MILLS LTD,601991,1660.87
BANARBEADS,BANARAS BEADS LTD,1100,0.92
BANARISUG,BANNARI AMMAN SUGARS LTD,601,13.59
BANCOINDIA,BANCO PRODUCTS (I) LTD,137731,210.42
BANDHANBNK,BANDHAN BANK LIMITED,3076708,7609.92
BANKBARODA,BANK OF BARODA,18390349,14134.91
BANKBEES,NIP IND ETF BANK BEES,222926,663.55
BANKINDIA,BANK OF INDIA,11255143,5683.84
BANSWRAS,BANSWARA SYNTEX LIMITED,500,1.00
BARBEQUE,BARBEQUE NATION HOSP. LTD,20056,243.35
BASF,BASF INDIA LTD,86945,2606.48
BATAINDIA,BATA INDIA LTD,91633,1544.73
BAYERCROP,BAYER CROPSCIENCE LTD,18136,847.19
BBL,BHARAT BIJLEE LTD,23880,397.18
BBTC,BOMBAY BURMAH TRADING COR,140541,1531.44
BCG,BRIGHTCOM GROUP LIMITED,9869,6.31
BCLIND,BCL INDUSTRIES LIMITED,13793,41.09
BDL,BHARAT DYNAMICS LIMITED,128331,431.02
BECTORFOOD,MRS BECTORS FOOD SPE LTD,195338,693.73
BEL,BHARAT ELECTRONICS LTD,1751447,3117.71
BEML,BEML LIMITED,175345,2488.60
BEPL,BHANSALI ENG. POLYMERS LT,780689,1162.21
BERGEPAINT,BERGER PAINTS (I) LTD,309698,2078.54
BESTAGRO,BEST AGROLIFE LIMITED,49845,610.93
BFINVEST,BF INVESTMENT LIMITED,27538,86.65
BFUTILITIE,BF UTILITIES LIMITED,272165,991.98
BGRENERGY,BGR ENERGY SYSTEMS LTD,60044,43.88
BHAGCHEM,BHAGIRADHA CHEM & INDS L,257,2.06
BHAGERIA,BHAGERIA INDUSTRIES LTD,40070,73.46
BHAGYANGR,BHAGYANAGAR INDIA LIMITED,2000,1.01
BHARATFORG,BHARAT FORGE LTD,416404,2648.02
BHARATGEAR,BHARAT GEARS LTD.,4978,7.60
BHARATRAS,BHARAT RASAYAN LTD,2509,195.06
BHARTIARTL,BHARTI AIRTEL LIMITED,2164498,13263.05
BHEL,BHEL,35064174,20363.54
BIGBLOC,BIGBLOC CONSTRUCTION LTD,1780,0.93
BIL,BHARTIYA INTERNATIONAL,500,1.76
BINDALAGRO,OSWAL CHEM. & FERT. LTD.,22545,6.54
BIOCON,BIOCON LIMITED.,1213543,4059.72
BIOFILCHEM,BIOFIL CHEM & PHARMA LTD,505,0.31
BIRLACABLE,BIRLA CABLE LIMITED,3250,3.22
BIRLACORPN,BIRLA CORPORATION LTD,72985,854.36
BIRLAMONEY,ADITYA BIRLA MONEY LTD,26877,17.20
BIRLATYRE,BIRLA TYRES LIMITED,156681,36.86
BLISSGVS,BLISS GVS PHARMA LTD,839677,868.17
BLKASHYAP,B.L.KASHYAP & SON LTD,41050,12.18
BLS,BLS INTL SERVS LTD,9362,22.18
BLUEDART,BLUE DART EXPRESS LTD,23962,1346.83
BLUESTARCO,BLUE STAR LIMITED,14359,121.08
BODALCHEM,BODAL CHEMICALS LTD,641063,519.70
BOMDYEING,BOMBAY DYEING & MFG. CO L,2486625,2398.59
BOROLTD,BOROSIL LIMITED,143400,504.41
BORORENEW,BOROSIL RENEWABLES LTD,161091,763.23
BOSCHLTD,BOSCH LIMITED,18196,2798.60
BPCL,BHARAT PETROLEUM CORP  LT,6527904,24450.77
BRIGADE,BRIGADE ENTER. LTD,166586,648.64
BRITANNIA,BRITANNIA INDUSTRIES LTD,104983,3525.62
BRNL,BHARAT ROAD NETWORK LTD,5240,1.63
BSE,BSE LIMITED,701847,11058.67
BSLGOLDETF,ADITYBIRLA SL GOLD ETF-GR,141,0.06
BSLNIFTY,ADITYBIRLA SL NIF ETF-GR,211,0.04
BSOFT,BIRLASOFT LIMITED,898539,3829.23
BURGERKING,BURGER KING INDIA LIMITED,1765519,2341.35
BURNPUR,BURNPUR CEMENT LTD.,9000,0.42
BUTTERFLY,BTRFLY GANDHI APPL LTD,433,3.27
BYKE,THE BYKE HOSPITALITY LTD,1250,0.14
CADILAHC,CADILA HEALTHCARE LIMITED,2634458,12235.41
CAMLINFINE,CAMLIN FINE SCIENCES LTD,348164,456.95
CAMS,COMPUTER AGE MNGT SER LTD,213123,4488.83
CANBK,CANARA BANK,7183623,12087.23
CANFINHOME,CAN FIN HOMES LTD,496983,2646.95
CANTABIL,CANTABIL RETAIL LTD,1108,7.45
CAPACITE,CAPACITE INFRAPROJECT LTD,323232,470.76
CAPLIPOINT,CAPLIN POINT LAB LTD.,220629,1483.66
CAPTRUST,CAPITAL TRUST LIMITED,948,1.09
CARBORUNIV,CARBORUNDUM UNIVERSAL LTD,54270,374.21
CAREERP,CAREER POINT LIMITED,8305,11.80
CARERATING,CARE RATINGS LIMITED,208861,1233.22
CARTRADE,CARTRADE TECH LIMITED,78477,681.73
CASTROLIND,CASTROL INDIA LIMITED,902421,1086.37
CCL,CCL PRODUCTS (I) LTD,442255,1629.35
CDSL,CENTRAL DEPO SER (I) LTD,162243,1608.95
CEATLTD,CEAT LIMITED,246821,2752.86
CENTENKA,CENTURY ENKA LTD,31887,93.97
CENTEXT,CENTURY EXTRUSIONS LTD,22070,2.86
CENTRALBK,CENTRAL BANK OF INDIA,7558046,1448.30
CENTRUM,CENTRUM CAPITAL LIMITED,140890,58.77
CENTUM,CENTUM ELECTRONICS LTD,17746,78.96
CENTURYPLY,CENTURY PLYBOARDS (I) LTD,64121,316.14
CENTURYTEX,CENTURY TEXTILES LTD,229313,1830.94
CERA,CERA SANITARYWARE LTD,10637,483.97
CEREBRAINT,CEREBRA INT TECH LTD,473489,341.28
CESC,CESC LTD,2961367,2382.05
CGCL,CAPRI GLOBAL CAPITAL LTD,1970,9.53
CGPOWER,CG POWER AND IND SOL LTD,1305,0.87
CHALET,CHALET HOTELS LIMITED,147317,287.27
CHAMBLFERT,CHAMBAL FERTILIZERS LTD,218452,710.77
CHEMBOND,CHEMBOND CHEMICALS LTD,3873,9.77
CHEMCON,CHEMCON SPECIAL CHEM LTD,212038,711.17
CHEMFAB,CHEMFAB ALKALIS LIMITED,5741,10.33
CHEMPLASTS,CHEMPLAST SANMAR LIMITED,105066,611.47
CHENNPETRO,CHENNAI PETROLEUM CORP LT,493462,451.85
CHOLAFIN,CHOLAMANDALAM IN & FIN CO,421326,1938.01
CHOLAHLDNG,CHOLAMANDALAM FIN HOL LTD,33600,191.34
CIGNITITEC,CIGNITI TECHNOLOGIES LTD,131633,666.58
CINELINE,CINELINE INDIA LIMITED,711,0.69
CIPLA,CIPLA LTD,475689,3734.68
CLEAN,CLEAN SCIENCE & TECH LTD,176424,3408.78
CLNINDIA,CLARIANT CHEMICALS (INDIA,59972,262.76
CLSEL,CHAMAN LAL SETIA EXP LTD,89354,80.79
CMICABLES,CMI LIMITED,1500,0.61
COALINDIA,COAL INDIA LTD,9687956,13666.27
COCHINSHIP,COCHIN SHIPYARD LIMITED,535206,1819.34
COFFEEDAY,COFFEE DAY ENTERPRISE LTD,451437,155.83
COFORGE,COFORGE LIMITED,55749,2586.56
COLPAL,COLGATE PALMOLIVE LTD.,327004,4369.67
COMPINFO,COMPUAGE INFOCOM LTD,264862,55.78
CONCOR,CONTAINER CORP OF IND LTD,700039,3735.47
CONFIPET,CONFIDENCE PETRO IND LTD.,597165,459.84
CONTROLPR,CONTROL PRINT LIMITED,3439,8.65
CORALFINAC,CORAL INDIA FIN & HOUS LT,2300,0.75
CORDSCABLE,CORDS CABLE INDUS LTD.,15116,8.69
COROMANDEL,COROMANDEL INTERNTL. LTD,195265,1373.03
COSMOFILMS,COSMO FILMS LTD,89400,925.84
CPSEETF,CPSE ETF,174346,40.73
CRAFTSMAN,CRAFTSMAN AUTOMATION LTD,28138,593.24
CREDITACC,CREDITACCESS GRAMEEN LTD,78607,444.52
CREST,CREST VENTURES LIMITED,960,0.81
CRISIL,CRISIL LTD,14758,412.79
CROMPTON,CROMPT GREA CON ELEC LTD,219355,884.02
CSBBANK,CSB BANK LIMITED,763065,2385.65
CUB,CITY UNION BANK LTD,1671149,2293.22
CUMMINSIND,CUMMINS INDIA LTD,115057,928.24
CUPID,CUPID LIMITED,25875,48.20
CYBERTECH,CYBERTECH SYSTEMS & SOFTW,40608,80.42
CYIENT,CYIENT LIMITED,193176,1603.15
DAAWAT,LT FOODS LIMITED,2368045,1302.33
DABUR,DABUR INDIA LTD,567250,3087.76
DALBHARAT,DALMIA BHARAT LIMITED,140002,2721.67
DALMIASUG,DALMIA BHARAT SUG IN LTD,64636,166.75
DAMODARIND,DAMODAR INDUSTRIES LTD,1000,0.20
DATAMATICS,DATAMATICS GLOBAL SER LTD,94085,209.96
DBCORP,D.B.CORP LTD,411634,287.05
DBL,DILIP BUILDCON LIMITED,482313,2472.18
DBREALTY,D B REALTY LIMITED,402,0.12
DCAL,DISHMAN CARBO AMCIS LTD,808739,1400.53
DCBBANK,DCB BANK LIMITED,2339784,1912.18
DCMSHRIRAM,DCM SHRIRAM LIMITED,38993,337.79
DCW,DCW LTD,93377,41.51
DECCANCE,DECCAN CEMENTS LIMITED,23649,105.16
DEEPAKFERT,DEEPAK FERTILIZERS & PETR,71959,191.56
DEEPAKNTR,DEEPAK NITRITE LTD,544214,10995.75
DEEPENR,DEEP ENE RESOURCES LTD,500,0.28
DEEPINDS,DEEP INDUSTRIES LIMITED,2138,3.32
DELPHIFX,DELPHI WORLD MONEY LTD,7618,55.28
DELTACORP,DELTA CORP LIMITED,3105002,6512.20
DEN,DEN NETWORKS LTD,1445711,536.67
DENORA,DE NORA INDIA LIMITED,1778,8.89
DEVYANI,DEVYANI INTERNATIONAL LTD,1530551,2195.92
DFMFOODS,DFM FOODS LIMITED,133778,303.02
DHAMPURSUG,DHAMPUR SUGAR MILLS LTD.,425998,1055.63
DHANBANK,DHANLAXMI BANK LIMITED,252042,36.96
DHANI,DHANI SERVICES LIMITED,1671252,2849.53
DHANUKA,DHANUKA AGRITECH LTD,75931,556.37
DHFL,DEWAN HOUSING FIN CORP LT,29016,6.10
DHUNINV,DHUNSERI INVESTMENTS LTD,4,0.02
DIAMONDYD,PRATAAP SNACKS LIMITED,7539,47.39
DICIND,DIC INDIA LIMITED,611,2.96
DISHTV,DISH TV INDIA LTD.,129662,22.46
DIVISLAB,DIVI'S LABORATORIES LTD,174334,7108.20
DIXON,DIXON TECHNO (INDIA) LTD,183653,8644.56
DLF,DLF LIMITED,1833724,5510.88
DLINKINDIA,D-LINK INDIA LTD,234204,356.46
DMART,AVENUE SUPERMARTS LIMITED,313437,13253.42
DODLA,DODLA DAIRY LIMITED,20862,104.96
DOLATALGO,DOLAT ALGOTECH LIMITED,560573,516.73
DOLLAR,DOLLAR INDUSTRIES LIMITED,47542,148.18
DONEAR,DONEAR IND. LIMITED,2500,1.74
DPABHUSHAN,D. P. ABHUSHAN LIMITED,0,0.00
DPSCLTD,DPSC LIMITED,11500,2.53
DREDGECORP,DREDGING CORP OF INDIA,123328,365.01
DRREDDY,DR. REDDY'S LABORATORIES,209262,9451.40
DSSL,DYNACONS SYS & SOLN LTD,5810,8.27
DTIL,DHUNSERI TEA & IND. LTD.,2200,5.93
DVL,DHUNSERI VENTURES LIMITED,26176,47.18
DWARKESH,DWARIKESH SUGAR IND LTD,767387,382.73
DYNAMATECH,DYNAMATIC TECHNOLOGIES,507,12.25
DYNPRO,DYNEMIC PRODUCTS LIMITED,20474,95.42
EASEMYTRIP,EASY TRIP PLANNERS LTD,49777,277.76
EBBETF0430,EDELAMC - EBBETF0430,774,9.17
EBBETF0431,EDELAMC - EBBETF0431,1744,18.61
ECLERX,ECLERX SERVICES LTD,7247,110.60
EDELWEISS,EDELWEISS FIN SERV LTD,830080,600.07
EICHERMOT,EICHER MOTORS LTD,210872,5019.12
EIDPARRY,EID PARRY INDIA LTD,224980,913.97
EIHAHOTELS,EIH ASSOCIATED HOTELS LTD,1904,6.21
EIHOTEL,EIH LIMITED,393811,475.96
EIMCOELECO,EIMCO ELECON (INDIA) LTD,734,2.98
EKC,EVEREST KANTO CYLINDERLTD,35675,30.29
ELECON,ELECON ENG. CO. LTD,288967,393.65
ELECTCAST,ELECTROSTEEL CASTINGS LTD,551371,129.09
ELECTHERM,ELECTROTHERM (I) LTD.,18580,24.68
ELGIEQUIP,ELGI EQUIPMENTS LTD,191924,488.08
ELGIRUBCO,ELGI RUBBER CO. LTD,5000,2.14
EMAMILTD,EMAMI LIMITED,101276,494.27
EMAMIPAP,EMAMI PAPER MILLS LIMITED,32932,31.41
EMAMIREAL,EMAMI REALTY LIMITED,21091,17.32
EMKAY,EMKAY GLOBAL FIN SERV LTD,6504,7.32
EMMBI,EMMBI INDUSTRIES LIMITED,11644,12.16
ENDURANCE,ENDURANCE TECHNO. LTD.,28806,385.26
ENERGYDEV,ENERGY DEVE. CO.LTD,100,0.05
ENGINERSIN,ENGINEERS INDIA LTD,4737482,3234.09
ENIL,ENTERTAIN NET. IND. LTD.,31093,44.03
EPL,EPL LIMITED,286695,532.06
EQUITAS,EQUITAS HOLDINGS LIMITED,686557,733.78
EQUITASBNK,EQUITAS SMALL FIN BNK LTD,806457,457.75
ERIS,ERIS LIFESCIENCES LIMITED,42859,277.67
EROSMEDIA,EROS INTL MEDIA LTD,194479,39.53
ESABINDIA,ESAB INDIA LTD,5084,107.99
ESCORTS,ESCORTS INDIA LTD,369029,6244.43
ESTER,ESTER INDUSTRIES LTD,60442,55.36
EVEREADY,EVEREADY INDS. IND.  LTD.,612963,1707.88
EVERESTIND,EVEREST INDUSTRIES LTD,16074,63.82
EXCELINDUS,EXCEL INDUSTRIES LTD,37096,323.43
EXIDEIND,EXIDE INDUSTRIES LTD,3583205,5781.69
EXPLEOSOL,EXPLEO SOLUTIONS LIMITED,10758,149.62
EXXARO,EXXARO TILES LIMITED,89743,117.84
FACT,FACT LTD,327328,353.70
FAIRCHEMOR,FAIRCHEM ORGANICS LIMITED,6554,99.62
FCL,FINEOTEX CHEMICAL LIMITED,476114,548.97
FCONSUMER,FUTURE CONSUMER LIMITED,2033366,157.50
FCSSOFT,FCS SOFTWARE SOLN. LTD.,3500,0.12
FDC,FDC LIMITED,239136,655.06
FEDERALBNK,FEDERAL BANK LTD,17277476,14001.08
FEL,FUTURE ENTERPRISES LTD,34100,3.25
FIEMIND,FIEM INDUSTRIES LIMITED,29527,273.88
FILATEX,FILATEX INDIA LTD,391128,276.42
FINCABLES,FINOLEX CABLES LTD,203476,1038.66
FINEORG,FINE ORGANIC IND. LTD.,28002,909.86
FINOPB,FINO PAYMENTS BANK LTD,27631,90.48
FINPIPE,FINOLEX INDUSTRIES LTD,809894,1396.87
FLFL,FUT LIFESTYLE FASH LTD,8275,4.41
FLUOROCHEM,GUJARAT FLUOROCHEM LTD,52927,516.40
FMGOETZE,FEDERAL-MOGUL GOETZE (IND,99539,192.35
FORCEMOT,FORCE MOTORS LIMITED,67595,868.38
FORTIS,FORTIS HEALTHCARE LTD,2354172,5372.60
FOSECOIND,FOSECO INDIA LTD,1631,23.27
FRETAIL,FUTURE RETAIL LIMITED,917400,520.11
FSC,FUTURE SUPP CHAIN SOL LTD,2753,1.99
FSL,FIRSTSOURCE SOLU. LTD.,3479182,5128.61
GABRIEL,GABRIEL INDIA LTD,537670,600.84
GAEL,GUJARAT AMBUJA EXPORTS LT,209600,275.53
GAIL,GAIL (INDIA) LTD,7569561,9351.16
GALAXYSURF,GALAXY SURFACTANTS LTD,23024,578.85
GALLANTT,GALLANTT METAL LIMITED,8214,6.26
GALLISPAT,GALLANTT ISPAT LTD,30137,18.97
GANDHITUBE,GANDHI SPL. TUBES LTD,3740,12.36
GANECOS,GANESHA ECOSPHERE LIMITED,40763,168.55
GANESHBE,GANESH BENZOPLAST LIMITED,35379,22.70
GANGAFORGE,GANGA FORGING LIMITED,2000,0.36
GARFIBRES,GARWARE TECH FIBRES LTD,18960,396.07
GATI,GATI LIMITED,329439,495.97
GAYAPROJ,GAYATRI PROJECTS LTD,285612,109.12
GBGLOBAL,GB GLOBAL LIMITED,20,0.00
GDL,GATEWAY DISTRIPARKS LTD.,47177,90.48
GEECEE,GEECEE VENTURES LIMITED,2421,3.83
GEEKAYWIRE,GEEKAY WIRES LIMITED,6,0.00
GENUSPAPER,GENUS P&B LIMITED,24155,2.45
GENUSPOWER,GENUS POWER INFRASTRU LTD,654800,422.22
GEOJITFSL,GEOJIT FINANCIAL SER L,482741,262.61
GEPIL,GE POWER INDIA LIMITED,193700,517.63
GESHIP,THE GE SHPG.LTD,421212,1316.24
GET&D,GE T&D INDIA LIMITED,129639,145.68
GFLLIMITED,GFL LIMITED,71248,43.17
GHCL,GHCL LIMITED,549192,1900.13
GICHSGFIN,GIC HOUSING FINANCE LTD,391732,502.05
GICRE,GENERAL INS CORP OF INDIA,805209,1075.01
GILLETTE,GILLETTE INDIA LTD,8017,409.04
GINNIFILA,GINNI FILAMENTS LTD,26170,9.32
GIPCL,GUJ IND POW CO. LTD,414372,327.18
GKWLIMITED,GKW LIMITED,754,5.77
GLAND,GLAND PHARMA LIMITED,72829,2551.03
GLAXO,GLAXOSMITHKLINE PHARMA LT,27417,443.53
GLENMARK,GLENMARK PHARMACEUTICALS,831108,4316.06
GLOBE,GLOBE TEXTILES (I) LTD.,1000,0.15
GLOBUSSPR,GLOBUS SPIRITS LTD,77053,733.85
GLS,GLENMARK LIFE SCIENCE LTD,52046,270.52
GMBREW,G M BREWERIES LTD,48633,277.19
GMDCLTD,GUJARAT MINERAL DEV CORP,1050137,655.96
GMMPFAUDLR,GMM PFAUDLER LIMITED,54017,2177.62
GMRINFRA,GMR INFRASTRUCTURE LTD.,11099009,3619.85
GNA,GNA AXLES LIMITED,46850,199.46
GNFC,GUJ NAR VAL FER & CHEM L,855977,2985.73
GOACARBON,GOA CARBON LIMITED,11412,42.91
GOCLCORP,GOCL CORPORATION LIMITED,54852,155.07
GOCOLORS,GO FASHION INDIA LTD,1,0.01
GODFRYPHLP,GODFREY PHILLIPS INDIA LT,20948,190.07
GODREJAGRO,GODREJ AGROVET LIMITED,201441,997.21
GODREJCP,GODREJ CONSUMER PRODUCTS,255396,2235.10
GODREJIND,GODREJ INDUSTRIES LTD,136249,769.04
GODREJPROP,GODREJ PROPERTIES LTD,433133,7633.76
GOKEX,GOKALDAS EXPORTS LTD.,71118,70.68
GOKUL,GOKUL REFOILS & SOLV LTD,47504,20.34
GOKULAGRO,GOKUL AGRO RESOURCES LTD,37848,21.30
GOLDBEES,NIP IND ETF GOLD BEES,419755,126.53
GOLDIAM,GOLDIAM INTERNATIONAL LTD,50185,345.69
GOLDSHARE,UTI GOLD ETF,12402,3.58
GOODLUCK,GOODLUCK INDIA LIMITED,87616,267.48
GOODYEAR,GOODYEAR INDIA LIMITED,40758,352.16
GPIL,GODAWARI POW & ISP LTD,50358,133.37
GPPL,GUJARAT PIPAVAV PORT LTD,845680,806.02
GPTINFRA,GPT INFRAPROJECTS LTD,2630,2.22
GRANULES,GRANULES INDIA LIMITED,1690101,5075.26
GRAPHITE,GRAPHITE INDIA LTD,978604,4293.52
GRASIM,GRASIM INDUSTRIES LTD,309056,4943.46
GRAUWEIL,GRAUER & WEIL IND LTD,101253,49.08
GRAVITA,GRAVITA INDIA LIMITED,138529,260.44
GREAVESCOT,GREAVES COTTON LTD.,2571230,3325.21
GREENLAM,GREENLAM INDUSTRIES LTD.,6900,89.20
GREENPANEL,GREENPANEL INDUSTRIES LTD,34720,111.52
GREENPLY,GREENPLY INDUSTRIES LTD,357347,690.33
GRINDWELL,GRINDWELL NORTON LIMITED,11542,140.69
GRINFRA,G R INFRAPROJECTS LIMITED,54639,933.76
GRPLTD,GRP LIMITED,124,1.20
GRSE,GARDEN REACH SHIP&ENG LTD,285555,601.30
GSCLCEMENT,GUJARAT SIDHEE CEM. LTD.,49508,24.60
GSFC,GUJ STATE FERT & CHEM LTD,2199323,2330.36
GSPL,GUJARAT STATE PETRO LTD,462329,1253.32
GSS,GSS INFOTECH LIMITED,133644,172.78
GTL,GTL LTD,13000,1.96
GTLINFRA,GTL INFRA.LTD,3000,0.05
GTPL,GTPL HATHWAY LIMITED,41568,81.32
GUFICBIO,GUFIC BIOSCIENCES LTD.,181887,323.40
GUJALKALI,GUJARAT ALKALIES & CHEM,265665,1585.85
GUJAPOLLO,GUJ. APOLLO IND. LTD.,200,0.49
GUJGASLTD,GUJARAT GAS LIMITED,440038,2585.61
GULFOILLUB,GULF OIL LUB. IND. LTD.,115037,494.94
GULFPETRO,GP PETROLEUMS LIMITED,42125,22.73
GULPOLY,GULSHAN POLYOLS LIMITED,3003,5.85
GVKPIL,GVK POW. & INFRA LTD.,10362,0.33
HAL,HINDUSTAN AERONAUTICS LTD,269163,3112.11
HAPPSTMNDS,HAPPIEST MINDS TECHNO LTD,65848,800.17
HARRMALAYA,HARRISON MALAYALAM LTD,15140,27.73
HATHWAY,HATHWAY CABLE & DATACOM,4903454,1042.05
HATSUN,HATSUN AGRO PRODUCT LTD.,14580,156.10
HAVELLS,HAVELLS INDIA LIMITED,186850,2302.51
HBANKETF,HDFCAMC - HBANKETF,6009,22.80
HBLPOWER,HBL POWER SYSTEMS LTD.,577486,349.44
HCC,HINDUSTAN CONSTRUCTION CO,4122943,520.78
HCG,HEALTHCARE GLOB. ENT. LTD,109454,203.64
HCL-INSYS,HCL INFOSYSTEMS LTD,10200,1.90
HCLTECH,HCL TECHNOLOGIES LTD,1059075,11360.38
HDFC,HDFC LTD,560384,13355.79
HDFCAMC,HDFC AMC LIMITED,448152,11068.54
HDFCBANK,HDFC BANK LTD,1787228,23475.95
HDFCLIFE,HDFC LIFE INS CO LTD,1205887,7416.33
HDFCMFGETF,HDFC GOLD ETF,20386,6.04
HDFCNIFETF,HDFCAMC - HDFCNIFETF,608,0.96
HDFCSENETF,HDFCAMC - HDFCSENETF,1,0.01
HDIL,HOUSING DEV & INFRA LTD,10300,0.77
HEALTHY,BIRLASLAMC - HEALTHY,200,0.02
HEG,HEG LTD,124625,1740.50
HEIDELBERG,HEIDELBERGCEMENT (I) LTD,179480,395.10
HEMIPROP,HEMISPHERE PROP IND LTD,1124789,1513.52
HERANBA,HERANBA INDUSTRIES LTD,232684,1371.73
HERCULES,HERCULES HOI. LTD.,19184,28.10
HERITGFOOD,HERITAGE FOODS LTD,309787,1431.39
HEROMOTOCO,HERO MOTOCORP LIMITED,610276,15010.37
HESTERBIO,HESTER BIOSCIENCES LTD,14695,274.12
HFCL,HFCL LIMITED,5128477,3863.83
HGINFRA,H.G.INFRA ENGINEERING LTD,75133,258.83
HGS,HINDUJA GLOBAL SOLS. LTD.,5011,128.31
HIKAL,HIKAL LIMITED,139943,572.82
HIL,HIL LIMITED,18488,508.93
HIMATSEIDE,HIMATSINGKA SEIDE LTD,130632,212.11
HINDALCO,HINDALCO  INDUSTRIES  LTD,1667575,6307.78
HINDCOMPOS,HINDUSTAN COMPOSITES LTD.,4308,14.57
HINDCOPPER,HINDUSTAN COPPER LTD,7084294,8328.39
HINDOILEXP,HINDUSTAN OIL EXPLORATION,365386,582.90
HINDPETRO,HINDUSTAN PETROLEUM CORP,964671,2521.23
HINDUNILVR,HINDUSTAN UNILEVER LTD.,665603,14261.73
HINDZINC,HINDUSTAN ZINC LIMITED,829379,2448.15
HIRECT,HIND RECTIFIER LIMITED,1276,3.00
HISARMETAL,HISAR METAL IND. LIMITED,12943,17.29
HITECH,HI-TECH PIPES LIMITED,5262,30.21
HITECHCORP,HITECH CORPORATION LTD,1050,3.52
HITECHGEAR,THE HI-TECH GEARS LIMITED,1913,4.46
HLEGLAS,HLE GLASCOAT LIMITED,4279,172.65
HLVLTD,HLV LIMITED,51150,6.58
HMVL,HINDUSTAN MEDIA VENT LTD,36663,27.40
HNDFDS,HINDUSTAN FOODS LIMITED,603,5.02
HOMEFIRST,HOME FIRST FIN CO IND LTD,54298,370.78
HONAUT,HONEYWELL AUTOMATION IND,2365,827.29
HONDAPOWER,HONDA I POWER PRODUCT LTD,7132,72.82
HPL,HPL ELECTRIC & POWER LTD,32177,23.34
HSCL,HIMADRI SPECIALITY CHEM L,4290122,1871.29
HSIL,HSIL LIMITED,113886,196.96
HTMEDIA,HT MEDIA LIMITED,573654,53.84
HUDCO,HSG & URBAN DEV CORPN LTD,4332807,1669.93
HUHTAMAKI,HUHTAMAKI INDIA LIMITED,68074,116.28
IBREALEST,INDIABULLS REAL EST. LTD,10472865,16210.21
IBULHSGFIN,INDIABULLS HSG FIN LTD,9724761,21187.19
ICEMAKE,ICE MAKE REFRIGERAT LTD,500,0.32
ICICIALPLV,ICICIPRAMC - ICICIALPLV,1357,1.12
ICICIB22,ICICIPRAMC - BHARATIWIN,7184,2.56
ICICIBANK,ICICI BANK LTD.,2937779,21711.12
ICICIBANKN,ICICIPRAMC - IPRU5008,3282,8.42
ICICIBANKP,ICICIPRAMC - ICICIBANKP,5292,5.98
ICICIGI,ICICI LOMBARD GIC LIMITED,150299,1950.55
ICICIGOLD,ICICI PRUDENTIAL GOLD ETF,28067,10.17
ICICILIQ,ICICIPRAMC - ICICILIQ,200,2.00
ICICILOVOL,ICICI PR NIF LW VL 30 ETF,1003,0.97
ICICIM150,ICICIPRAMC - ICICIM150,4439,4.60
ICICIMCAP,ICICI PRUD MIDCAP SEL ETF,13,0.01
ICICINF100,ICICI PRUD NIFTY 100 ETF,0,0.00
ICICINIFTY,ICICI PRUD NIFTY ETF,76574,106.21
ICICINV20,ICICI PRUDENTIAL NV20 ETF,1152,0.74
ICICINXT50,ICICIPRAMC - ICICINXT50,92799,39.40
ICICIPHARM,ICICIPRAMC - ICICIPHARM,5664,3.55
ICICIPRULI,ICICI PRU LIFE INS CO LTD,366505,1828.09
ICICITECH,ICICIPRAMC - ICICITECH,788,2.01
ICIL,INDO COUNT INDUSTRIES LTD,375501,758.43
ICRA,ICRA LIMITED,3692,114.99
IDBI,IDBI BANK LIMITED,17605723,7761.54
IDEA,VODAFONE IDEA LIMITED,300200983,36438.98
IDFC,IDFC LIMITED,6808923,2987.58
IDFCFIRSTB,IDFC FIRST BANK LIMITED,31710008,14336.32
IEX,INDIAN ENERGY EXC LTD,7213992,20135.69
IFBAGRO,IFB AGRO INDUSTRIES LTD,21560,110.61
IFBIND,IFB INDUSTRIES LTD,27620,269.47
IFCI,IFCI LTD,4654372,724.87
IFGLEXPOR,IFGL REFRACTORIES LIMITED,15007,37.09
IGARASHI,IGARASHI MOTORS INDIA LTD,85139,374.76
IGL,INDRAPRASTHA GAS LTD,1402350,6403.47
IGPL,I G PETROCHEMICALS LTD,90644,561.10
IIFL,IIFL FINANCE LIMITED,359855,702.87
IIFLSEC,IIFL SECURITIES LIMITED,454824,395.38
IIFLWAM,IIFL WEALTH MGMT LTD,23614,309.87
IMAGICAA,IMAGICAAWORLD ENT LTD,500,0.05
IMFA,INDIAN METALS & FERRO,3128,25.78
IMPAL,IND MOTOR PART & ACC LTD,1497,10.05
INDBANK,INDBANK MERCH BANK,12185,2.90
INDHOTEL,THE INDIAN HOTELS CO. LTD,2796534,4603.05
INDIACEM,THE INDIA CEMENTS LIMITED,1751031,3102.38
INDIAGLYCO,INDIA GLYCOLS LTD,117342,729.84
INDIAMART,INDIAMART INTERMESH LTD,103229,6598.70
INDIANB,INDIAN BANK,5263833,6801.26
INDIANHUME,INDIAN HUME PIPE CO. LTD.,77296,135.46
INDIGO,INTERGLOBE AVIATION LTD,126278,2290.72
INDIGOPNTS,INDIGO PAINTS LIMITED,41936,837.80
INDNIPPON,INDIA NIPPON ELECT  LTD,12717,44.05
INDOCO,INDOCO REMEDIES LTD.,164217,605.79
INDORAMA,INDO RAMA SYNTHETICS LTD,10466,6.16
INDOSTAR,INDOSTAR CAPITAL FIN LTD,120881,314.46
INDRAMEDCO,INDRAPRASTHA MEDICAL CORP,310517,207.72
INDSWFTLAB,IND SWIFT LABORATORIES LT,18683,14.05
INDTERRAIN,IND TERRAIN FASHIONS LTD,44198,26.26
INDUSINDBK,INDUSIND BANK LIMITED,1942110,15951.75
INDUSTOWER,INDUS TOWERS LIMITED,947082,2193.62
INEOSSTYRO,INEOS STYROLUTION IND LTD,14851,155.69
INFIBEAM,INFIBEAM AVENUES LIMITED,3096344,1305.05
INFOBEAN,INFOBEANS TECHNO. LTD.,66,0.27
INFY,INFOSYS LIMITED,843283,12712.38
INGERRAND,INGERSOLL-RAND INDIA LTD,20902,195.99
INOXLEISUR,INOX LEISURE LIMITED,236036,772.08
INOXWIND,INOX WIND LIMITED,340536,355.28
INSECTICID,INSECTICIDES (I) LTD,23285,125.41
INTELLECT,INTELLECT DESIGN ARENA,279561,1663.25
INTENTECH,INTENSE TECHNOLOGIES LTD,400,0.31
INTLCONV,INTL CONVEYORS LIMITED,37562,26.81
INVENTURE,INVENTURE GRO & SEC LTD,1236685,36.55
IOB,INDIAN OVERSEAS BANK,5863885,1036.60
IOC,INDIAN OIL CORP LTD,5684919,5898.10
IOLCP,IOL CHEM AND PHARMA LTD,450784,2501.43
IPCALAB,IPCA LABORATORIES LTD,119546,2418.23
IPL,INDIA PESTICIDES LIMITED,285053,822.21
IRB,IRB INFRA DEV LTD.,3165999,6972.98
IRCON,IRCON INTERNATIONAL LTD,2588538,1324.75
IRCTC,INDIAN RAIL TOUR CORP LTD,2778256,21584.54
IRFC,INDIAN RAILWAY FIN CORP L,7926144,1752.40
IRIS,IRIS BUSINESS SERV LTD,1001,1.37
ISEC,ICICI SECURITIES LIMITED,141235,984.94
ISFT,INTRASOFT TECH. LTD,11656,24.01
ISGEC,ISGEC HEAVY ENG LTD,83959,412.72
ISMTLTD,ISMT LIMITED,2000,0.84
ITC,ITC LTD,17012725,34808.05
ITDC,INDIA TOUR. DEV. CO. LTD.,59092,209.93
ITDCEM,ITD CEMENTATION INDIA LTD,477517,321.09
ITI,ITI LTD,528365,566.89
J&KBANK,J & K BANK LTD.,2540168,825.30
JAGRAN,JAGRAN PRAKASHAN LIMITED,99522,63.57
JAGSNPHARM,JAGSONPAL PHARMACEUTICALS,20070,35.75
JAICORPLTD,JAI CORP LIMITED,1374805,1665.51
JAMNAAUTO,JAMNA AUTO IND LTD,484751,416.49
JASH,JASH ENGINEERING LIMITED,905,3.17
JAYAGROGN,JAYANT AGRO ORGANICS LTD,52688,107.53
JAYBARMARU,JAY BHARAT MARUTI LTD,55034,99.68
JAYSREETEA,JAYSHREE TEA & INDUSTRIES,87001,97.17
JBCHEPHARM,J B CHEMICALS AND PHARMA,80606,1324.30
JBMA,JBM AUTO LIMITED,76426,421.56
JCHAC,JOHNSON CONTROLS HITACHI,31635,680.40
JHS,JHS SVEND. LAB. LTD,62962,16.25
JINDALPOLY,JINDAL POLY FILMS LIMITED,83688,674.49
JINDALSAW,JINDAL SAW LIMITED,1926193,1852.11
JINDALSTEL,JINDAL STEEL & POWER LTD,3087588,11029.30
JINDRILL,JINDAL DRILLING IND. LTD,9676,13.76
JINDWORLD,JINDAL WORLDWIDE LTD,42024,71.36
JISLJALEQS,JAIN IRRIGATION SYSTEMS,2430503,1006.46
JKCEMENT,JK CEMENT LIMITED,26808,839.20
JKIL,JKUMAR INFR.LTD.,320866,543.65
JKLAKSHMI,JK LAKSHMI CEMENT LTD,236778,1286.04
JKPAPER,JK PAPER LIMITED,1117301,1922.46
JKTYRE,JK TYRE & INDUSTRIES LTD,1744982,2426.31
JMA,JULLUNDUR MOT AGENCY LTD,2415,1.28
JMCPROJECT,JMC PROJECTS (I) LTD.,114396,97.39
JMFINANCIL,JM FINANCIAL LIMITED,3092818,2388.88
JOCIL,JOCIL LIMITED,19938,43.32
JPASSOCIAT,JAIPRAKASH ASSOCIATES LTD,82827,8.07
JPINFRATEC,JAYPEE INFRATECH LTD,5000,0.14
JPPOWER,JAIPRAKASH POWER VEN. LTD,257164,15.50
JSL,JINDAL STAINLESS LIMITED,359671,591.96
JSLHISAR,JINDAL STAINLESS (H) LTD,342307,958.15
JSWENERGY,JSW ENERGY LIMITED,12959,22.73
JSWHL,JSW HOLDINGS LIMITED,653,18.18
JSWISPL,JSW ISPAT SPE PRO LTD,32300,10.58
JSWSTEEL,JSW STEEL LIMITED,7060631,45453.39
JTEKTINDIA,JTEKT INDIA LIMITED,240884,199.07
JUBLFOOD,JUBILANT FOODWORKS LTD,210102,6872.53
JUBLINDS,JUBILANT INDUSTRIES LTD,6822,24.95
JUBLINGREA,JUBILANT INGREVIA LIMITED,1541538,9634.50
JUBLPHARMA,JUBILANT PHARMOVA LTD,220992,1127.12
JUNIORBEES,NIP IND ETF JUNIOR BEES,32353,130.38
JUSTDIAL,JUSTDIAL LTD.,745104,5779.65
JYOTHYLAB,JYOTHY LABS LIMITED,718038,1088.18
KABRAEXTRU,KABRA EXTRUSION TECHNIK L,36014,125.56
KAJARIACER,KAJARIA CERAMICS LTD,110038,1246.89
KAKATCEM,KAKATIYA CEM SUGAR &IND L,3078,7.85
KALPATPOWR,KALPATARU POWER TRANS. LT,182205,635.50
KALYANKJIL,KALYAN JEWELLERS IND LTD,1103960,694.69
KAMATHOTEL,KAMAT HOTELS (I) LTD,2252,1.44
KAMDHENU,KAMDHENU LIMITED,30335,61.23
KANORICHEM,KANORIA CHEMICALS & INDUS,6700,10.60
KANPRPLA,KANPUR PLASTIPACK LIMITED,955,2.09
KANSAINER,KANSAI NEROLAC PAINTS LTD,129415,657.85
KARURVYSYA,KARUR VYSYA BANK LTD,6752921,3391.99
KAYA,KAYA LIMITED,10082,36.34
KCP,KCP LTD,194039,172.32
KCPSUGIND,KCP SUGAR IND CORP LTD.,28343,7.56
KDDL,KDDL LIMITED,1052,5.43
KEC,KEC INTL. LIMITED,80212,317.91
KEI,KEI INDUSTRIES LTD.,154444,1549.85
KELLTONTEC,KELLTON TECH SOL LTD,398303,244.39
KENNAMET,KENNAMETAL INDIA LIMITED,7319,99.40
KESORAMIND,KESORAM INDUSTRIES LTD,424949,212.18
KHADIM,KHADIM INDIA LIMITED,10309,23.83
KHAICHEM,KHAITAN CHEM & FERT LTD,10189,6.92
KICL,KALYANI INVEST CO LTD,384,7.07
KIMS,KRISHNA INST OF MED SCI L,65106,814.10
KINGFA,KINGFA SCI & TEC IND LTD.,8546,90.06
KIOCL,KIOCL LIMITED,45628,94.67
KIRIINDUS,KIRI INDUSTRIES LIMITED,317354,1151.64
KIRLFER,KIRLOSKAR FERROUS IND LTD,95782,178.61
KIRLOSBROS,KIRLOSKAR BROTHERS LTD,3540,7.21
KIRLOSENG,KIRLOSKAR OIL ENG LTD,205819,386.92
KIRLOSIND,KIRLOSKAR INDUSTRIES LTD,2033,23.21
KITEX,KITEX GARMENTS LTD,162693,240.45
KKCL,KEWAL KIRAN CLOTHING LTD,50272,206.88
KMSUGAR,K M SUGAR MILLS LTD,24261,6.70
KNRCON,KNR CONSTRU LTD.,565469,1283.48
KOKUYOCMLN,KOKUYO CAMLIN LIMITED,213163,108.00
KOLTEPATIL,KOLTE PATIL DEV. LTD.,295061,638.21
KOPRAN,KOPRAN LTD,162338,311.36
KOTAKALPHA,KOTAKMAMC - KOTAKALPHA,29945,10.26
KOTAKBANK,KOTAK MAHINDRA BANK LTD,564720,9104.25
KOTAKBKETF,KOTAKMAMC-KOTAKBKETF,4354,10.99
KOTAKGOLD,KOTAK GOLD ETF,10041,3.97
KOTAKIT,KOTAKMAMC - KOTAKIT,11,0.00
KOTAKNIFTY,KOTAK NIFTY ETF,386,0.59
KOTAKPSUBK,KOTAK PSU BANK,2811,4.50
KOTARISUG,KOTHARI SUG & CHEM LTD.,28200,11.05
KOTHARIPET,KOTHARI PETROCHEM LTD,7047,5.03
KOVAI,KOVAI MEDICAL CENTER & HO,1184,18.31
KPITTECH,KPIT TECHNOLOGIES LIMITED,351891,1216.09
KPRMILL,KPR MILL LTD.,77468,342.53
KRBL,KRBL LIMITED,944823,2280.38
KREBSBIO,KREBS BIOCHEMICALS & IND,17382,32.06
KRITI,KRITI INDUSTRIES IND LTD,2396,2.26
KRSNAA,KRSNAA DIAGNOSTICS LTD,66656,339.46
KSB,KSB LIMITED,26209,180.98
KSCL,KAVERI SEED CO. LTD.,299647,1411.86
KSERASERA,KSS LIMITED,10000,0.02
KSL,KALYANI STEELS LIMITED,66384,152.62
KTKBANK,KARNATAKA BANK LIMITED,6773639,3882.40
KUANTUM,KUANTUM PAPERS LIMITED,1239,0.85
L&TFH,L&T FINANCE HOLDINGS LTD,8472775,6572.30
L&TFH-RE,L&T FIN HOLDINGS LTD RE,22,0.01
LAKSHVILAS,LAKSHMI VILAS BANK LTD,2366,0.31
LALPATHLAB,DR. LAL PATH LABS LTD.,101976,3387.81
LAMBODHARA,LAMBODHARA TEXTILES LTD.,520,0.54
LAOPALA,LA OPALA RG LIMITED,165209,578.40
LASA,LASA SUPERGENERICS LTD,39644,25.99
LATENTVIEW,LATENT VIEW ANALYTICS LTD,14741,34.62
LAURUSLABS,LAURUS LABS LIMITED,3305002,16086.52
LAXMIMACH,LAKSHMI MACHINES LTD,6240,415.03
LEEL,LEEL ELECTRICALS LIMITED,200,0.00
LEMONTREE,LEMON TREE HOTELS LTD,1907718,811.73
LGBBROSLTD,LG BALAKRISHNAN & BROS,113870,535.05
LIBAS,LIBAS CONSU PRODUCTS LTD,21853,9.54
LIBERTSHOE,LIBERTY SHOES LTD,70310,108.19
LICHSGFIN,LIC HOUSING FINANCE LTD,2709469,10217.98
LIKHITHA,LIKHITHA INFRASTRUC LTD,86725,293.69
LINC,LINC LIMITED,1000,2.65
LINCOLN,LINCOLN PHARMA LTD,74346,202.72
LINDEINDIA,LINDE INDIA LIMITED,73775,1690.36
LIQUIDBEES,NIP IND ETF LIQUID BEES,1192,11.80
LIQUIDETF,DSP LIQUID ETF,2,0.02
LODHA,MACROTECH DEVELOPERS LTD,93896,923.58
LOVABLE,LOVABLE LINGERIE LTD,1070,1.60
LPDC,LANDMARK PR.DEV.CO.LTD,200,0.02
LT,LARSEN & TOUBRO LTD.,476232,7750.74
LTI,L&T INFOTECH LIMITED,87308,4534.30
LTTS,L&T TECHNOLOGY SER. LTD.,126986,5286.25
LUMAXIND,LUMAX INDUSTRIES LTD,15267,182.24
LUMAXTECH,LUMAX AUTO TECH LTD,168026,206.36
LUPIN,LUPIN LIMITED,1197444,10450.32
LUXIND,LUX INDUSTRIES LIMITED,49359,1842.41
LXCHEM,LAXMI ORGANIC INDUS LTD,666944,2642.96
LYKALABS,LYKA LABS LTD,7500,17.21
M&M,MAHINDRA & MAHINDRA LTD,796557,6259.16
M&MFIN,M&M FIN. SERVICES LTD,3703793,5291.90
MAANALU,MAAN ALUMINIUM LIMITED,5,0.01
MADHAV,MADHAV MARBLE & GRANITE,1501,0.76
MADRASFERT,MADRAS FERTILISERS LTD,51500,13.25
MAFANG,MIRAEAMC - MAFANG,46635,20.23
MAFSETF,MIRAEAMC - MAFSETF,22822,2.45
MAGADSUGAR,MAGADH SUGAR & ENERGY LTD,2020,3.46
MAHABANK,BANK OF MAHARASHTRA,7497016,1336.99
MAHASTEEL,MAHAMAYA STEEL INDS LTD,1900,1.67
MAHEPC,MAHINDRA EPC IRRIG LTD,45786,58.32
MAHESHWARI,MAHESHWARI LOGISTICS LTD.,8370,7.14
MAHINDCIE,MAHINDRA CIE AUTO LTD,359020,758.13
MAHLIFE,MAHINDRA LIFESPACE DEVLTD,109726,156.93
MAHLOG,MAHINDRA LOGISTIC LIMITED,64513,346.60
MAHSCOOTER,MAHARASHTRA SCOOTERS LTD,9137,252.73
MAHSEAMLES,MAHARASHTRA SEAMLESS LTD,209905,907.26
MAITHANALL,MAITHAN ALLOYS LTD,114712,808.36
MALUPAPER,MALU PAPER MILLS LIMITED,12901,4.80
MAN50ETF,MIRAEAMC - MAN50ETF,207,0.37
MANAKSIA,MANAKSIA LTD.,12642,9.23
MANALIPETC,MANALI PETROCHEMICALS LT,32094,14.88
MANAPPURAM,MANAPPURAM FINANCE LTD,2127794,3361.95
MANGALAM,MANGALAM DRUG & CHEM LTD,13508,18.92
MANGCHEFER,MANG.CHEM.FERT.LTD,116724,93.03
MANGLMCEM,MANGALAM CEMENT LTD,203871,678.82
MANINDS,MAN INDUSTRIES (I) LTD.,189374,146.18
MANINFRA,MAN INFRA LTD,117294,36.73
MANORG,MANGALAM ORGANICS LIMITED,884,8.38
MANPASAND,MANPASAND BEVERAGES LTD.,2050,0.05
MARATHON,MARATHON NXTGEN REALT LTD,100,0.11
MARICO,MARICO LIMITED,212646,1019.53
MARINE,MARINE ELECTRICAL (I) LTD,601635,174.40
MARKSANS,MARKSANS PHARMA LIMITED,4392669,2685.08
MARUTI,MARUTI SUZUKI INDIA LTD.,82307,5448.48
MASFIN,MAS FINANCIAL SERV LTD,31149,209.05
MASTEK,MASTEK LTD,49981,906.60
MATRIMONY,MATRIMONY.COM LIMITED,13666,103.02
MAWANASUG,MAWANA SUGARS LIMITED,200351,155.45
MAXHEALTH,MAX HEALTHCARE INS LTD,214337,632.57
MAXIND,MAX INDIA LIMITED,16259,11.66
MAXVIL,MAX VENTURES AND INDS LTD,195299,118.06
MAYURUNIQ,MAYUR UNIQUOTERS LTD,100536,483.08
MAZDA,MAZDA LIMITED,759,4.95
MAZDOCK,MAZAGON DOCK SHIPBUIL LTD,365277,932.72
MBLINFRA,MBL INFRASTRUCTURES LTD,10900,1.65
MCDOWELL-N,UNITED SPIRITS LIMITED,611363,4798.47
MCL,MADHAV COPPER LIMITED,1399,0.85
MCLEODRUSS,MCLEOD RUSSEL INDIA LTD.,6100,1.67
MCX,MULTI COMMODITY EXCHANGE,538100,7973.60
MEDICAMEQ,MEDICAMEN BIOTECH LIMITED,11269,108.23
MEGH,MEGHMANI ORGANICS LTD.,1750,2.20
MENONBE,MENON BEARINGS LIMITED,4077,3.26
MEP,MEP INFRA. DEVELOPERS LTD,6581,1.61
METROPOLIS,METROPOLIS HEALTHCARE LTD,33404,1007.56
MFL,MEGHMANI FINECHEM LIMITED,2590,18.31
MFSL,MAX FINANCIAL SERV LTD,123257,1173.26
MGL,MAHANAGAR GAS LTD.,448753,3889.34
MHRIL,MAHINDRA HOLIDAYS LTD,364584,695.00
MIDHANI,MISHRA DHATU NIGAM LTD,514702,925.87
MINDACORP,MINDA CORPORATION LTD,601200,857.55
MINDAIND,MINDA INDUSTRIES LTD.,121119,845.58
MINDTREE,MINDTREE LIMITED,216023,8081.06
MIRZAINT,MIRZA INTERNATIONAL LIMIT,484169,293.94
MMFL,MM FORGINGS LTD,9315,63.41
MMP,MMP INDUSTRIES LIMITED,593,0.93
MMTC,MMTC LIMITED,2883542,1125.61
MODISNME,MODISON METALS LIMITED,20583,19.38
MOIL,MOIL LIMITED,542262,851.09
MOKSH,MOKSH ORNAMENTS LIMITED,46816,19.99
MOL,MEGHMANI ORGANICS LIMITED,854708,697.95
MOLDTECH,MOLD-TEK TECHNOLOGIES LTD,12595,11.40
MOLDTKPAC,MOLD-TEK PACKAGING LTD,29703,145.23
MOM100,MOTILAL OS MIDCAP100 ETF,36296,9.26
MON100,MOTILAL OS NASDAQ100 ETF,82162,75.10
MONTECARLO,MONTE CARLO FASHIONS LTD.,20843,95.94
MOREPENLAB,MOREPEN LAB. LTD,2233009,908.41
MOTHERSUMI,MOTHERSON SUMI SYSTEMS LT,2336866,4552.56
MOTILALOFS,MOTILAL OSWAL FIN LTD,276511,2178.91
MPHASIS,MPHASIS LIMITED,105164,2915.39
MPSLTD,MPS LIMITED,13631,61.57
MRF,MRF LTD,7526,5145.82
MRPL,MRPL,2397805,1064.45
MSTCLTD,MSTC LIMITED,481950,1688.89
MTARTECH,MTAR TECHNOLOGIES LIMITED,88580,1323.61
MTNL,MAHANAGAR TELEPHONE NIGAM,1546989,405.76
MUKANDLTD,MUKAND LTD.,400,0.51
MUKTAARTS,MUKTA ARTS LIMITED,1000,0.44
MUNJALAU,MUNJAL AUTO IND. LTD.,140489,62.99
MUNJALSHOW,MUNJAL SHOWA LTD,46586,50.99
MURUDCERA,MURUDESHWAR CERAMICS LTD,16965,4.93
MUTHOOTCAP,MUTHOOT CAP SERV LTD,59840,207.61
MUTHOOTFIN,MUTHOOT FINANCE LIMITED,216672,2716.05
NACLIND,NACL INDUSTRIES LIMITED,50861,46.15
NAHARCAP,NAHAR CAP & FIN.,1800,6.16
NAHARPOLY,NAHAR POLY FILMS LIMITED,4350,11.26
NAM-INDIA,NIPPON L I A M LTD,480260,1613.06
NATCOPHARM,NATCO PHARMA LTD.,562094,4657.21
NATHBIOGEN,NATH BIO-GENES (I) LTD,77414,284.00
NATIONALUM,NATIONAL ALUMINIUM CO LTD,23336731,19867.12
NATNLSTEEL,NATIONAL STEEL & AGRO IND,4500,0.02
NAUKRI,INFO EDGE (I) LTD,199075,10229.57
NAVINFLUOR,NAVIN FLUORINE INT. LTD,48659,1668.39
NAVKARCORP,NAVKAR CORPORATION LTD.,807505,336.11
NAVNETEDUL,NAVNEET EDUCATION LTD,81429,64.46
NAZARA,NAZARA TECHNOLOGIES LTD,9002,250.95
NBCC,NBCC (INDIA) LIMITED,11996760,4980.16
NBVENTURES,NAVA BHARAT VENTURES LIMI,858741,875.17
NCC,NCC LIMITED,5784842,3608.59
NCLIND,NCL INDUSTRIES LIMITED,141660,226.80
NDTV,NDTV LTD,1000,1.16
NECCLTD,NORTH EAST CARRY CORP LTD,22000,4.66
NECLIFE,NECTAR LIFESCIENCES LTD.,248257,68.53
NELCAST,NELCAST LIMITED,248972,133.44
NELCO,NELCO LTD,430,0.91
NEOGEN,NEOGEN CHEMICALS LIMITED,106156,1163.84
NESCO,NESCO LTD.,93194,556.83
NESTLEIND,NESTLE INDIA LIMITED,8325,1392.67
NETFIT,NIP IND ETF IT,98071,29.22
NETFMID150,NIP IND ETF MIDCAP 150,126614,139.18
NETFPHARMA,NIPPONAMC - NETFPHARMA,53155,5.45
NETWORK18,NETWORK18 MEDIA & INV LTD,1397095,905.46
NEULANDLAB,NEULAND LAB LTD.,14701,232.99
NEWGEN,NEWGEN SOFTWARE TECH LTD,26049,122.19
NFL,NATIONAL FERT. LTD,1712204,905.34
NH,NARAYANA HRUDAYALAYA LTD.,97550,545.80
NHPC,NHPC LTD,4619034,1309.44
NIACL,THE NEW INDIA ASSU CO LTD,527700,693.30
NIFTYBEES,NIP IND ETF NIFTY BEES,229133,351.94
NIITLTD,NIIT LIMITED,1136256,3005.17
NILKAMAL,NILKAMAL LIMITED,4671,100.85
NIPPOBATRY,INDO-NATIONAL LIMITED,6371,37.53
NITINSPIN,NITIN SPINNERS LIMITED,3679,6.58
NLCINDIA,NLC INDIA LIMITED,4958411,3005.19
NMDC,NMDC LTD.,17279461,23241.12
NOCIL,NOCIL LIMITED,1303250,2933.97
NOVARTIND,NOVARTIS INDIA LIMITED,16748,130.29
NRAIL,N R AGARWAL INDS LTD,3477,8.03
NRBBEARING,NRB BEARING LIMITED,190319,238.43
NSIL,NALWA SONS INVESTMENT LTD,100,1.71
NTPC,NTPC LTD,3204545,3753.57
NUCLEUS,NUCLEUS SOFTWARE EXPORTS,84981,423.37
NURECA,NURECA LIMITED,16584,272.50
NUVOCO,NUVOCO VISTAS CORP LTD,59134,293.95
NXTDIGITAL,NXTDIGITAL LIMITED,43983,76.01
NYKAA,FSN E COMMERCE VENTURES,231282,4785.83
OAL,ORIENTAL AROMATICS LTD,7207,46.75
OBEROIRLTY,OBEROI REALTY LIMITED,684474,5109.86
OCCL,ORIENTAL CARBN & CHEM LTD,16563,131.41
OFSS,ORACLE FIN SERV SOFT LTD.,87519,3487.93
OIL,OIL INDIA LTD,681826,1257.48
OLECTRA,OLECTRA GREENTECH LIMITED,16237,29.27
OMAXAUTO,OMAX AUTOS LTD,224,0.16
OMAXE,OMAXE LIMITED,9842,6.17
OMINFRAL,OM INFRA LIMITED,56110,18.87
ONGC,OIL AND NATURAL GAS CORP.,3557076,4499.00
ONMOBILE,ONMOBILE GLOBAL LTD.,231028,184.72
ONWARDTEC,ONWARD TECHNOLOGIES LTD,10045,24.67
OPTOCIRCUI,OPTO CIRCUITS (I) LTD.,10000,0.21
ORICONENT,ORICON ENTERPRISES LTD,70813,14.95
ORIENTABRA,ORIENT ABRASIVE LTD,94125,27.15
ORIENTBELL,ORIENT BELL LIMITED,2825,8.01
ORIENTCARB,ORIENTAL CARBON & CHEM,1420,16.23
ORIENTCEM,ORIENT CEMENT LTD.,759303,1117.11
ORIENTELEC,ORIENT ELECTRIC LIMITED,104946,333.45
ORIENTHOT,ORIENT HOTELS LTD,110614,34.44
ORIENTPPR,ORIENT PAPER AND INDS LTD,1108459,280.88
ORISSAMINE,ORISSA MIN DEV CO LTD,8564,203.48
PAGEIND,PAGE INDUSTRIES LTD,2250,781.85
PAISALO,PAISALO DIGITAL LIMITED,59966,593.23
PALREDTEC,PALRED TECHNOLOGIES LTD,2100,4.30
PANACEABIO,PANACEA BIOTEC LTD,286033,849.19
PANAMAPET,PANAMA PETROCHEM LTD,112941,173.12
PARACABLES,PARAMOUNT COMM LTD,10500,1.53
PARAGMILK,PARAG MILK FOODS LTD.,428772,504.46
PARAS,PARAS DEF AND SPCE TECH L,19139,108.29
PASUPTAC,PASUPATI ACRYLON LIMITED,5450,2.30
PATELENG,PATEL ENGINEERING LTD.,1110848,324.47
PATINTLOG,PATEL INT. LOG. LTD,5000,0.65
PAYTM,ONE 97 COMMUNICATIONS LTD,242017,2935.90
PCJEWELLER,PC JEWELLER LTD,530524,153.72
PDMJEPAPER,PUDUMJEE PAPER PRO. LTD,29717,12.49
PDSMFL,PDS MULTINATIONAL FAS LTD,1839,16.53
PEL,PIRAMAL ENTERPRISES LTD,234296,5156.54
PENIND,PENNAR INDUSTRIES LTD,357070,116.68
PENINLAND,PENINSULA LAND LIMITED,500,0.08
PERSISTENT,PERSISTENT SYSTEMS LTD,48896,1760.55
PETRONET,PETRONET LNG LIMITED,1545979,3175.64
PFC,POWER FIN CORP LTD.,5015531,6209.10
PFIZER,PFIZER LTD,37212,1717.55
PFS,PTC INDIA FIN SERV LTD,1944612,349.93
PGEL,PG ELECTROPLAST LTD,37347,264.14
PGHH,P&G HYGIENE & HEALTH CARE,642,81.91
PGHL,PROCTER & GAMBLE HEALTH L,15629,761.74
PGIL,PEARL GLOBAL IND LIMITED,781,3.10
PHILIPCARB,PHILIPS CARBON BLACK LTD,1583881,3220.24
PHOENIXLTD,THE PHOENIX MILLS LTD,80744,693.81
PIDILITIND,PIDILITE INDUSTRIES LTD,101104,2064.25
PIIND,PI INDUSTRIES LTD,89517,2367.19
PILANIINVS,PILANI INV & IND COR LTD,3616,50.41
PILITA,PIL ITALICA LIFESTYLE LTD,104350,8.28
PIONDIST,PIONEER DIST LTD,2742,4.64
PIONEEREMB,PIONEER EMBROIDERIES LTD,123498,80.02
PITTIENG,PITTI ENGINEERING LIMITED,27708,51.62
PLASTIBLEN,PLASTIBLENDS INDIA LTD,10358,22.71
PNB,PUNJAB NATIONAL BANK,58658398,21362.30
PNBGILTS,PNB GILTS LIMITED,334900,182.11
PNBHOUSING,PNB HOUSING FIN LTD.,247087,1218.52
PNCINFRA,PNC INFRATECH LTD.,382520,1007.77
PODDARMENT,PODDAR PIGMENTS LIMITED,6699,23.39
POKARNA,POKARNA LIMITED,57336,321.58
POLICYBZR,PB FINTECH LIMITED,39330,350.03
POLYCAB,POLYCAB INDIA LIMITED,222777,4921.00
POLYMED,POLY MEDICURE LIMITED,31105,253.85
POLYPLEX,POLYPLEX CORPORATION LTD,126957,1670.30
PONNIERODE,PONNIE SUGARS (ERODE) LTD,784,1.77
POONAWALLA,POONAWALLA FINCORP LTD,2284247,4135.58
POWERGRID,POWER GRID CORP. LTD.,945137,1757.94
POWERINDIA,HITACHI ENERGY INDIA LTD,56218,1006.88
POWERMECH,POWER MECH PROJECTS LTD.,56673,392.53
PPAP,PPAP AUTOMOTIVE LIMITED,11605,32.32
PPL,PRAKASH PIPES LIMITED,23441,36.83
PRAJIND,PRAJ INDUSTRIES LTD,97945,238.45
PRAKASH,PRAKASH INDUSTRIES LTD,997603,659.44
PRECAM,PRECISION CAMSHAFTS LTD.,99838,117.89
PRECWIRE,PRECISION WIRES INDIA LTD,67658,50.55
PRESSMN,PRESSMAN ADVERTISING LTD,900,0.27
PRESTIGE,PRESTIGE ESTATE LTD,607935,2387.16
PRICOLLTD,PRICOL LIMITED,400415,355.51
PRINCEPIPE,PRINCE PIPES FITTINGS LTD,149915,777.01
PRITIKAUTO,PRITIKA AUTO INDUS LTD,49571,10.39
PRIVISCL,PRIVI SPECIALITY CHE LTD,10417,123.62
PROZONINTU,PROZONE INTU PROPRTIS LTD,51100,15.71
PRSMJOHNSN,PRISM JOHNSON LIMITED,182156,204.26
PSB,PUNJAB & SIND BANK,564086,77.65
PSPPROJECT,PSP PROJECTS LIMITED,82256,365.39
PSUBNKBEES,NIP IND ETF PSU BANK BEES,1219226,248.22
PTC,PTC INDIA LIMITED,904745,908.59
PTL,PTL ENTERPRISES LTD,2246,0.44
PUNJABCHEM,PUNJAB CHEM & CROP PROT L,13895,132.18
PUNJLLOYD,PUNJ LLOYD LIMITED,2100,0.07
PURVA,PURAVANKARA LIMITED,157497,68.63
PVR,PVR LIMITED,452957,5728.25
QUESS,QUESS CORP LIMITED,37362,245.06
QUICKHEAL,QUICK HEAL TECH LTD,149589,277.44
RADICO,RADICO KHAITAN LTD,209427,2157.24
RADIOCITY,MUSIC BROADCAST LIMITED,631995,132.01
RAILTEL,RAILTEL CORP OF IND LTD,1861715,2206.21
RAIN,RAIN INDUSTRIES LIMITED,1903613,3863.35
RAJESHEXPO,RAJESH EXPORTS LTD,25747,176.35
RALLIS,RALLIS INDIA LTD,636872,1578.89
RAMANEWS,SHREE RAMA NEWSPRINT LTD,10387,2.14
RAMCOCEM,THE RAMCO CEMENTS LIMITED,53025,479.27
RAMCOIND,RAMCO INDUSTRIES LIMITED,196064,550.03
RAMCOSYS,RAMCO SYSTEMS LTD.,157632,576.93
RANASUG,RANA SUGARS LTD.,200,0.05
RANEENGINE,RANE ENG VALVE LTD,1963,5.97
RANEHOLDIN,RANE HOLDINGS LIMITED,37896,187.64
RATEGAIN,RATEGAIN TRAVEL TECHN LTD,400,1.41
RATNAMANI,RATNAMANI MET & TUB LTD.,6192,104.42
RAYMOND,RAYMOND LTD,492641,2192.23
RBL,RANE BRAKE LINING LTD,9380,66.00
RBLBANK,RBL BANK LIMITED,6719084,9477.00
RCF,RASHTRIYA CHEMICALS & FER,4258604,3143.08
RCOM,RELIANCE COMMUNICATIONS L,12607,0.44
RECLTD,REC LIMITED,4170293,5042.05
REDINGTON,REDINGTON (INDIA) LTD.,3693654,5114.46
REFEX,REFEX INDUSTRIES LIMITED,10265,15.45
RELAXO,RELAXO FOOT LTD.,104381,1077.25
RELCAPITAL,RELIANCE CAPITAL LTD,3744,2.32
RELIANCE,RELIANCE INDUSTRIES LTD,2590996,55599.58
RELIGARE,RELIGARE ENTER. LTD.,792713,1180.87
RELINFRA,RELIANCE INFRASTRUCTU LTD,17647,12.41
RENUKA,SHREE RENUKA SUGARS LTD,79621,19.01
REPCOHOME,REPCO HOME FINANCE LTD,111762,270.66
REPL,RUDRABHISHEK ENTERP LTD,554,1.27
REPRO,REPRO INDIA LIMITED,6876,39.95
RESPONIND,RESPONSIVE INDUSTRIES LTD,14111,20.28
REVATHI,REVATHI EQUIPMENT LTD,285,2.12
RGL,RENAISSANCE GLOBAL LTD,111,1.10
RHFL,RELIANCE HOME FINANCE LTD,245,0.01
RHIM,RHI MAGNESITA INDIA LTD,45106,115.04
RICOAUTO,RICO AUTO INDUSTRIES LTD,343860,130.20
RIIL,RELIANCE INDUSTRIAL INFRA,267996,1675.96
RITES,RITES LIMITED,263487,653.14
RKEC,RKEC PROJECTS LIMITED,3872,2.88
RKFORGE,RAMKRISHNA FORGINGS LTD,157695,1340.11
RML,RANE (MADRAS) LIMITED,15667,53.06
RNAVAL,RELIANCE NAVAL & ENGG LTD,17000,0.71
ROHLTD,ROYAL ORCHID HOTELS LTD,85,0.07
ROLEXRINGS,ROLEX RINGS LIMITED,41927,378.24
ROLTA,ROLTA INDIA LTD,2000,0.14
ROSSARI,ROSSARI BIOTECH LIMITED,88582,1013.66
ROSSELLIND,ROSSELL INDIA LIMITED,40464,48.52
ROUTE,ROUTE MOBILE LIMITED,149424,2423.94
RPGLIFE,RPG LIFE SCIENCES LTD,42748,244.96
RPOWER,RELIANCE POWER LTD.,96037,6.38
RPPINFRA,R.P.P INFRA PROJECTS LTD,88614,64.93
RPSGVENT,RPSG VENTURES LIMITED,24405,120.89
RSWM,RSWM LIMITED,27174,77.07
RSYSTEMS,R SYS INTERNATIONAL LTD,61091,72.67
RTNINDIA,RATTANINDIA ENT LIMITED,10220,5.17
RTNPOWER,RATTANINDIA POWER LIMITED,380100,8.98
RUBYMILLS,THE RUBY MILLS LTD,2522,4.88
RUCHI,RUCHI SOYA INDUSTRIES LTD,3374,34.28
RUCHIRA,RUCHIRA PAPERS LIMITED,13005,3.92
RUCHISOYA,RUCHI SOYA INDUSTRIES LTD,39,0.50
RUPA,RUPA & COMPANY LTD,184801,640.02
RUSHIL,RUSHIL DECOR LIMITED,195880,1111.76
RVHL,RAVINDER HEIGHTS LIMITED,198,0.09
RVNL,RAIL VIKAS NIGAM LIMITED,4232402,1369.47
SADBHAV,SADBHAV ENGINEERING LTD,742913,382.52
SADBHIN,SADBHAV INFRA PROJ LTD.,476883,86.52
SAFARI,SAFARI IND (INDIA) LTD,4667,33.39
SAGCEM,SAGAR CEMENTS LIMITED,37335,69.60
SAIL,STEEL AUTHORITY OF INDIA,69912341,64642.71
SAKAR,SAKAR HEALTHCARE LIMITED,8649,13.83
SAKHTISUG,SAKTHI SUGARS LTD,18500,2.62
SAKSOFT,SAKSOFT LIMITED,15707,129.12
SAKUMA,SAKUMA EXPORTS LIMITED,500,0.05
SALASAR,SALASAR TECHNO ENGG. LTD.,17851,46.20
SALONA,SALONA COTSPIN LTD.,1500,3.55
SALZERELEC,SALZER ELECTRONICS LTD,12101,24.11
SANDHAR,SANDHAR TECHNOLOGIES LTD,52074,100.71
SANGHIIND,SANGHI INDUSTRIES LTD,226823,130.77
SANGHVIMOV,SANGHVI MOVERS LTD,36027,65.74
SANOFI,SANOFI INDIA LIMITED,11223,808.06
SANSERA,SANSERA ENGINEERING LTD,13071,94.60
SAPPHIRE,SAPPHIRE FOODS INDIA LTD,66870,802.12
SARDAEN,SARDA ENERGY & MIN LTD,12756,56.42
SAREGAMA,SAREGAMA INDIA LIMITED,38,0.70
SARLAPOLY,SARLA PERF. FIBERS LTD,24066,12.82
SASKEN,SASKEN TECHNOLOGIES LTD,45814,541.64
SASTASUNDR,SASTASUNDAR VENTURES LTD,200,1.10
SATIA,SATIA INDUSTRIES LIMITED,206384,144.28
SATIN,SATIN CREDIT NET LTD,164513,142.44
SBC,SBC EXPORTS LIMITED,65,0.10
SBCL,SHIVALIK BIMETAL CON. LTD,18604,48.36
SBICARD,SBI CARDS & PAY SER LTD,1268616,10310.78
SBIETFQLTY,SBIAMC - SBIETFQLTY,270,0.42
SBILIFE,SBI LIFE INSURANCE CO LTD,197628,2123.84
SBIN,STATE BANK OF INDIA,9614200,41952.50
SCHAEFFLER,SCHAEFFLER INDIA LIMITED,14792,1084.40
SCHAND,S CHAND AND COMPANY LTD,15701,19.67
SCHNEIDER,SCHNEIDER ELECTRIC INFRA,607419,581.30
SCI,SHIPPING CORP OF INDIA LT,4495424,5317.57
SDBL,SOM DIST & BREW LTD,16556,8.50
SEAMECLTD,SEAMEC LIMITED,327,3.80
SECURKLOUD,SECUREKLOUD TECH LIMITED,76537,121.41
SELAN,SELAN EXPLO. TECH LTD,18694,27.33
SELMC,SEL MANUFACTURING CO LTD,3,0.00
SEQUENT,SEQUENT SCIENTIFIC LTD.,2663271,4471.67
SESHAPAPER,SESHASAYEE PAPER & BOARDS,41789,52.68
SETFGOLD,SBI-ETF GOLD,1258,46.47
SETFNIF50,SBI-ETF NIFTY 50,20433,27.78
SETFNIFBK,SBI-ETF NIFTY BANK,5512,13.01
SETFNN50,SBI-ETF NIFTY NEXT 50,45,0.14
SEYAIND,SEYA INDUSTRIES LIMITED,579,0.43
SFL,SHEELA FOAM LIMITED,3772,86.36
SHAKTIPUMP,SHAKTI PUMPS (I) LTD,57479,300.01
SHALBY,SHALBY LIMITED,199140,234.10
SHALPAINTS,SHALIM PAINTS LTD,210346,193.85
SHANKARA,SHANKARA BLDG PRODUCT LTD,90183,404.61
SHANTIGEAR,SHANTHI GEARS LTD,80667,114.33
SHARDACROP,SHARDA CROPCHEM LTD.,1265858,4077.44
SHARDAMOTR,SHARDA MOTOR INDS LTD,3317,24.19
SHAREINDIA,SHARE IND. SECURITIES LTD,14120,83.66
SHARIABEES,NIP IND ETF SHARIAH BEES,14,0.06
SHIL,SOMANY HOM INNOVATION LTD,2524,1.82
SHILPAMED,SHILPA MEDICARE LTD,430298,2215.66
SHIVAMAUTO,SHIVAM AUTO.LTD,450,0.06
SHIVATEX,SHIVA TEXYARN LIMITED,15588,37.97
SHK,S H KELKAR AND CO. LTD.,592152,955.07
SHOPERSTOP,SHOPPERS STOP LIMITED,155341,386.63
SHREDIGCEM,SHREE DIGVIJAY CEM CO LTD,250763,131.77
SHREECEM,SHREE CEMENT LIMITED,9343,2151.59
SHREEPUSHK,SHRE PUSH CHEM & FERT LTD,91226,160.84
SHREYANIND,SHREYANS INDUSTRIES LTD,2291,3.04
SHREYAS,SHREYAS SHIPPING & LOGIST,845,1.55
SHRIRAMCIT,SHRIRAM CITYUNI FIN.LTD.,45880,857.00
SHRIRAMEPC,SHRIRAM EPC LTD.,1500,0.21
SHYAMMETL,SHYAM METALICS AND ENGY L,732327,2328.79
SIEMENS,SIEMENS LTD,80316,1756.08
SIGACHI,SIGACHI INDUSTRIES LTD,300,0.97
SIMBHALS,SIMBHAOLI SUGARS LTD.,8802,1.58
SIMPLEXINF,SIMPLEX INFRASTRUCTURES L,125,0.06
SINTERCOM,SINTERCOM INDIA LIMITED,220,0.20
SIRCA,SIRCA PAINT INDIA LIMITED,26973,92.24
SIS,SIS LIMITED,103829,459.95
SITASHREE,SITA SHREE FOOD PROD LTD,4689,0.00
SIYSIL,SIYARAM SILK MILLS LTD,85580,309.85
SJS,SJS ENTERPRISES LIMITED,3001,15.65
SJVN,SJVN LTD,2387097,651.43
SKFINDIA,SKF INDIA LTD,31518,1013.20
SKIPPER,SKIPPER LIMITED,90656,65.22
SKMEGGPROD,SKM EGG PROD EXPORT(I) LT,34997,27.05
SMARTLINK,SMARTLINK HOLDINGS LTD,3268,5.64
SMCGLOBAL,SMC GLOBAL SECURITIES LTD,325124,302.00
SMLISUZU,SML ISUZU LIMITED,12568,64.92
SMSLIFE,SMS LIFESCIENCES (I) LTD,14418,108.22
SMSPHARMA,SMS PHARMACEUTICALS LTD.,140990,163.89
SNOWMAN,SNOWMAN LOGISTICS LTD.,1298224,475.59
SOBHA,SOBHA LIMITED,161274,1028.82
SOLARA,SOLARA ACTIVE PHA SCI LTD,164210,2091.59
SOLARINDS,SOLAR INDUSTRIES (I) LTD,18308,405.74
SOMANYCERA,SOMANY CERAMICS LIMITED,3026,16.48
SONACOMS,SONA BLW PRECISION FRGS L,1038990,6474.72
SONATSOFTW,SONATA SOFTWARE LTD,153451,973.38
SORILINFRA,SORIL INFRA RESOURCES LTD,9470,9.51
SOTL,SAVITA OIL TECHNOLO. LTD,29497,272.46
SOUTHBANK,THE SOUTH INDIAN BANK LTD,8265177,759.54
SOUTHWEST,SOUTH WEST PINNACLE LTD,1680,1.05
SPAL,S. P. APPARELS LIMITED,23700,46.51
SPANDANA,SPANDANA SPHOORTY FIN LTD,150611,644.40
SPARC,SUN PHARMA ADV.RES.CO.LTD,1012343,2815.35
SPECIALITY,SPECIALITY REST LTD,12175,11.53
SPENCERS,SPENCER'S RETAIL LIMITED,289503,252.21
SPIC,SPIC LTD,227751,121.86
SPICEJET,SPICEJET LIMITED,6587766,4973.07
SPLIL,SPL INDUSTRIES LIMITED,29419,14.14
SPTL,SINTEX PLASTICS TECH LTD,2000,0.10
SREEL,SREELEATHERS LIMITED,959,1.73
SREINFRA,SREI INFRASTRUCTURE FINAN,51994,2.56
SRF,SRF LTD,168889,3845.11
SRHHYPOLTD,SREE RAYALSEEMA HHP LTD.,22029,28.78
SRIPIPES,SRIKALAHASTHI PIPES LTD,38075,71.31
SRTRANSFIN,SHRIRAM TRANSPORT FIN CO.,361295,4324.98
SSWL,STEEL STRIPS WHEELS LTD.,2160,4.42
STAR,STRIDES PHARMA SCI LTD,1171628,6028.96
STARCEMENT,STAR CEMENT LIMITED,410829,371.81
STARHEALTH,STAR HEALTH & AL INS CO L,142,1.52
STARPAPER,STAR PAPER MILLS LTD,35897,55.58
STCINDIA,THE STATE TRADING CORPN,50287,55.53
STEELCITY,STEEL CITY SECURITIES LTD,2566,1.64
STEELXIND,STEEL EXCHANGE INDIA LTD,219064,303.37
STEL,STEL HOLDINGS LIMITED,6323,11.37
STERTOOLS,STERLING TOOLS LIMITED,30080,42.14
STLTECH,STERLITE TECHNOLOGIES LTD,320426,782.67
STOVEKRAFT,STOVE KRAFT LIMITED,79924,692.11
STYLAMIND,STYLAM INDUSTRIES LIMITED,3636,34.18
SUBEX,SUBEX LIMITED,37618,20.91
SUBEXLTD,SUBEX LTD,5186455,2246.81
SUBROS,SUBROS LIMITED,19322,57.42
SUDARSCHEM,SUDARSHAN CHEMICAL INDS L,697258,4280.48
SUMICHEM,SUMITOMO CHEM INDIA LTD,630066,2185.62
SUMMITSEC,SUMMIT SECURITIES LTD,14487,85.84
SUNCLAYLTD,SUNDARAM CLAYTON LIMITED,3671,117.29
SUNDARMFIN,SUNDARAM FINANCE LTD,12864,234.72
SUNDARMHLD,SUNDARAM FINANCE HOLD LTD,93626,62.92
SUNDRMBRAK,SUNDARAM BRAK LININGS LTD,321,1.17
SUNDRMFAST,SUNDRAM FASTENERS LTD,51853,436.94
SUNFLAG,SUNFLAG IRON AND STEEL CO,515734,260.18
SUNPHARMA,SUN PHARMACEUTICAL IND L,389707,2774.37
SUNTECK,SUNTECK REALTY LIMITED,437222,1827.24
SUNTV,SUN TV NETWORK LIMITED,484062,2048.72
SUPERHOUSE,SUPERHOUSE LIMITED,3338,5.78
SUPPETRO,SUPREME PETROCHEMICALS LT,26104,165.39
SUPRAJIT,SUPRAJIT ENGINEERING LTD,57544,181.89
SUPREMEIND,SUPREME INDUSTRIES LTD,30299,620.93
SUPRIYA,SUPRIYA LIFESCIENCE LTD,7021,32.82
SURYALAXMI,SURYALAKSHMI COT MIL LTD,2000,1.11
SURYAROSNI,SURYA ROSHNI LTD,158701,730.20
SURYODAY,SURYODAY SMALL FIN BK LTD,311344,504.51
SUTLEJTEX,SUTLEJ TEXT & INDUS LTD,304687,131.35
SUULD,SUUMAYA INDUSTRIES LTD,126,0.55
SUVEN,SUVEN LIFE SCIENCES LTD,563235,470.40
SUVENPHAR,SUVEN PHARMACEUTICALS LTD,122308,551.83
SUVIDHAA,SUVIDHAA INFOSERVE LTD,200,0.04
SUZLON,SUZLON ENERGY LIMITED,1020238,67.62
SVPGLOB,SVP GLOBAL VENTURES LTD,945175,1137.01
SWANENERGY,SWAN ENERGY LIMITED,82197,101.37
SWARAJENG,SWARAJ ENGINES LTD,9995,149.48
SWELECTES,SWELECT ENERGY SYS LTD,2223,5.59
SWSOLAR,STRLNG & WIL REN ENE LTD,531699,2102.71
SYMPHONY,SYMPHONY LIMITED,80526,781.30
SYNGENE,SYNGENE INTERNATIONAL LTD,258620,1426.46
TAJGVK,TAJ GVK HOTELS & RESORTS,194161,233.57
TAKE,TAKE SOLUTIONS LTD,763309,404.55
TALBROAUTO,TALBROS AUTO. COMP. LTD,11503,44.19
TANLA,TANLA PLATFORMS LIMITED,177761,2767.88
TARC,TARC LIMITED,577026,263.25
TARMAT,TARMAT LIMITED,27915,21.11
TARSONS,TARSONS PRODUCTS LIMITED,1926,12.08
TASTYBITE,TASTY BITE EATABLES LTD,4155,574.44
TATACHEM,TATA CHEMICALS LTD,1293683,10728.75
TATACOFFEE,TATA COFFEE LIMITED,2225785,4051.40
TATACOMM,TATA COMMUNICATIONS LTD,240767,3013.61
TATACONSUM,TATA CONSUMER PRODUCT LTD,1375681,9912.83
TATAELXSI,TATA ELXSI LIMITED,81952,3096.85
TATAINVEST,TATA INVESTMENT CORP LTD,62235,822.53
TATAMETALI,TATA METALIKS LTD,229254,1797.35
TATAMOTORS,TATA MOTORS LIMITED,8822285,33491.20
TATAMTRDVR,TATA MOTORS DVR 'A' ORD,8803625,14947.22
TATAPOWER,TATA POWER CO LTD,18282941,35257.96
TATASTEEL,TATA STEEL LIMITED,6192422,65391.95
TATASTLBSL,TATA STEEL BSL LIMITED,76335,27.20
TATASTLLP,TATA STEEL LONG PRO LTD,19231,113.35
TATVA,TATVA CHIN PHARM CHEM LTD,37522,801.37
TBZ,TRIB BHIMJI ZAVERI LTD,72195,62.58
TCI,TRANSPORT CORPN OF INDIA,32797,166.25
TCIEXP,TCI EXPRESS LIMITED,14500,227.57
TCNSBRANDS,TCNS CLOTHING CO. LIMITED,26753,176.15
TCPLPACK,TCPL PACKAGING LIMITED,431,2.29
TCS,TATA CONSULTANCY SERV LT,1046582,34440.46
TDPOWERSYS,TD POWER SYSTEMS LTD.,3727,8.00
TEAMLEASE,TEAMLEASE SERVICES LTD.,13324,388.72
TECHM,TECH MAHINDRA LIMITED,295356,4124.34
TECHNOE,TECHNO ELEC & ENG CO. LTD,101096,197.81
TEGA,TEGA INDUSTRIES LIMITED,2051,14.04
TEJASNET,TEJAS NETWORKS LIMITED,20862,78.00
TEXINFRA,TEXMACO INFRA & HOLDG LTD,25922,16.80
TEXMOPIPES,TEXMO PIPE & PRODUCTS LTD,17648,11.95
TEXRAIL,TEXMACO RAIL & ENG. LTD.,529087,141.38
TFCILTD,TOURISM FINANCE CORP. OF,156479,102.82
THANGAMAYL,THANGAMAYIL JEWELLERY LTD,8754,80.47
THEINVEST,THE INVEST TRUST OF IND L,850,0.86
THEMISMED,THEMIS MEDICARE LTD.,100,0.36
THERMAX,THERMAX LTD,29516,459.99
THOMASCOOK,THOMAS COOK (INDIA) LTD,378037,192.48
THYROCARE,THYROCARE TECH LTD,103327,1034.95
TI,TILAKNAGAR INDUSTRIES LTD,1600,0.67
TIDEWATER,TIDE WATER OIL LTD,1904,66.97
TIIL,TECHNOCRAFT IND LTD,14513,93.18
TIINDIA,TUBE INVEST OF INDIA LTD,29345,434.54
TIL,TIL LTD,310,0.51
TIMETECHNO,TIME TECHNOPLAST LTD.,803617,530.81
TIMKEN,TIMKEN INDIA LTD.,90086,1403.12
TINPLATE,THE TINPLATE CO. (I) LTD,575628,1436.11
TIPSINDLTD,TIPS INDUSTRIES LIMITED,30,0.51
TIRUMALCHM,THIRUMALAI CHEMICALS LTD,749866,1656.89
TITAN,TITAN COMPANY LIMITED,224178,4727.31
TNPETRO,TAMILNADU PETROPRODUCTS L,371612,317.18
TNPL,TAMILNADU NEWSPRT & PAPER,203038,260.60
TOKYOPLAST,TOKYO PLAST INTL LTD,1567,1.90
TORNTPHARM,TORRENT PHARMACEUTICALS L,12719,318.40
TORNTPOWER,TORRENT POWER LTD,84223,387.72
TOTAL,TOTAL TRANSPORT SYS LTD,50,0.03
TPLPLASTEH,TPL PLASTECH LIMITED,55032,107.80
TREJHARA,TREJHARA SOLUTIONS LTD,21105,15.36
TRENT,TRENT LTD,130159,1206.97
TRF,TRF LIMITED,50,0.07
TRIDENT,TRIDENT LIMITED,1964359,682.68
TRIGYN,TRIGYN TECHNOLOGIES LTD,35691,48.50
TRIL,TRANS & RECTI. LTD,68904,22.55
TRITURBINE,TRIVENI TURBINE LIMITED,114036,164.22
TRIVENI,TRIVENI ENGG. & INDS. LTD,285001,450.90
TTKHLTCARE,TTK HEALTHCARE LIMITED,17380,75.30
TTKPRESTIG,TTK PRESTIGE LTD,79376,737.12
TTL,T T LIMITED,2100,1.35
TTML,TATA TELESERV(MAHARASTRA),8150,4.47
TV18BRDCST,TV18 BROADCAST LIMITED,10454550,4001.75
TVSELECT,TVS ELECTRONICS LTD,5313,9.98
TVSMOTOR,TVS MOTOR COMPANY  LTD,393584,2394.57
TVSSRICHAK,TVS SRICHAKRA LIMITED,10558,200.37
TVTODAY,TV TODAY NETWORK LTD,89817,328.20
TWL,TITAGARH WAGONS LTD.,426733,335.88
UBL,UNITED BREWERIES LTD,75630,1031.14
UCALFUEL,UCAL FUEL SYSTEMS LTD,28149,40.79
UCOBANK,UCO BANK,5966068,686.46
UFLEX,UFLEX LIMITED,321892,1552.52
UFO,UFO MOVIEZ INDIA LTD.,108213,109.32
UGARSUGAR,THE UGAR SUGAR WORKS LTD,40326,12.35
UGROCAP,UGRO CAPITAL LIMITED,34310,61.06
UJJIVAN,UJJIVAN FIN. SERVC. LTD.,1351442,1941.95
UJJIVANSFB,UJJIVAN SMALL FINANC BANK,7168544,1455.85
ULTRACEMCO,ULTRATECH CEMENT LIMITED,63514,4275.33
UMANGDAIRY,UMANG DAIRIES LIMITED,3867,2.90
UNICHEMLAB,UNICHEM LABORATORIES LTD,74504,174.58
UNIDT,UNITED DRILLING TOOLS LTD,16658,66.16
UNIENTER,UNIPHOS ENTERPRISES LTD,4508,5.46
UNIONBANK,UNION BANK OF INDIA,16363068,6787.93
UNIPLY,UNIPLY INDUSTRIES LIMITED,2005,0.16
UNITECH,UNITECH LTD,15430,0.48
UNITEDTEA,UNITED NILGIRI TEA LTD,402,1.66
UNIVCABLES,UNIVERSAL CABLES LTD,31673,40.30
UNIVPHOTO,UNIVERSUS IMAGINGS LTD,1107,7.43
UPL,UPL LIMITED,952508,6353.83
URJA,URJA GLOBAL LIMITED,65216,9.07
USHAMART,USHA MARTIN LTD.,332817,173.56
UTIAMC,UTI ASSET MNGMT CO LTD,56595,554.70
UTIBANKETF,UTIAMC - UTIBANKETF,1905,0.74
UTTAMSTL,UTTAM GALVA STEELS LTD,2100,0.12
UTTAMSUGAR,UTTAM SUGAR MILLS LTD.,15837,15.94
VADILALIND,VADILAL INDUSTRIES LTD,16387,135.59
VAIBHAVGBL,VAIBHAV GLOBAL LIMITED,146430,662.02
VAISHALI,VAISHALI PHARMA LIMITED,1000,0.36
VAKRANGEE,VAKRANGEE LIMITED,6111634,2324.05
VALIANTORG,VALIANT ORGANICS LIMITED,62811,690.64
VARDHACRLC,VARDHAMAN ACRYLICS LTD,60409,39.45
VARROC,VARROC ENGINEERING LTD.,208031,544.75
VASCONEQ,VASCON ENGINEERS LTD,2200,0.39
VASWANI,VASWANI IND LTD,2000,0.50
VBL,VARUN BEVERAGES LIMITED,115341,883.00
VEDL,VEDANTA LIMITED,7471955,24429.14
VENKEYS,VENKY'S (INDIA) LIMITED,73154,1590.36
VENUSREM,VENUS REMEDIES LIMITED,62735,303.57
VERTOZ,VERTOZ ADVERTISING LTD,32734,37.60
VESUVIUS,VESUVIUS INDIA LTD,13268,141.31
VETO,VETO SWITCHGEAR CABLE LTD,121271,134.97
VGUARD,V-GUARD IND LTD.,600977,1190.50
VHL,VARDHMAN HOLDINGS LIMITED,429,12.01
VIDEOIND,VIDEOCON INDUSTRIES LIMIT,1940,0.08
VIDHIING,VIDHI SPCLTY F INGRDNTS L,206004,454.77
VIJAYA,VIJAYA DIAGNOSTIC CEN LTD,7373,37.99
VIKASECO,VIKAS ECOTECH LIMITED,1250,0.03
VIKASLIFE,VIKAS LIFECARE LIMITED,6480,0.25
VIKASPROP,VIKAS PROP & GRANITE LTD,2000,0.06
VIMTALABS,VIMTA LABS LIMITED,101262,234.57
VINATIORGA,VINATI ORGANICS LTD,68217,1129.34
VINDHYATEL,VINDHYA TELELINKS LTD,25228,208.78
VINYLINDIA,VINYL CHEMICALS (I) LTD.,7766,17.11
VIPIND,VIP INDUSTRIES LTD,143996,692.10
VISAKAIND,VISAKA INDUSTRIES LIMITED,25762,118.21
VISHAL,VISHAL FABRICS LIMITED,6585,3.15
VISHWARAJ,VISHWARAJ SUGAR IND LTD,2409523,1279.59
VIVIMEDLAB,VIVIMED LABS LIMITED,100,0.04
VLSFINANCE,VLS FINANCE LTD,45026,79.24
VMART,VMART RETAIL LTD,15949,556.42
VOLTAMP,VOLTAMP TRANSFORMERS LTD,8403,132.47
VOLTAS,VOLTAS LTD,93399,1008.26
VRLLOG,VRL LOGISTICS LIMITED,51110,148.36
VSSL,VARDHMAN SPC STEEL LTD,79541,122.68
VSTIND,VST INDUSTRIES LTD,5290,157.30
VSTTILLERS,VST TILLERS TRACTORS LTD,15041,342.87
VTL,VARDHMAN TEXTILES LIMITED,54938,1005.87
WABAG,VA TECH WABAG LTD,324061,725.35
WABCOINDIA,WABCO INDIA LIMITED,4604,352.83
WALCHANNAG,WALCHANDNAGAR INDUSTRIES,218567,115.99
WATERBASE,WATERBASE LIMITED,33545,35.05
WEBELSOLAR,WEBSOL ENERGY SYSTEM LTD,120310,135.31
WELCORP,WELSPUN CORP LIMITED,1991814,2977.52
WELENT,WELSPUN ENTERPRISES LTD.,370540,251.80
WELSPUNIND,WELSPUN INDIA LTD,1166959,1419.68
WENDT,WENDT (INDIA) LIMITED,161,6.18
WESTLIFE,WESTLIFE DEVELOPMENT LTD,30157,134.50
WHEELS,WHEELS INDIA LTD,16482,97.42
WHIRLPOOL,WHIRLPOOL OF INDIA LTD,148213,2603.35
WINDLAS,WINDLAS BIOTECH LIMITED,22862,56.98
WINDMACHIN,WINDSOR MACHINES LIMITED,1000,0.28
WINPRO,WINPRO INDUSTRIES LIMITED,150,0.02
WIPRO,WIPRO LTD,1458169,8583.89
WOCKPHARMA,WOCKHARDT LIMITED,955346,3988.39
WONDERLA,WONDERLA HOLIDAYS LTD.,56705,88.89
WORTH,WORTH PERIPHERALS LIMITED,5138,5.13
WSTCSTPAPR,WEST COAST PAPER MILLS LT,209414,480.89
XCHANGING,XCHANGING SOLUTIONS LTD,214094,187.41
XELPMOC,XELPMOC DESIGN & TECH LTD,4537,17.63
YAARI,YAARI DIGI INT SER LTD,472,0.36
YESBANK,YES BANK LIMITED,79853333,9256.41
YUKEN,YUKEN INDIA LIMITED,30,0.19
ZEEL,ZEE ENTERTAINMENT ENT LTD,6195268,18109.91
ZEELEARN,ZEE LEARN LIMITED,338655,50.52
ZEEMEDIA,ZEE MEDIA CORPORATION LTD,5100,0.58
ZENSARTECH,ZENSAR TECHNOLOGIES  LTD,1100584,4464.76
ZENTEC,ZEN TECHNOLOGIES LIMITED,100033,142.01
ZODIAC,ZODIAC ENERGY LIMITED,1000,0.60
ZODIACLOTH,ZODIAC CLOTHING CO. LTD.,6526,6.89
ZOMATO,ZOMATO LIMITED,3874091,4664.71
ZOTA,ZOTA HEALTH CARE LIMITED,4691,10.50
ZUARI,ZUARI AGRO CHEMICALS LTD,22716,27.56
ZUARIGLOB,ZUARI GLOBAL LIMITED,19613,27.07
ZYDUSWELL,ZYDUS WELLNESS LIMITED,51030,1017.09
,,,
 * Figures are rounded to the nearest decimal. ,,,
